symbol,date,entry_time_et,entry_price,stop_loss,target,shares,exit_time_et,exit_price,exit_reason,pnl,pnl_pct,partial_taken,partial_price,partial_shares,partial_pnl
DMRA,2025-01-02,11:12:00,5.21,5.11,5.37,10000,11:14:00,5.44,trail_stop,2332.36,4.48,False,,0,0.00
KORE,2025-01-02,10:38:00,3.20,3.11,3.43,10000,10:39:00,3.10,stop,-1025.30,-3.20,False,,0,0.00
PULM,2025-01-02,10:24:00,7.51,7.39,7.78,10000,10:45:00,7.37,stop,-1396.70,-1.86,False,,0,0.00
RVSN,2025-01-02,10:16:00,2.19,2.11,2.29,10000,10:33:00,2.10,stop,-830.14,-3.80,False,,0,0.00
SPCB,2025-01-02,09:49:00,6.11,5.86,6.73,8185,09:51:00,6.41,trail_stop,2419.93,4.84,False,,0,0.00
TVRD,2025-01-02,10:32:00,5.52,5.31,6.01,10000,12:46:00,5.30,stop,-2210.47,-4.01,False,,0,0.00
WKEY,2025-01-02,09:54:00,9.40,9.13,10.05,7692,11:26:00,10.70,exhaust+trail_stop,8727.80,12.07,True,10.37,3846,3713.74
ATRA,2025-01-03,09:43:00,16.29,15.49,17.90,4645,10:08:00,17.85,trail_stop,7283.53,9.63,False,,0,0.00
BDMD,2025-01-03,10:08:00,6.51,6.24,7.16,7695,10:11:00,7.13,trail_stop,4814.29,9.62,False,,0,0.00
LFWD,2025-01-03,10:54:00,2.46,2.39,2.59,10000,12:28:00,2.67,trail_stop,2070.47,8.41,False,,0,0.00
NVNO,2025-01-03,10:41:00,3.58,3.52,3.68,10000,10:45:00,3.51,stop,-687.51,-1.92,False,,0,0.00
SYNX,2025-01-03,09:42:00,4.62,4.44,5.08,10000,09:50:00,4.80,trail_stop,1755.27,3.80,False,,0,0.00
COEP,2025-01-06,14:19:00,7.25,6.95,7.97,10000,14:34:00,7.88,trail_stop,6322.11,8.72,False,,0,0.00
IDAI,2025-01-06,14:56:00,8.16,8.02,8.37,10000,14:58:00,7.99,stop,-1670.95,-2.05,False,,0,0.00
ORKT,2025-01-06,10:57:00,3.43,3.35,3.63,10000,15:43:00,3.34,stop,-934.80,-2.72,False,,0,0.00
VNCE,2025-01-06,09:41:00,4.90,4.70,5.39,10000,09:53:00,4.69,stop,-2150.12,-4.38,False,,0,0.00
MYSE,2025-01-07,10:48:00,2.86,2.74,3.15,5000,10:55:00,2.73,stop,-668.33,-4.67,False,,0,0.00
TIL,2025-01-07,10:53:00,27.39,26.49,28.64,2000,11:11:00,26.41,stop,-1957.06,-3.57,False,,0,0.00
YSXT,2025-01-07,11:23:00,5.00,4.79,5.45,5000,12:03:00,4.78,stop,-1146.85,-4.58,False,,0,0.00
COEP,2025-01-08,14:42:00,7.32,7.18,7.60,10000,14:57:00,7.15,stop,-1660.43,-2.27,False,,0,0.00
JXG,2025-01-08,14:14:00,3.76,3.56,4.13,10000,14:41:00,3.55,stop,-2068.39,-5.50,False,,0,0.00
MSW,2025-01-10,11:12:00,7.45,7.20,8.05,10000,11:14:00,7.74,trail_stop,2918.32,3.92,False,,0,0.00
PTLE,2025-01-10,09:38:00,13.00,12.74,13.63,8000,09:49:00,13.67,trail_stop,5374.98,5.17,False,,0,0.00
CTEV,2025-01-13,09:36:00,14.76,14.45,15.16,10000,09:38:00,14.41,stop,-3581.00,-2.43,False,,0,0.00
FGL,2025-01-13,14:06:00,2.23,2.19,2.32,10000,14:12:00,2.27,trail_stop,433.05,1.94,False,,0,0.00
GRNQ,2025-01-13,10:03:00,2.05,1.97,2.26,10000,10:06:00,1.96,stop,-899.54,-4.38,False,,0,0.00
LSE,2025-01-13,14:25:00,6.19,5.96,6.66,10000,14:28:00,6.57,trail_stop,3743.57,6.04,False,,0,0.00
MYSE,2025-01-13,10:41:00,5.80,5.52,6.37,10000,10:50:00,6.29,trail_stop,4895.07,8.45,False,,0,0.00
ROLR,2025-01-13,11:01:00,4.19,3.99,4.59,10000,11:08:00,3.98,stop,-2111.55,-5.04,False,,0,0.00
CPIX,2025-01-14,10:02:00,2.67,2.55,2.92,10000,10:59:00,3.28,exhaust+trail_stop,6088.80,22.78,True,3.28,5000,3058.65
FGL,2025-01-14,10:09:00,2.50,2.45,2.64,10000,10:23:00,2.44,stop,-648.35,-2.59,False,,0,0.00
ARQQ,2025-01-15,08:46:00,22.17,21.72,22.85,7407,09:29:00,24.27,exhaust+trail_stop,16615.95,10.12,True,24.56,3703,8842.21
MGIH,2025-01-15,10:16:00,2.05,2.00,2.13,10000,10:25:00,2.11,trail_stop,593.46,2.89,False,,0,0.00
STFS,2025-01-15,10:27:00,16.49,15.89,17.94,3447,10:39:00,17.26,trail_stop,2671.49,4.70,False,,0,0.00
VMAR,2025-01-15,08:46:00,2.04,2.01,2.12,10000,08:54:00,2.14,exhaust+trail_stop,1017.34,4.98,True,2.15,5000,539.80
ARQQ,2025-01-16,09:40:00,25.31,24.10,27.82,2988,09:54:00,27.19,trail_stop,5628.28,7.44,False,,0,0.00
WHLR,2025-01-16,10:54:00,3.23,3.17,3.38,10000,10:57:00,3.16,stop,-727.40,-2.25,False,,0,0.00
ARQQ,2025-01-17,08:43:00,33.55,33.16,34.45,4166,08:51:00,33.06,stop,-2053.84,-1.47,False,,0,0.00
DCOY,2025-01-17,09:46:00,2.93,2.89,3.03,5000,09:52:00,2.99,trail_stop,275.74,1.88,False,,0,0.00
SPCB,2025-01-17,09:49:00,12.11,11.65,13.24,2210,10:08:00,11.61,stop,-1103.77,-4.12,False,,0,0.00
BTCT,2025-01-21,10:12:00,7.78,7.62,8.15,5000,10:21:00,8.02,trail_stop,1202.67,3.09,False,,0,0.00
VATE,2025-01-21,10:38:00,7.32,7.09,7.72,5000,10:41:00,7.07,stop,-1242.90,-3.40,False,,0,0.00
IDAI,2025-01-22,09:36:00,5.20,5.04,5.57,5000,09:39:00,5.02,stop,-851.55,-3.28,False,,0,0.00
BDMD,2025-01-23,10:34:00,9.00,8.72,9.42,5000,10:38:00,8.70,stop,-1509.80,-3.36,False,,0,0.00
SPHL,2025-01-23,10:40:00,2.79,2.75,2.89,5000,10:41:00,2.74,stop,-255.20,-1.83,False,,0,0.00
THCH,2025-01-23,10:39:00,3.30,3.17,3.63,5000,10:59:00,3.16,stop,-724.52,-4.39,False,,0,0.00
TIL,2025-01-23,10:47:00,22.01,21.42,23.21,2083,11:02:00,21.36,stop,-1366.97,-2.98,False,,0,0.00
XCUR,2025-01-23,09:46:00,13.11,12.69,14.14,3658,09:51:00,12.65,stop,-1686.96,-3.52,False,,0,0.00
ELAB,2025-01-24,09:51:00,3.30,3.17,3.63,5000,09:54:00,3.49,trail_stop,955.47,5.79,False,,0,0.00
RNAZ,2025-01-24,10:19:00,8.28,7.94,9.11,4533,10:23:00,8.82,trail_stop,2475.50,6.60,False,,0,0.00
VATE,2025-01-27,10:47:00,11.92,11.62,12.65,3448,11:02:00,11.59,stop,-1161.18,-2.82,False,,0,0.00
JL,2025-01-28,10:00:00,5.81,5.57,6.39,4310,10:12:00,7.23,exhaust+trail_stop,6438.59,25.73,True,7.37,2155,3370.85
JYD,2025-01-28,10:58:00,4.20,4.08,4.37,5000,12:05:00,4.64,trail_stop,2176.70,10.35,False,,0,0.00
NVNI,2025-01-28,14:03:00,5.12,5.00,5.41,5000,15:16:00,5.28,trail_stop,803.30,3.14,False,,0,0.00
RNAZ,2025-01-29,09:48:00,11.01,10.56,12.11,3408,09:58:00,10.53,stop,-1644.97,-4.38,False,,0,0.00
SLXN,2025-01-29,14:33:00,2.95,2.87,3.15,5000,14:39:00,3.05,trail_stop,474.64,3.21,False,,0,0.00
WHLR,2025-01-29,10:58:00,7.08,6.99,7.28,5000,11:03:00,6.97,stop,-540.20,-1.53,False,,0,0.00
ACON,2025-01-30,10:02:00,8.51,8.10,9.35,4443,10:14:00,9.04,trail_stop,2342.58,6.20,False,,0,0.00
AENT,2025-01-30,10:04:00,7.01,6.87,7.35,5000,10:41:00,6.84,stop,-813.98,-2.32,False,,0,0.00
BNGO,2025-01-30,10:21:00,5.68,5.49,6.14,5000,10:59:00,5.47,stop,-1035.72,-3.65,False,,0,0.00
ALGS,2025-01-31,09:54:00,26.27,25.31,28.00,1439,15:00:00,26.62,eod,509.06,1.35,False,,0,0.00
CYCN,2025-01-31,14:02:00,3.59,3.52,3.77,5000,14:17:00,3.68,trail_stop,408.80,2.28,False,,0,0.00
DOMH,2025-01-31,10:23:00,3.60,3.49,3.79,5000,10:36:00,3.81,trail_stop,1031.68,5.73,False,,0,0.00
IMDX,2025-01-31,10:53:00,2.18,2.09,2.40,5000,14:44:00,2.09,stop,-478.29,-4.38,False,,0,0.00
JL,2025-01-31,11:15:00,7.77,7.45,8.54,4832,11:21:00,8.11,trail_stop,1641.36,4.37,False,,0,0.00
REBN,2025-01-31,10:34:00,2.92,2.80,3.21,5000,10:36:00,2.79,stop,-640.65,-4.38,False,,0,0.00
CPIX,2025-02-04,09:10:00,2.41,2.34,2.59,10000,09:32:00,2.33,stop,-794.30,-3.29,False,,0,0.00
PLCE,2025-02-05,09:55:00,10.77,10.47,11.50,6858,15:00:00,11.23,eod,3138.48,4.25,False,,0,0.00
REBN,2025-02-06,11:05:00,4.70,4.59,4.93,10000,11:11:00,4.58,stop,-1250.67,-2.66,False,,0,0.00
DOMH,2025-02-10,10:08:00,4.15,4.01,4.50,10000,10:14:00,4.00,stop,-1560.80,-3.76,False,,0,0.00
MNTS,2025-02-10,10:00:00,5.19,4.97,5.70,9652,10:06:00,5.46,trail_stop,2664.02,5.32,False,,0,0.00
QNTM,2025-02-10,09:49:00,12.48,11.97,13.73,6013,10:14:00,14.20,exhaust+trail_stop,10620.14,14.15,True,14.30,3006,5464.10
DOMH,2025-02-11,10:47:00,8.42,8.21,8.92,10000,10:54:00,8.19,stop,-2330.40,-2.77,False,,0,0.00
DOMH,2025-02-13,10:03:00,8.28,8.02,8.60,10000,10:18:00,8.57,trail_stop,2876.85,3.48,False,,0,0.00
LGCY,2025-02-13,14:08:00,9.82,9.69,10.09,10000,14:10:00,9.66,stop,-1578.83,-1.61,False,,0,0.00
MNTS,2025-02-13,10:45:00,3.85,3.70,4.24,10000,11:22:00,3.68,stop,-1689.38,-4.38,False,,0,0.00
MYSE,2025-02-18,11:20:00,3.09,3.02,3.26,10000,11:24:00,3.01,stop,-791.59,-2.56,False,,0,0.00
AGH,2025-02-19,14:49:00,3.71,3.62,3.93,5000,14:51:00,3.61,stop,-497.92,-2.68,False,,0,0.00
JZXN,2025-02-19,09:59:00,5.26,5.04,5.78,5000,10:24:00,5.62,trail_stop,1812.98,6.90,False,,0,0.00
MRDN,2025-02-19,14:29:00,2.34,2.30,2.43,5000,14:38:00,2.38,trail_stop,203.75,1.74,False,,0,0.00
REBN,2025-02-19,10:35:00,6.29,6.14,6.64,5000,10:42:00,6.12,stop,-823.50,-2.62,False,,0,0.00
AGH,2025-02-20,10:28:00,4.55,4.39,4.78,5000,10:32:00,4.38,stop,-888.60,-3.90,False,,0,0.00
RIME,2025-02-20,11:19:00,3.02,2.96,3.17,5000,12:48:00,2.95,stop,-359.50,-2.38,False,,0,0.00
WOK,2025-02-20,09:43:00,5.94,5.69,6.53,5000,09:47:00,5.68,stop,-1301.04,-4.38,False,,0,0.00
YSXT,2025-02-20,10:56:00,2.72,2.64,2.92,5000,11:12:00,2.63,stop,-452.70,-3.33,False,,0,0.00
CJMB,2025-02-21,14:48:00,5.76,5.60,6.04,10000,14:49:00,5.58,stop,-1725.50,-3.00,False,,0,0.00
NVNI,2025-02-21,09:58:00,2.65,2.58,2.77,10000,10:05:00,2.76,trail_stop,1065.98,4.02,False,,0,0.00
NVNI,2025-02-24,11:01:00,2.59,2.51,2.79,10000,11:08:00,2.50,stop,-902.20,-3.48,False,,0,0.00
SXTP,2025-02-24,14:11:00,2.26,2.20,2.34,10000,14:15:00,2.19,stop,-688.60,-3.04,False,,0,0.00
DOMH,2025-02-25,11:29:00,8.69,8.45,9.26,8695,12:03:00,9.13,trail_stop,3870.63,5.12,False,,0,0.00
FOXX,2025-02-25,10:03:00,5.81,5.53,6.38,10000,11:00:00,5.51,stop,-2927.89,-5.04,False,,0,0.00
LE,2025-02-25,09:02:00,12.99,12.49,14.19,6249,15:00:00,12.97,eod,-142.98,-0.18,False,,0,0.00
MSW,2025-02-25,11:03:00,5.21,5.11,5.43,10000,11:26:00,5.09,stop,-1105.30,-2.12,False,,0,0.00
AGH,2025-02-26,14:28:00,4.83,4.74,5.06,10000,15:00:00,4.92,eod,855.70,1.77,False,,0,0.00
HWH,2025-02-26,10:10:00,2.04,1.97,2.21,10000,10:13:00,1.96,stop,-773.49,-3.79,False,,0,0.00
STAK,2025-02-26,14:19:00,4.37,4.17,4.72,10000,15:43:00,4.16,stop,-2168.80,-4.96,False,,0,0.00
BCG,2025-02-27,11:03:00,2.19,2.10,2.41,10000,11:11:00,3.04,exhaust+trail_stop,6196.90,28.25,True,2.59,5000,1976.04
KPLT,2025-02-27,11:06:00,11.19,10.73,12.31,4472,11:41:00,10.70,stop,-2193.87,-4.38,False,,0,0.00
NTRP,2025-02-27,09:49:00,4.41,4.33,4.59,10000,09:51:00,4.32,stop,-890.92,-2.02,False,,0,0.00
DOMH,2025-03-24,10:05:00,4.64,4.55,4.85,10000,10:37:00,4.93,exhaust+trail_stop,3067.86,6.61,True,4.97,5000,1651.80
MTEN,2025-03-24,10:52:00,6.13,6.04,6.32,10000,11:08:00,6.02,stop,-1028.49,-1.68,False,,0,0.00
GDHG,2025-03-25,10:47:00,2.37,2.29,2.57,10000,11:03:00,2.28,stop,-892.40,-3.76,False,,0,0.00
BIYA,2025-03-27,09:54:00,5.50,5.28,6.05,9094,09:57:00,5.26,stop,-2193.95,-4.38,False,,0,0.00
QNTM,2025-03-27,14:08:00,8.16,7.94,8.51,10000,14:14:00,7.92,stop,-2419.70,-2.97,False,,0,0.00
MYSE,2025-03-28,10:43:00,3.31,3.21,3.46,10000,10:58:00,3.20,stop,-1106.42,-3.34,False,,0,0.00
BIYA,2025-03-31,10:39:00,7.87,7.74,8.17,10000,10:41:00,7.72,stop,-1510.80,-1.92,False,,0,0.00
NWTG,2025-03-31,11:19:00,2.07,2.00,2.25,10000,11:20:00,1.99,stop,-776.70,-3.75,False,,0,0.00
ELAB,2025-05-02,10:29:00,2.85,2.81,2.95,5000,10:31:00,2.80,stop,-256.40,-1.80,False,,0,0.00
RYM,2025-05-02,09:41:00,18.42,17.82,19.37,3945,09:49:00,17.77,stop,-2571.59,-3.54,False,,0,0.00
ULY,2025-05-02,10:48:00,9.87,9.47,10.86,3802,12:10:00,10.50,trail_stop,2388.76,6.37,False,,0,0.00
GDEV,2025-05-05,10:04:00,14.19,13.88,14.90,3518,10:08:00,14.85,trail_stop,2296.43,4.60,False,,0,0.00
AIRS,2025-05-08,09:52:00,2.88,2.80,3.03,5000,09:57:00,2.79,stop,-456.40,-3.17,False,,0,0.00
NDRA,2025-05-09,10:53:00,3.34,3.16,3.67,5000,15:45:00,3.30,force_close,-216.70,-1.30,False,,0,0.00
NTHI,2025-05-09,14:25:00,7.98,7.72,8.35,5000,14:27:00,7.70,stop,-1405.65,-3.52,False,,0,0.00
CPIX,2025-05-12,09:40:00,5.28,5.14,5.54,5000,11:56:00,5.12,stop,-754.45,-2.86,False,,0,0.00
RNAC,2025-05-12,10:23:00,10.67,10.47,11.15,5000,10:30:00,10.44,stop,-1160.35,-2.17,False,,0,0.00
BQ,2025-05-13,14:59:00,2.55,2.50,2.65,5000,15:04:00,2.49,stop,-300.25,-2.35,False,,0,0.00
CDIO,2025-05-13,09:38:00,4.97,4.79,5.39,5000,11:49:00,4.78,stop,-951.15,-3.83,False,,0,0.00
PLAG,2025-05-14,10:35:00,2.38,2.34,2.46,5000,10:40:00,2.53,trail_stop,738.26,6.21,False,,0,0.00
SORA,2025-05-14,09:52:00,6.89,6.60,7.57,3633,10:03:00,6.58,stop,-1096.77,-4.38,False,,0,0.00
SORA,2025-05-15,09:38:00,7.45,7.14,8.19,5000,09:49:00,7.12,stop,-1632.31,-4.38,False,,0,0.00
ARQQ,2025-05-19,10:40:00,22.44,22.10,23.23,3174,10:42:00,22.04,stop,-1281.45,-1.80,False,,0,0.00
BTM,2025-05-19,11:15:00,3.06,3.01,3.16,5000,11:44:00,3.10,trail_stop,223.77,1.46,False,,0,0.00
TIL,2025-05-19,10:36:00,16.47,15.71,18.10,2292,15:46:00,16.39,force_close,-163.76,-0.43,False,,0,0.00
NRXS,2025-05-20,14:40:00,3.79,3.70,4.02,5000,15:02:00,4.04,exhaust+trail_stop,1329.16,7.01,True,4.08,2500,711.28
AIRS,2025-05-21,10:21:00,4.23,4.12,4.47,5000,11:29:00,4.11,stop,-608.02,-2.87,False,,0,0.00
ARQQ,2025-05-21,11:04:00,30.47,29.79,32.10,1538,11:06:00,29.70,stop,-1183.97,-2.53,False,,0,0.00
EDBL,2025-05-21,11:23:00,5.36,5.22,5.68,5000,11:24:00,5.20,stop,-755.05,-2.82,False,,0,0.00
KIDZ,2025-05-21,10:31:00,3.17,3.04,3.49,5000,10:40:00,3.31,trail_stop,674.91,4.25,False,,0,0.00
AIRS,2025-05-22,10:57:00,4.48,4.41,4.66,5000,11:06:00,4.40,stop,-438.55,-1.96,False,,0,0.00
BON,2025-05-22,10:38:00,2.06,1.99,2.24,5000,11:05:00,2.16,trail_stop,496.88,4.82,False,,0,0.00
BTM,2025-05-22,10:56:00,3.60,3.46,3.95,5000,11:15:00,3.45,stop,-769.90,-4.27,False,,0,0.00
RAY,2025-05-22,11:13:00,2.20,2.15,2.33,5000,12:05:00,2.31,trail_stop,515.32,4.68,False,,0,0.00
TIL,2025-05-22,10:25:00,20.52,20.02,21.72,3124,10:45:00,21.91,trail_stop,4327.01,6.75,False,,0,0.00
EDBL,2025-05-23,10:30:00,4.53,4.44,4.76,5000,10:39:00,4.43,stop,-539.25,-2.38,False,,0,0.00
CREX,2025-05-27,14:54:00,3.43,3.40,3.52,5000,15:46:00,3.46,force_close,123.35,0.72,False,,0,0.00
IMNN,2025-05-27,14:26:00,2.02,1.94,2.22,5000,14:31:00,1.93,stop,-443.19,-4.38,False,,0,0.00
TIL,2025-05-27,10:41:00,24.17,23.73,25.05,2857,10:50:00,23.66,stop,-1460.89,-2.12,False,,0,0.00
VATE,2025-05-27,10:53:00,7.91,7.80,8.16,5000,10:56:00,7.78,stop,-656.50,-1.66,False,,0,0.00
ELPW,2025-05-28,09:52:00,5.71,5.47,6.28,5000,09:55:00,5.46,stop,-1250.58,-4.38,False,,0,0.00
FBRX,2025-05-28,10:22:00,11.58,11.29,12.15,5000,10:31:00,11.26,stop,-1643.72,-2.84,False,,0,0.00
NCEL,2025-05-28,10:33:00,2.30,2.21,2.48,5000,15:45:00,2.29,force_close,-50.99,-0.44,False,,0,0.00
TIL,2025-05-28,10:33:00,26.68,25.87,28.63,1280,10:36:00,27.55,trail_stop,1116.42,3.27,False,,0,0.00
VVPR,2025-05-28,11:01:00,6.89,6.70,7.35,5000,11:56:00,7.27,trail_stop,1899.25,5.51,False,,0,0.00
YSXT,2025-05-28,10:22:00,7.84,7.58,8.48,3913,10:35:00,9.14,exhaust+trail_stop,5379.05,17.53,True,9.30,1956,2844.54
ALZN,2025-05-29,09:48:00,7.99,7.61,8.78,3152,09:49:00,7.59,stop,-1254.87,-4.98,False,,0,0.00
QVCGA,2025-05-29,14:44:00,4.95,4.89,5.10,5000,14:56:00,4.88,stop,-398.10,-1.61,False,,0,0.00
IMNN,2025-05-30,09:42:00,2.58,2.48,2.84,5000,09:44:00,2.47,stop,-566.05,-4.38,False,,0,0.00
SAIH,2025-05-30,10:55:00,6.50,6.24,7.15,5000,12:03:00,6.22,stop,-1425.42,-4.38,False,,0,0.00
IQST,2025-06-02,10:17:00,12.20,11.90,12.70,10000,11:24:00,13.15,trail_stop,9519.54,7.80,False,,0,0.00
RAY,2025-06-02,11:22:00,2.98,2.90,3.08,10000,12:47:00,2.89,stop,-916.80,-3.07,False,,0,0.00
NIVF,2025-06-03,10:47:00,3.76,3.66,4.01,10000,10:54:00,4.04,exhaust+trail_stop,2968.28,7.89,True,4.09,5000,1607.20
BAOS,2025-06-04,10:34:00,3.65,3.53,3.93,10000,10:43:00,3.52,stop,-1341.40,-3.67,False,,0,0.00
NA,2025-06-04,14:41:00,6.21,6.02,6.65,10000,14:42:00,6.00,stop,-2036.62,-3.28,False,,0,0.00
PTNM,2025-06-04,10:15:00,5.00,4.86,5.35,10000,10:25:00,5.24,trail_stop,2342.35,4.68,False,,0,0.00
SXTP,2025-06-04,09:45:00,3.20,3.05,3.48,10000,10:38:00,3.51,trail_stop,3048.49,9.52,False,,0,0.00
TOPS,2025-06-04,09:54:00,6.11,6.03,6.26,10000,09:59:00,6.25,trail_stop,1390.08,2.28,False,,0,0.00
VVPR,2025-06-04,10:18:00,5.66,5.59,5.81,10000,10:23:00,5.93,exhaust+trail_stop,2590.17,4.58,True,5.90,5000,1221.75
WHLR,2025-06-04,14:44:00,5.50,5.38,5.76,10000,14:50:00,5.37,stop,-1278.46,-2.33,False,,0,0.00
BHM,2025-06-05,11:15:00,11.85,11.49,12.74,5643,14:27:00,12.47,eod,3488.28,5.22,False,,0,0.00
HYPD,2025-06-05,09:50:00,2.47,2.34,2.70,10000,09:56:00,2.92,exhaust+trail_stop,4282.61,17.31,True,2.88,5000,2030.64
MFI,2025-06-05,09:49:00,2.16,2.10,2.31,10000,10:02:00,2.34,trail_stop,1786.36,8.26,False,,0,0.00
HYPD,2025-06-06,09:40:00,4.60,4.42,5.06,10000,09:41:00,4.40,stop,-2018.48,-4.38,False,,0,0.00
DUO,2025-06-09,09:53:00,3.07,2.99,3.26,10000,10:25:00,2.99,stop,-871.55,-2.84,False,,0,0.00
MNTS,2025-06-09,11:13:00,2.22,2.15,2.40,10000,11:16:00,2.14,stop,-786.70,-3.54,False,,0,0.00
NA,2025-06-09,09:53:00,8.94,8.68,9.56,8022,10:06:00,9.37,trail_stop,3435.48,4.79,False,,0,0.00
TAOX,2025-06-09,09:39:00,3.58,3.40,3.94,10000,09:42:00,3.39,stop,-1953.75,-5.45,False,,0,0.00
TWAV,2025-06-09,09:58:00,3.92,3.81,4.20,10000,10:32:00,4.11,trail_stop,1813.08,4.62,False,,0,0.00
VVPR,2025-06-09,10:52:00,7.06,6.83,7.38,10000,11:19:00,6.81,stop,-2475.60,-3.51,False,,0,0.00
ASPS,2025-06-10,11:24:00,7.91,7.67,8.48,5000,11:52:00,7.65,stop,-1304.55,-3.30,False,,0,0.00
INDO,2025-06-11,14:30:00,3.14,3.06,3.29,5000,14:32:00,3.05,stop,-461.60,-2.94,False,,0,0.00
TAOX,2025-06-11,10:15:00,4.09,3.96,4.29,5000,12:40:00,4.34,trail_stop,1243.76,6.08,False,,0,0.00
CGTL,2025-06-13,10:05:00,2.10,2.04,2.25,10000,10:08:00,2.23,trail_stop,1290.86,6.14,False,,0,0.00
HYPD,2025-06-13,09:45:00,3.09,2.97,3.39,10000,09:52:00,2.96,stop,-1310.03,-4.24,False,,0,0.00
ARQQ,2025-06-16,09:43:00,27.53,26.40,30.28,2727,15:45:00,28.84,force_close,3565.55,4.75,False,,0,0.00
JVA,2025-06-16,14:03:00,4.67,4.55,4.80,10000,15:46:00,4.67,force_close,-46.70,-0.10,False,,0,0.00
LSE,2025-06-16,11:09:00,7.21,6.91,7.93,10000,11:37:00,7.53,trail_stop,3249.36,4.51,False,,0,0.00
TCRT,2025-06-16,11:04:00,3.60,3.46,3.96,10000,11:52:00,4.18,exhaust+trail_stop,5682.06,15.77,True,4.16,5000,2782.00
AGIG,2025-06-17,10:30:00,14.42,14.04,15.19,3225,10:40:00,14.88,trail_stop,1468.76,3.16,False,,0,0.00
BGSF,2025-06-17,10:02:00,5.31,5.24,5.46,5000,10:06:00,5.22,stop,-405.10,-1.53,False,,0,0.00
HYPD,2025-06-17,09:47:00,3.29,3.18,3.47,5000,10:08:00,4.03,exhaust+trail_stop,3387.86,20.58,True,3.91,2500,1542.28
IMDX,2025-06-17,10:33:00,3.09,2.99,3.34,5000,15:49:00,3.15,force_close,285.05,1.84,False,,0,0.00
INDO,2025-06-17,11:22:00,5.31,5.09,5.71,5000,11:27:00,5.07,stop,-1189.89,-4.48,False,,0,0.00
QNTM,2025-06-17,09:49:00,25.02,24.00,27.52,1500,09:56:00,23.93,stop,-1645.50,-4.38,False,,0,0.00
RCON,2025-06-17,14:44:00,2.42,2.36,2.58,5000,14:56:00,2.35,stop,-360.46,-2.98,False,,0,0.00
WTF,2025-06-17,10:23:00,5.71,5.57,6.03,5000,10:36:00,6.88,trail_stop,5889.44,20.64,False,,0,0.00
APVO,2025-06-18,10:24:00,9.51,9.12,10.46,7894,10:25:00,9.09,stop,-3290.69,-4.38,False,,0,0.00
BATL,2025-06-18,10:18:00,2.75,2.69,2.89,10000,10:37:00,2.69,stop,-676.30,-2.46,False,,0,0.00
SST,2025-06-18,11:13:00,5.90,5.66,6.49,8477,11:37:00,6.32,trail_stop,3518.51,7.03,False,,0,0.00
AIFU,2025-06-20,09:49:00,4.39,4.22,4.72,10000,10:24:00,4.68,trail_stop,2870.33,6.53,False,,0,0.00
KYNB,2025-06-20,09:55:00,5.71,5.49,6.11,10000,10:01:00,5.47,stop,-2371.75,-4.15,False,,0,0.00
MFI,2025-06-20,09:50:00,3.89,3.83,4.04,10000,09:54:00,4.02,trail_stop,1301.12,3.34,False,,0,0.00
NCI,2025-06-20,14:23:00,2.15,2.13,2.21,10000,14:38:00,2.12,stop,-305.34,-1.42,False,,0,0.00
PXLW,2025-06-20,10:25:00,7.67,7.48,8.05,10000,10:48:00,7.46,stop,-2101.00,-2.74,False,,0,0.00
TAOP,2025-06-20,10:33:00,4.48,4.34,4.80,10000,10:38:00,5.14,exhaust+trail_stop,6448.94,14.38,True,5.12,5000,3177.60
AGIG,2025-06-23,14:19:00,18.52,18.07,19.59,4651,14:20:00,18.02,stop,-2338.10,-2.71,False,,0,0.00
CIGL,2025-06-23,10:51:00,7.35,7.13,7.76,10000,12:18:00,8.10,exhaust+trail_stop,7673.89,10.44,True,8.13,5000,3913.30
EPSM,2025-06-23,10:11:00,27.04,25.99,29.56,2970,10:34:00,25.91,stop,-3341.19,-4.16,False,,0,0.00
HHS,2025-06-23,14:52:00,3.54,3.45,3.74,10000,15:32:00,3.69,trail_stop,1418.31,4.00,False,,0,0.00
IQST,2025-06-23,10:17:00,10.45,10.23,10.98,9460,10:24:00,10.75,trail_stop,2794.35,2.83,False,,0,0.00
LGL,2025-06-23,09:53:00,8.31,7.85,9.13,9168,09:56:00,8.97,trail_stop,6040.03,7.93,False,,0,0.00
MFI,2025-06-23,10:25:00,4.39,4.24,4.73,10000,10:45:00,4.23,stop,-1666.09,-3.79,False,,0,0.00
MIND,2025-06-23,09:43:00,8.25,7.82,9.07,9201,10:26:00,7.80,stop,-4163.61,-5.48,False,,0,0.00
TPET,2025-06-23,10:59:00,2.03,1.98,2.13,10000,11:05:00,1.97,stop,-594.71,-2.92,False,,0,0.00
WKEY,2025-06-23,10:44:00,5.77,5.54,6.35,10000,15:45:00,5.88,force_close,1064.32,1.84,False,,0,0.00
APVO,2025-06-24,10:24:00,3.56,3.48,3.78,10000,11:50:00,3.78,trail_stop,2164.06,6.07,False,,0,0.00
BAOS,2025-06-24,14:57:00,2.94,2.89,3.05,10000,15:46:00,2.91,force_close,-317.40,-1.08,False,,0,0.00
HYPD,2025-06-24,09:50:00,7.01,6.72,7.71,7142,10:22:00,6.70,stop,-2193.74,-4.38,False,,0,0.00
MFI,2025-06-24,10:31:00,6.04,5.91,6.34,10000,10:40:00,6.34,trail_stop,3060.49,5.07,False,,0,0.00
NA,2025-06-24,10:12:00,24.79,23.78,27.27,2018,10:16:00,23.71,stop,-2193.34,-4.38,False,,0,0.00
COEP,2025-06-25,10:22:00,8.36,8.19,8.68,10000,11:24:00,8.65,trail_stop,2872.85,3.44,False,,0,0.00
FNWB,2025-06-25,10:42:00,6.97,6.71,7.45,10000,15:46:00,6.95,force_close,-169.60,-0.24,False,,0,0.00
MFI,2025-06-25,14:15:00,4.82,4.73,5.04,10000,14:20:00,4.72,stop,-1051.18,-2.18,False,,0,0.00
ULY,2025-06-25,14:43:00,8.16,7.97,8.61,10000,14:46:00,7.95,stop,-2120.60,-2.60,False,,0,0.00
CYN,2025-06-26,10:24:00,19.52,18.72,21.47,3846,10:34:00,22.58,trail_stop,11780.48,15.69,False,,0,0.00
LIVE,2025-06-26,15:02:00,16.60,15.92,18.24,4554,15:45:00,16.40,force_close,-895.23,-1.18,False,,0,0.00
SIF,2025-06-26,14:43:00,3.36,3.25,3.49,10000,15:59:00,3.35,force_close,-133.60,-0.40,False,,0,0.00
TAOX,2025-06-26,10:57:00,4.25,4.15,4.50,10000,11:23:00,4.14,stop,-1159.02,-2.72,False,,0,0.00
VVOS,2025-06-26,09:58:00,3.80,3.69,4.08,10000,09:59:00,3.68,stop,-1248.70,-3.28,False,,0,0.00
YAAS,2025-06-26,11:06:00,5.51,5.28,6.06,10000,11:17:00,5.87,trail_stop,3613.47,6.56,False,,0,0.00
HYPD,2025-06-27,09:45:00,8.71,8.46,9.31,4166,10:05:00,8.43,stop,-1141.82,-3.15,False,,0,0.00
INDP,2025-06-27,10:38:00,10.83,10.32,11.91,3488,14:31:00,11.45,trail_stop,2176.14,5.76,False,,0,0.00
ALOT,2025-06-30,10:17:00,10.36,10.20,10.74,5000,10:36:00,10.86,exhaust+trail_stop,2762.40,5.33,True,10.97,2500,1524.13
CVKD,2025-06-30,09:39:00,12.89,12.66,13.42,5000,09:43:00,13.12,trail_stop,1158.90,1.80,False,,0,0.00
TAOX,2025-06-30,14:26:00,6.86,6.64,7.38,4764,14:51:00,7.16,trail_stop,1452.78,4.45,False,,0,0.00
CLRO,2025-07-01,10:42:00,12.95,12.59,13.83,2857,10:44:00,12.55,stop,-1144.83,-3.09,False,,0,0.00
NGNE,2025-07-01,11:28:00,19.14,18.82,19.89,3333,11:40:00,19.42,trail_stop,944.30,1.48,False,,0,0.00
SLE,2025-07-01,10:23:00,5.07,4.97,5.30,5000,10:25:00,5.30,trail_stop,1166.56,4.60,False,,0,0.00
HUHU,2025-07-02,11:11:00,5.54,5.40,5.77,5000,11:25:00,6.00,trail_stop,2304.48,8.33,False,,0,0.00
HYPD,2025-07-02,10:19:00,12.51,12.21,13.24,5000,10:31:00,12.17,stop,-1695.15,-2.71,False,,0,0.00
IPDN,2025-07-02,14:30:00,3.20,3.10,3.45,5000,14:31:00,3.09,stop,-562.50,-3.51,False,,0,0.00
NAMM,2025-07-02,10:52:00,10.25,10.04,10.72,5000,10:55:00,10.46,trail_stop,1040.75,2.03,False,,0,0.00
ASTI,2025-07-03,09:50:00,2.54,2.45,2.77,5000,10:06:00,2.44,stop,-499.45,-3.93,False,,0,0.00
ECOR,2025-07-03,10:52:00,5.91,5.74,6.31,5000,15:59:00,5.92,force_close,70.50,0.24,False,,0,0.00
FIEE,2025-07-03,14:21:00,3.52,3.44,3.72,5000,14:22:00,3.43,stop,-469.20,-2.66,False,,0,0.00
TIL,2025-07-03,10:45:00,26.33,25.68,27.13,3124,11:01:00,28.02,trail_stop,5289.21,6.43,False,,0,0.00
XCUR,2025-07-03,10:24:00,6.46,6.19,7.10,5000,10:35:00,7.29,exhaust+trail_stop,4532.38,14.04,True,7.44,2500,2458.88
PRPO,2025-07-07,10:26:00,13.98,13.40,15.37,1790,11:27:00,13.36,stop,-1096.63,-4.38,False,,0,0.00
VOR,2025-07-07,10:44:00,2.52,2.45,2.63,5000,11:19:00,2.60,trail_stop,403.18,3.20,False,,0,0.00
AEHL,2025-07-08,14:40:00,3.50,3.43,3.68,5000,15:38:00,3.42,stop,-418.95,-2.39,False,,0,0.00
ELPW,2025-07-08,09:41:00,2.25,2.16,2.48,5000,10:16:00,2.15,stop,-493.65,-4.38,False,,0,0.00
IQST,2025-07-08,10:03:00,10.70,10.32,11.64,4011,10:06:00,10.28,stop,-1670.32,-3.89,False,,0,0.00
MB,2025-07-08,14:24:00,8.91,8.50,9.79,4236,15:45:00,8.71,force_close,-842.54,-2.23,False,,0,0.00
NDRA,2025-07-08,11:15:00,8.36,8.09,8.73,5000,11:16:00,8.07,stop,-1463.10,-3.50,False,,0,0.00
WKHS,2025-07-08,09:41:00,2.09,2.01,2.30,5000,09:44:00,2.26,trail_stop,827.14,7.91,False,,0,0.00
EGG,2025-07-09,09:57:00,7.16,6.96,7.63,5000,09:59:00,7.48,trail_stop,1608.90,4.49,False,,0,0.00
KIDZ,2025-07-09,10:56:00,2.96,2.90,3.11,5000,12:09:00,3.18,exhaust+trail_stop,1118.47,7.55,True,3.19,2500,580.10
LIXT,2025-07-09,10:50:00,2.91,2.83,3.04,5000,11:24:00,2.82,stop,-457.00,-3.14,False,,0,0.00
TIL,2025-07-09,11:05:00,26.72,26.37,27.51,3166,11:06:00,26.30,stop,-1334.83,-1.58,False,,0,0.00
WKHS,2025-07-09,14:37:00,2.92,2.84,3.12,5000,14:55:00,2.83,stop,-455.21,-3.11,False,,0,0.00
AIRI,2025-07-10,10:25:00,3.82,3.73,4.05,5000,10:35:00,3.72,stop,-525.05,-2.75,False,,0,0.00
LIXT,2025-07-10,14:24:00,3.90,3.78,4.20,5000,14:39:00,4.26,exhaust+trail_stop,1943.61,9.96,True,4.33,2500,1065.25
CIX,2025-07-11,14:37:00,28.73,27.22,31.56,881,15:12:00,27.13,stop,-1404.62,-5.55,False,,0,0.00
CYN,2025-07-11,10:15:00,10.41,10.09,11.18,4896,10:25:00,12.02,exhaust+trail_stop,6304.52,12.37,True,11.37,2448,2358.89
DCX,2025-07-11,11:05:00,2.45,2.35,2.70,5000,11:06:00,2.34,stop,-537.53,-4.38,False,,0,0.00
FTFT,2025-07-11,14:57:00,3.39,3.30,3.62,5000,15:02:00,3.29,stop,-516.45,-3.04,False,,0,0.00
SAIH,2025-07-11,11:07:00,8.31,8.07,8.84,5000,11:08:00,8.05,stop,-1296.54,-3.12,False,,0,0.00
WKHS,2025-07-11,10:49:00,3.47,3.42,3.61,5000,11:00:00,3.88,exhaust+trail_stop,1930.63,11.12,True,3.84,2500,916.58
ELAB,2025-07-14,14:16:00,2.76,2.71,2.89,5000,14:19:00,2.83,trail_stop,329.84,2.39,False,,0,0.00
TCRT,2025-07-14,09:44:00,6.10,5.84,6.70,4111,09:58:00,5.82,stop,-1138.32,-4.54,False,,0,0.00
FTFT,2025-07-15,10:39:00,3.06,2.94,3.36,5000,12:25:00,2.93,stop,-659.40,-4.31,False,,0,0.00
HTOO,2025-07-15,10:25:00,4.40,4.29,4.68,5000,10:27:00,4.54,trail_stop,687.17,3.12,False,,0,0.00
LVLU,2025-07-15,10:47:00,5.61,5.38,6.17,4464,11:01:00,5.36,stop,-1096.93,-4.38,False,,0,0.00
LZMH,2025-07-15,11:06:00,5.73,5.59,6.05,5000,11:12:00,5.57,stop,-762.45,-2.66,False,,0,0.00
PXLW,2025-07-15,09:54:00,9.61,9.24,10.51,4166,09:58:00,9.21,stop,-1655.24,-4.13,False,,0,0.00
EPSM,2025-07-16,14:37:00,21.80,21.49,22.45,7692,14:38:00,21.43,stop,-2855.62,-1.70,False,,0,0.00
PHOE,2025-07-16,10:28:00,8.00,7.67,8.80,9385,10:31:00,7.65,stop,-3290.39,-4.38,False,,0,0.00
STG,2025-07-16,09:48:00,12.88,12.63,13.49,8193,10:46:00,13.57,exhaust+trail_stop,6127.23,5.81,True,13.69,4096,3306.00
BGLC,2025-07-17,10:30:00,4.78,4.73,4.91,5000,10:39:00,4.84,trail_stop,281.86,1.18,False,,0,0.00
INKT,2025-07-17,11:10:00,29.32,28.55,30.44,2232,11:16:00,28.46,stop,-1920.74,-2.93,False,,0,0.00
VOR,2025-07-17,10:29:00,2.47,2.42,2.60,5000,10:36:00,2.41,stop,-298.65,-2.42,False,,0,0.00
XCUR,2025-07-17,14:51:00,7.31,7.09,7.51,5000,15:51:00,7.35,force_close,234.50,0.64,False,,0,0.00
BTM,2025-07-18,09:37:00,6.74,6.54,6.99,5000,09:38:00,6.52,stop,-1121.79,-3.33,False,,0,0.00
CYCN,2025-07-18,10:16:00,3.59,3.54,3.68,5000,10:20:00,3.53,stop,-321.05,-1.79,False,,0,0.00
MOB,2025-07-18,10:36:00,3.94,3.83,4.22,5000,15:45:00,3.98,force_close,180.30,0.91,False,,0,0.00
STEM,2025-07-18,14:04:00,13.36,13.07,14.06,3571,14:07:00,13.03,stop,-1187.57,-2.49,False,,0,0.00
VVPR,2025-07-18,10:11:00,8.11,7.95,8.41,5000,10:14:00,7.93,stop,-934.77,-2.30,False,,0,0.00
EMPG,2025-07-21,14:16:00,3.89,3.73,4.28,10000,14:35:00,3.72,stop,-1706.93,-4.38,False,,0,0.00
GVH,2025-07-21,10:17:00,6.18,5.93,6.78,10000,12:03:00,5.91,stop,-2639.60,-4.27,False,,0,0.00
MAXN,2025-07-21,14:04:00,4.25,4.17,4.43,10000,14:35:00,4.16,stop,-952.58,-2.24,False,,0,0.00
STEM,2025-07-21,09:38:00,16.01,15.35,17.60,4689,09:44:00,17.78,trail_stop,8322.58,11.09,False,,0,0.00
AIRS,2025-07-22,10:13:00,6.08,5.92,6.45,5000,10:51:00,5.90,stop,-869.15,-2.86,False,,0,0.00
MAXN,2025-07-22,09:41:00,4.69,4.57,4.99,5000,09:46:00,4.83,trail_stop,679.92,2.90,False,,0,0.00
QVCGA,2025-07-22,10:39:00,3.66,3.53,3.99,5000,10:47:00,4.01,exhaust+trail_stop,1934.45,10.56,True,4.09,2500,1065.85
STEM,2025-07-22,10:06:00,17.40,16.86,17.96,5000,10:22:00,18.00,trail_stop,2988.96,3.44,False,,0,0.00
GCTK,2025-07-23,10:28:00,7.88,7.67,8.25,5000,10:35:00,7.65,stop,-1129.47,-2.87,False,,0,0.00
GENK,2025-07-23,10:17:00,4.38,4.33,4.51,5000,10:28:00,4.53,trail_stop,738.02,3.37,False,,0,0.00
RNAZ,2025-07-23,10:29:00,12.30,12.07,12.79,5000,10:41:00,13.72,exhaust+trail_stop,5953.21,9.68,True,13.26,2500,2402.53
SKLZ,2025-07-23,09:38:00,8.65,8.34,9.42,4906,09:57:00,8.31,stop,-1664.93,-3.92,False,,0,0.00
ATHR,2025-07-24,09:56:00,7.78,7.46,8.55,4826,09:57:00,7.44,stop,-1645.41,-4.38,False,,0,0.00
CVM,2025-07-24,10:31:00,7.05,6.81,7.40,5000,11:04:00,7.38,trail_stop,1643.63,4.66,False,,0,0.00
AIM,2025-07-28,10:47:00,12.93,12.49,14.01,3489,10:48:00,12.45,stop,-1675.73,-3.71,False,,0,0.00
PDC,2025-07-28,10:18:00,2.69,2.62,2.84,5000,10:22:00,2.77,trail_stop,394.40,2.93,False,,0,0.00
SCLX,2025-07-28,11:14:00,15.01,14.69,15.79,3225,11:39:00,15.32,trail_stop,980.09,2.02,False,,0,0.00
XXII,2025-07-28,10:41:00,3.57,3.47,3.82,5000,10:52:00,3.46,stop,-569.90,-3.19,False,,0,0.00
ELPW,2025-07-29,10:36:00,3.80,3.59,4.18,5000,10:42:00,3.58,stop,-1111.35,-5.85,False,,0,0.00
CVM,2025-07-30,11:12:00,8.60,8.34,9.21,5000,11:29:00,8.98,trail_stop,1904.00,4.43,False,,0,0.00
EMPG,2025-07-30,09:37:00,4.48,4.28,4.81,5000,09:39:00,4.27,stop,-1086.60,-4.85,False,,0,0.00
MGRT,2025-07-30,09:50:00,3.13,3.02,3.41,5000,09:51:00,3.01,stop,-610.95,-3.90,False,,0,0.00
PC,2025-07-30,11:12:00,6.97,6.75,7.51,5000,11:14:00,7.43,trail_stop,2270.13,6.51,False,,0,0.00
RCON,2025-07-30,09:41:00,2.49,2.44,2.59,5000,09:42:00,2.43,stop,-253.54,-2.04,False,,0,0.00
TOYO,2025-07-30,09:48:00,4.84,4.57,5.28,5000,15:47:00,4.96,force_close,614.34,2.54,False,,0,0.00
EMPG,2025-07-31,11:18:00,5.05,4.91,5.37,5000,11:31:00,5.19,trail_stop,721.53,2.86,False,,0,0.00
HCTI,2025-08-01,10:34:00,3.89,3.77,4.19,10000,10:42:00,4.06,trail_stop,1705.91,4.38,False,,0,0.00
BTBD,2025-08-04,11:25:00,4.04,3.84,4.42,10000,11:32:00,4.29,trail_stop,2490.02,6.16,False,,0,0.00
LTRN,2025-08-04,10:37:00,5.31,5.19,5.44,10000,10:42:00,5.17,stop,-1338.61,-2.52,False,,0,0.00
PPIH,2025-08-04,09:59:00,24.02,23.49,24.80,6451,10:05:00,24.80,trail_stop,5014.83,3.24,False,,0,0.00
RCON,2025-08-04,14:28:00,3.14,3.06,3.32,10000,15:49:00,3.15,force_close,118.60,0.38,False,,0,0.00
VHC,2025-08-04,14:26:00,16.26,15.37,17.83,4758,15:59:00,16.38,force_close,588.85,0.76,False,,0,0.00
SPCB,2025-08-05,14:40:00,10.36,10.19,10.75,10000,14:53:00,10.15,stop,-2058.05,-1.99,False,,0,0.00
AIMD,2025-08-06,09:38:00,3.91,3.75,4.31,10000,09:41:00,3.74,stop,-1726.68,-4.41,False,,0,0.00
ELPW,2025-08-07,09:40:00,4.40,4.23,4.80,10000,10:13:00,4.22,stop,-1820.85,-4.14,False,,0,0.00
LZMH,2025-08-07,11:11:00,3.19,3.05,3.51,10000,11:48:00,3.04,stop,-1495.48,-4.68,False,,0,0.00
MCRB,2025-08-07,09:36:00,15.75,15.36,16.20,10000,09:38:00,15.31,stop,-4323.08,-2.75,False,,0,0.00
QVCGA,2025-08-07,10:31:00,3.98,3.82,4.38,10000,10:46:00,3.81,stop,-1746.42,-4.38,False,,0,0.00
HYPD,2025-08-08,14:04:00,7.53,7.44,7.73,10000,14:07:00,7.65,trail_stop,1219.43,1.62,False,,0,0.00
MOB,2025-08-11,10:29:00,3.90,3.81,4.09,10000,10:41:00,3.99,trail_stop,861.94,2.21,False,,0,0.00
NEPH,2025-08-11,09:41:00,4.27,4.11,4.51,10000,10:13:00,4.44,trail_stop,1665.97,3.90,False,,0,0.00
ONEG,2025-08-11,10:35:00,8.23,7.85,9.05,6112,10:36:00,7.83,stop,-2438.56,-4.85,False,,0,0.00
DOGZ,2025-08-13,10:12:00,9.66,9.27,10.61,7885,10:29:00,10.58,trail_stop,7229.50,9.49,False,,0,0.00
DOMH,2025-08-13,09:43:00,7.42,7.15,8.07,10000,10:04:00,7.13,stop,-2888.60,-3.89,False,,0,0.00
HIND,2025-08-13,14:16:00,3.07,2.96,3.35,10000,15:09:00,3.41,trail_stop,3338.09,10.86,False,,0,0.00
LINK,2025-08-13,11:18:00,6.91,6.62,7.60,10000,11:47:00,6.60,stop,-3098.11,-4.49,False,,0,0.00
MRM,2025-08-13,09:45:00,2.51,2.46,2.61,10000,09:47:00,2.45,stop,-598.90,-2.38,False,,0,0.00
OKUR,2025-08-13,10:04:00,2.39,2.36,2.47,10000,10:06:00,2.35,stop,-394.70,-1.65,False,,0,0.00
REBN,2025-08-13,10:26:00,2.90,2.82,3.11,10000,10:31:00,2.81,stop,-941.52,-3.24,False,,0,0.00
YSXT,2025-08-13,10:05:00,2.50,2.46,2.60,10000,10:06:00,2.45,stop,-498.80,-1.99,False,,0,0.00
AAME,2025-08-14,09:55:00,2.85,2.73,3.14,10000,09:56:00,2.72,stop,-1347.25,-4.72,False,,0,0.00
BDMD,2025-08-14,10:08:00,3.18,3.06,3.48,10000,10:14:00,3.53,trail_stop,3433.29,10.79,False,,0,0.00
BMRA,2025-08-14,10:00:00,3.92,3.78,4.27,10000,10:04:00,4.17,trail_stop,2496.02,6.36,False,,0,0.00
DOGZ,2025-08-14,10:04:00,11.56,11.29,12.09,10000,10:17:00,11.89,trail_stop,3311.15,2.86,False,,0,0.00
HIND,2025-08-14,10:03:00,3.64,3.45,4.00,10000,10:13:00,4.15,trail_stop,5082.31,13.95,False,,0,0.00
SNGX,2025-08-14,10:53:00,2.89,2.86,2.98,10000,10:58:00,2.85,stop,-454.58,-1.57,False,,0,0.00
MCRP,2025-08-15,09:56:00,2.42,2.34,2.59,10000,10:07:00,2.33,stop,-876.43,-3.62,False,,0,0.00
KYNB,2025-08-18,10:32:00,10.71,10.51,11.13,5000,10:40:00,10.48,stop,-1136.12,-2.12,False,,0,0.00
NUWE,2025-08-18,11:12:00,6.50,6.33,6.86,5000,11:15:00,6.31,stop,-951.33,-2.93,False,,0,0.00
SNGX,2025-08-18,10:53:00,5.06,4.85,5.56,5000,10:54:00,4.83,stop,-1107.97,-4.38,False,,0,0.00
EFOI,2025-08-20,09:39:00,2.30,2.24,2.39,10000,10:23:00,2.24,stop,-659.29,-2.86,False,,0,0.00
MSW,2025-08-20,14:10:00,2.05,1.97,2.26,10000,14:16:00,1.96,stop,-899.54,-4.38,False,,0,0.00
APLM,2025-08-21,10:32:00,6.21,5.95,6.83,8064,13:19:00,5.93,stop,-2193.86,-4.38,False,,0,0.00
ELAB,2025-08-22,14:01:00,2.62,2.53,2.74,10000,14:03:00,2.52,stop,-944.04,-3.61,False,,0,0.00
TCRT,2025-08-22,10:07:00,2.20,2.11,2.42,10000,10:13:00,2.62,exhaust+trail_stop,3755.63,17.05,True,2.54,5000,1681.50
VELO,2025-08-22,14:11:00,4.14,4.09,4.27,10000,14:16:00,4.38,exhaust+trail_stop,2402.37,5.80,True,4.39,5000,1229.30
WYY,2025-08-22,10:50:00,4.21,4.10,4.33,10000,11:24:00,4.09,stop,-1264.10,-3.00,False,,0,0.00
GWAV,2025-08-25,10:12:00,8.58,8.23,9.44,8751,10:21:00,8.20,stop,-3290.83,-4.38,False,,0,0.00
AGMH,2025-08-26,15:08:00,2.66,2.55,2.93,10000,15:14:00,2.55,stop,-1167.21,-4.38,False,,0,0.00
PHOE,2025-08-27,09:48:00,9.74,9.46,10.40,7547,10:00:00,10.18,trail_stop,3357.62,4.57,False,,0,0.00
QVCGA,2025-08-27,10:01:00,5.97,5.75,6.49,9523,11:50:00,6.26,trail_stop,2754.60,4.85,False,,0,0.00
NEUP,2025-08-28,11:24:00,11.39,11.16,11.75,10000,11:28:00,11.12,stop,-2692.47,-2.36,False,,0,0.00
EFTY,2025-08-29,09:52:00,6.45,6.29,6.82,10000,11:43:00,6.27,stop,-1753.10,-2.72,False,,0,0.00
SMX,2025-08-29,10:39:00,2.17,2.10,2.32,10000,10:44:00,2.09,stop,-784.70,-3.61,False,,0,0.00
VIVS,2025-08-29,14:16:00,2.38,2.28,2.62,10000,15:45:00,2.50,force_close,1190.21,5.00,False,,0,0.00
CWD,2025-09-02,11:05:00,3.43,3.37,3.58,10000,11:27:00,3.36,stop,-715.38,-2.08,False,,0,0.00
GCTK,2025-09-02,11:07:00,4.95,4.86,5.16,10000,11:23:00,5.09,trail_stop,1447.80,2.92,False,,0,0.00
HWH,2025-09-02,11:27:00,6.78,6.50,7.45,10000,11:32:00,7.14,trail_stop,3641.73,5.37,False,,0,0.00
INHD,2025-09-02,10:02:00,5.76,5.55,6.25,10000,13:12:00,5.54,stop,-2204.06,-3.83,False,,0,0.00
UUU,2025-09-02,10:59:00,6.17,5.99,6.59,10000,11:01:00,5.97,stop,-1941.30,-3.15,False,,0,0.00
VSME,2025-09-02,10:52:00,2.37,2.30,2.55,10000,11:00:00,2.29,stop,-792.70,-3.34,False,,0,0.00
AEI,2025-09-03,14:12:00,2.04,2.01,2.12,10000,14:14:00,2.00,stop,-380.70,-1.86,False,,0,0.00
AIHS,2025-09-03,09:48:00,5.00,4.80,5.50,10000,09:56:00,6.14,trail_stop,11315.35,22.61,False,,0,0.00
KLRS,2025-09-03,14:30:00,4.35,4.26,4.58,10000,15:43:00,4.48,trail_stop,1278.13,2.94,False,,0,0.00
LCFY,2025-09-03,14:52:00,6.39,6.12,7.02,10000,15:14:00,6.63,trail_stop,2420.95,3.79,False,,0,0.00
SINT,2025-09-03,11:23:00,4.98,4.80,5.43,10000,14:12:00,5.23,trail_stop,2443.05,4.90,False,,0,0.00
STI,2025-09-03,14:06:00,6.44,6.17,7.08,7776,14:34:00,6.15,stop,-2193.99,-4.38,False,,0,0.00
UPC,2025-09-03,10:15:00,4.10,3.94,4.51,10000,10:19:00,4.31,trail_stop,2045.35,4.98,False,,0,0.00
VIVS,2025-09-03,11:24:00,2.65,2.61,2.75,10000,11:36:00,2.60,stop,-503.80,-1.90,False,,0,0.00
EMPG,2025-09-04,14:51:00,9.64,9.50,9.96,10000,15:02:00,9.47,stop,-1681.30,-1.74,False,,0,0.00
NBY,2025-09-04,09:45:00,3.07,2.99,3.27,10000,10:05:00,3.29,exhaust+trail_stop,2391.15,7.78,True,3.34,5000,1312.15
NCI,2025-09-04,10:29:00,2.26,2.21,2.39,10000,10:40:00,2.36,trail_stop,983.77,4.35,False,,0,0.00
PTNM,2025-09-04,09:56:00,2.22,2.13,2.44,10000,13:53:00,2.12,stop,-974.14,-4.38,False,,0,0.00
HOUR,2025-09-05,10:47:00,4.93,4.73,5.43,5000,10:50:00,5.18,trail_stop,1236.73,5.01,False,,0,0.00
INHD,2025-09-05,10:03:00,10.14,9.80,10.97,4545,10:05:00,9.77,stop,-1679.51,-3.64,False,,0,0.00
CIGL,2025-09-08,14:25:00,4.90,4.84,5.05,5000,14:28:00,5.01,trail_stop,525.62,2.14,False,,0,0.00
INHD,2025-09-08,14:01:00,7.49,7.29,7.96,5000,14:11:00,8.25,exhaust+trail_stop,3650.22,9.75,True,8.19,2500,1752.80
LVLU,2025-09-08,14:31:00,4.30,4.18,4.56,5000,14:45:00,4.16,stop,-689.63,-3.21,False,,0,0.00
MCRB,2025-09-08,09:39:00,23.43,22.79,24.98,2418,09:40:00,22.72,stop,-1721.08,-3.04,False,,0,0.00
RAIN,2025-09-08,11:24:00,6.09,5.81,6.69,4129,12:34:00,5.79,stop,-1205.50,-4.80,False,,0,0.00
SBC,2025-09-08,10:30:00,4.52,4.41,4.65,5000,11:37:00,4.73,trail_stop,1033.62,4.57,False,,0,0.00
PTNM,2025-09-09,09:44:00,3.13,3.00,3.45,5000,09:57:00,3.36,trail_stop,1142.12,7.29,False,,0,0.00
PXLW,2025-09-09,10:06:00,11.20,10.97,11.53,5000,10:07:00,10.94,stop,-1320.50,-2.36,False,,0,0.00
VIVS,2025-09-09,14:36:00,2.94,2.90,3.04,5000,14:49:00,3.03,trail_stop,426.03,2.89,False,,0,0.00
AEI,2025-09-10,10:39:00,2.25,2.20,2.35,5000,11:42:00,2.38,trail_stop,643.18,5.71,False,,0,0.00
AENT,2025-09-10,14:47:00,7.25,6.94,7.97,5000,14:56:00,6.92,stop,-1646.84,-4.54,False,,0,0.00
LE,2025-09-10,09:39:00,15.71,15.09,16.53,4545,15:45:00,15.36,force_close,-1593.89,-2.23,False,,0,0.00
QNTM,2025-09-10,10:45:00,16.81,16.09,18.49,1491,11:03:00,16.04,stop,-1150.10,-4.59,False,,0,0.00
REVB,2025-09-10,11:20:00,2.45,2.42,2.54,5000,11:28:00,2.41,stop,-228.48,-1.86,False,,0,0.00
WLDS,2025-09-10,11:11:00,5.72,5.47,6.29,4385,11:15:00,6.41,trail_stop,3030.92,12.09,False,,0,0.00
AEI,2025-09-11,11:04:00,2.95,2.88,3.13,5000,12:54:00,3.15,trail_stop,969.16,6.56,False,,0,0.00
HYPD,2025-09-11,11:29:00,12.21,12.07,12.53,5000,11:33:00,12.04,stop,-871.61,-1.43,False,,0,0.00
IPDN,2025-09-11,10:17:00,3.07,3.00,3.25,5000,10:59:00,2.99,stop,-409.85,-2.67,False,,0,0.00
TRNR,2025-09-11,10:22:00,3.37,3.29,3.57,5000,10:27:00,3.49,trail_stop,564.35,3.35,False,,0,0.00
EVTV,2025-09-12,14:56:00,3.97,3.86,4.09,5000,15:00:00,4.15,trail_stop,866.90,4.36,False,,0,0.00
FOFO,2025-09-12,14:55:00,14.48,13.73,15.91,1748,14:56:00,13.69,stop,-1389.40,-5.49,False,,0,0.00
FTFT,2025-09-12,14:48:00,3.37,3.28,3.49,5000,15:01:00,3.27,stop,-507.58,-3.01,False,,0,0.00
GCTK,2025-09-12,10:10:00,8.79,8.51,9.24,5000,10:11:00,8.48,stop,-1516.04,-3.45,False,,0,0.00
GDTC,2025-09-12,14:52:00,2.25,2.22,2.33,5000,15:25:00,2.21,stop,-194.55,-1.73,False,,0,0.00
HUHU,2025-09-12,11:12:00,8.06,7.80,8.43,5000,12:30:00,7.78,stop,-1407.25,-3.49,False,,0,0.00
MGIH,2025-09-12,10:29:00,2.43,2.40,2.51,5000,10:42:00,2.39,stop,-198.15,-1.63,False,,0,0.00
YDES,2025-09-12,10:40:00,24.32,23.99,25.10,4838,10:57:00,23.92,stop,-1965.53,-1.67,False,,0,0.00
AEI,2025-09-15,09:43:00,2.92,2.85,3.05,5000,09:48:00,2.84,stop,-407.35,-2.79,False,,0,0.00
CNSP,2025-09-15,10:48:00,8.35,8.02,9.15,4686,14:08:00,8.90,trail_stop,2607.88,6.67,False,,0,0.00
IHT,2025-09-15,14:15:00,3.26,3.19,3.44,5000,14:20:00,3.18,stop,-414.15,-2.54,False,,0,0.00
MBAI,2025-09-15,14:03:00,2.59,2.51,2.79,5000,14:07:00,2.50,stop,-450.60,-3.48,False,,0,0.00
AEI,2025-09-16,14:03:00,4.39,4.31,4.59,5000,14:05:00,4.30,stop,-484.10,-2.20,False,,0,0.00
APLM,2025-09-16,09:58:00,11.83,11.24,13.00,3202,10:03:00,11.21,stop,-1986.98,-5.25,False,,0,0.00
BOXL,2025-09-16,14:10:00,3.12,3.00,3.44,5000,14:14:00,2.99,stop,-684.53,-4.38,False,,0,0.00
FGI,2025-09-16,10:39:00,8.91,8.54,9.80,2808,10:55:00,10.46,exhaust+trail_stop,4420.20,17.67,True,10.51,1404,2247.94
HYPD,2025-09-16,10:10:00,12.50,12.11,13.45,2631,11:16:00,12.07,stop,-1128.23,-3.43,False,,0,0.00
OPTX,2025-09-16,15:08:00,2.10,2.04,2.26,5000,15:19:00,2.03,stop,-347.58,-3.31,False,,0,0.00
AIXC,2025-09-17,10:15:00,2.55,2.47,2.77,5000,10:19:00,2.46,stop,-474.72,-3.72,False,,0,0.00
NIVF,2025-09-17,14:25:00,2.30,2.27,2.38,5000,14:27:00,2.26,stop,-195.55,-1.70,False,,0,0.00
APVO,2025-09-18,10:01:00,2.30,2.24,2.45,5000,10:06:00,2.23,stop,-345.10,-3.00,False,,0,0.00
DUO,2025-09-18,14:01:00,3.95,3.79,4.35,5000,14:06:00,3.78,stop,-866.63,-4.38,False,,0,0.00
HYPD,2025-09-18,10:50:00,13.56,13.28,14.24,3694,10:52:00,13.24,stop,-1197.18,-2.39,False,,0,0.00
TAOX,2025-09-18,11:26:00,6.62,6.50,6.87,5000,12:15:00,6.86,trail_stop,1230.65,3.72,False,,0,0.00
BIAF,2025-09-19,10:20:00,4.88,4.75,5.21,5000,11:11:00,4.73,stop,-755.06,-3.09,False,,0,0.00
FGI,2025-09-19,10:02:00,8.62,8.34,9.31,5000,10:07:00,8.31,stop,-1543.17,-3.58,False,,0,0.00
SCLX,2025-09-19,10:24:00,29.29,28.71,30.39,2272,10:32:00,28.62,stop,-1511.77,-2.27,False,,0,0.00
ARBB,2025-09-22,14:56:00,10.87,10.42,11.96,3453,15:00:00,11.51,trail_stop,2211.63,5.89,False,,0,0.00
USGO,2025-09-22,09:55:00,10.76,10.38,11.51,3333,09:56:00,10.35,stop,-1369.83,-3.82,False,,0,0.00
AGH,2025-09-23,09:47:00,2.52,2.48,2.62,5000,09:53:00,2.65,trail_stop,627.96,4.98,False,,0,0.00
CTW,2025-09-23,11:01:00,2.34,2.28,2.44,5000,11:28:00,2.54,exhaust+trail_stop,1045.01,8.92,True,2.56,2500,553.15
DBGI,2025-09-24,11:11:00,6.51,6.33,6.78,5000,11:19:00,6.31,stop,-977.45,-3.00,False,,0,0.00
LTRN,2025-09-24,10:16:00,4.49,4.35,4.86,5000,10:21:00,4.33,stop,-812.62,-3.62,False,,0,0.00
AGH,2025-09-25,10:58:00,2.18,2.09,2.40,10000,11:17:00,2.28,trail_stop,929.95,4.26,False,,0,0.00
FOFO,2025-09-25,10:50:00,28.03,27.22,29.30,3921,11:02:00,31.00,exhaust+trail_stop,12442.53,11.32,True,31.40,1960,6609.12
SPRC,2025-09-25,14:30:00,5.47,5.39,5.63,10000,14:37:00,5.53,trail_stop,624.46,1.14,False,,0,0.00
WHLR,2025-09-25,14:33:00,7.01,6.87,7.33,10000,14:43:00,6.85,stop,-1576.10,-2.25,False,,0,0.00
BBLG,2025-09-26,11:09:00,2.45,2.39,2.60,10000,11:21:00,2.38,stop,-704.18,-2.87,False,,0,0.00
INDP,2025-09-26,14:27:00,4.02,3.82,4.42,10000,14:34:00,3.81,stop,-2146.82,-5.34,False,,0,0.00
MRM,2025-09-26,14:24:00,2.91,2.83,3.11,10000,15:10:00,3.11,trail_stop,1948.29,6.69,False,,0,0.00
RYOJ,2025-09-26,11:06:00,2.39,2.34,2.48,10000,11:16:00,2.50,trail_stop,1065.01,4.45,False,,0,0.00
MNDR,2025-09-30,10:28:00,4.50,4.39,4.77,10000,10:32:00,4.38,stop,-1248.78,-2.77,False,,0,0.00
YAAS,2025-09-30,11:08:00,3.18,3.12,3.32,10000,11:11:00,3.11,stop,-775.25,-2.44,False,,0,0.00
SCLX,2025-10-01,10:18:00,19.84,19.37,20.78,3987,10:42:00,19.32,stop,-2101.73,-2.66,False,,0,0.00
AQMS,2025-10-02,09:52:00,7.47,7.23,7.88,5000,10:55:00,7.21,stop,-1305.72,-3.50,False,,0,0.00
BQ,2025-10-02,10:41:00,11.35,10.89,12.49,2204,10:57:00,11.90,trail_stop,1207.38,4.83,False,,0,0.00
BRLS,2025-10-02,14:28:00,4.36,4.19,4.80,5000,14:38:00,4.17,stop,-956.56,-4.38,False,,0,0.00
CTW,2025-10-02,10:18:00,2.43,2.36,2.53,5000,10:45:00,2.35,stop,-397.55,-3.27,False,,0,0.00
KLRS,2025-10-02,10:05:00,6.90,6.57,7.58,3654,12:28:00,7.27,trail_stop,1354.73,5.38,False,,0,0.00
PHOE,2025-10-02,11:04:00,10.21,9.91,10.82,4081,11:12:00,9.88,stop,-1346.44,-3.23,False,,0,0.00
QCLS,2025-10-02,10:35:00,4.65,4.54,4.93,5000,10:46:00,4.53,stop,-641.35,-2.76,False,,0,0.00
QNTM,2025-10-02,14:38:00,18.95,18.48,19.59,3921,14:59:00,18.43,stop,-2036.51,-2.74,False,,0,0.00
EPSM,2025-10-03,09:48:00,18.42,17.89,19.69,1960,09:52:00,20.99,exhaust+trail_stop,5023.32,13.91,True,20.97,980,2500.57
MRM,2025-10-03,09:58:00,2.24,2.20,2.32,5000,10:10:00,2.19,stop,-244.20,-2.18,False,,0,0.00
QCLS,2025-10-03,11:21:00,5.69,5.62,5.83,5000,11:27:00,5.60,stop,-410.20,-1.44,False,,0,0.00
XELB,2025-10-03,09:41:00,2.46,2.34,2.71,5000,10:08:00,2.34,stop,-629.43,-5.11,False,,0,0.00
BTM,2025-10-06,10:52:00,4.59,4.51,4.76,5000,10:55:00,4.50,stop,-465.58,-2.03,False,,0,0.00
CLRB,2025-10-06,09:43:00,6.51,6.32,6.90,5000,09:47:00,6.30,stop,-1014.34,-3.12,False,,0,0.00
EPSM,2025-10-06,11:13:00,29.48,28.99,30.58,2272,11:16:00,28.90,stop,-1309.63,-1.96,False,,0,0.00
OKUR,2025-10-06,09:53:00,3.03,2.89,3.33,5000,15:45:00,3.02,force_close,-40.12,-0.27,False,,0,0.00
VSME,2025-10-06,10:30:00,2.45,2.35,2.70,5000,10:32:00,2.57,trail_stop,591.81,4.83,False,,0,0.00
ADGM,2025-10-07,14:55:00,2.28,2.21,2.46,5000,15:52:00,2.36,force_close,393.60,3.45,False,,0,0.00
PC,2025-10-07,09:37:00,11.08,10.69,11.64,5000,09:59:00,10.66,stop,-2090.18,-3.77,False,,0,0.00
ZNB,2025-10-07,14:27:00,3.32,3.23,3.56,5000,14:30:00,3.22,stop,-539.97,-3.25,False,,0,0.00
ACXP,2025-10-08,14:47:00,8.14,7.83,8.89,3333,14:50:00,7.81,stop,-1105.29,-4.07,False,,0,0.00
BIAF,2025-10-08,10:26:00,3.21,3.14,3.39,5000,10:36:00,3.13,stop,-413.15,-2.57,False,,0,0.00
LNZA,2025-10-08,10:29:00,27.91,26.48,30.67,906,15:51:00,30.00,force_close,1895.46,7.50,False,,0,0.00
NERV,2025-10-08,09:56:00,2.57,2.53,2.67,5000,10:01:00,2.67,trail_stop,484.14,3.76,False,,0,0.00
PXLW,2025-10-08,09:49:00,12.81,12.55,13.15,5000,10:42:00,13.31,trail_stop,2496.84,3.90,False,,0,0.00
UPC,2025-10-08,11:13:00,10.15,9.73,11.16,3697,11:15:00,9.71,stop,-1644.96,-4.38,False,,0,0.00
BAOS,2025-10-09,10:54:00,4.80,4.72,5.00,5000,11:06:00,4.71,stop,-494.80,-2.06,False,,0,0.00
BJDX,2025-10-09,11:11:00,3.46,3.36,3.71,5000,11:16:00,3.35,stop,-567.70,-3.28,False,,0,0.00
INDP,2025-10-09,10:37:00,4.86,4.67,5.11,5000,10:45:00,4.66,stop,-1044.35,-4.29,False,,0,0.00
TCRT,2025-10-09,10:26:00,4.00,3.87,4.33,5000,11:09:00,3.86,stop,-736.03,-3.68,False,,0,0.00
GWAV,2025-10-10,14:48:00,7.64,7.29,8.31,3703,15:00:00,7.27,stop,-1368.26,-4.84,False,,0,0.00
INDP,2025-10-10,09:48:00,4.74,4.61,5.06,5000,09:53:00,4.60,stop,-732.84,-3.09,False,,0,0.00
OPTX,2025-10-10,11:17:00,2.17,2.13,2.26,5000,11:22:00,2.13,stop,-225.35,-2.08,False,,0,0.00
AQMS,2025-10-13,09:39:00,6.81,6.61,7.29,10000,09:45:00,7.16,trail_stop,3504.64,5.15,False,,0,0.00
FNUC,2025-10-13,10:43:00,5.23,5.14,5.41,10000,10:50:00,5.34,trail_stop,1134.71,2.17,False,,0,0.00
IPDN,2025-10-13,09:43:00,3.29,3.25,3.38,10000,09:47:00,3.57,exhaust+trail_stop,2517.72,7.66,True,3.51,5000,1108.58
LITM,2025-10-13,10:43:00,5.23,5.14,5.41,10000,10:50:00,5.34,trail_stop,1134.71,2.17,False,,0,0.00
NDRA,2025-10-13,10:26:00,8.11,7.93,8.41,10000,10:28:00,8.39,trail_stop,2785.39,3.43,False,,0,0.00
NVNI,2025-10-13,11:29:00,3.64,3.57,3.82,10000,11:31:00,3.56,stop,-843.50,-2.31,False,,0,0.00
STEM,2025-10-13,09:41:00,23.39,22.95,24.42,7300,09:49:00,24.12,trail_stop,5309.15,3.11,False,,0,0.00
AQMS,2025-10-14,10:39:00,17.26,16.89,18.13,5714,10:42:00,17.88,trail_stop,3552.52,3.60,False,,0,0.00
BJDX,2025-10-14,09:54:00,3.41,3.35,3.56,10000,09:58:00,3.34,stop,-734.60,-2.15,False,,0,0.00
NVNI,2025-10-14,10:29:00,4.34,4.26,4.54,10000,10:35:00,4.43,trail_stop,879.83,2.03,False,,0,0.00
RMCO,2025-10-14,10:54:00,4.13,3.94,4.54,10000,10:56:00,3.92,stop,-2099.38,-5.08,False,,0,0.00
SDST,2025-10-14,09:38:00,6.31,6.05,6.94,10000,09:39:00,6.03,stop,-2764.44,-4.38,False,,0,0.00
STI,2025-10-14,14:28:00,29.54,28.87,31.11,4761,14:30:00,28.78,stop,-3599.89,-2.56,False,,0,0.00
VELO,2025-10-14,11:11:00,6.84,6.73,7.09,10000,11:15:00,6.71,stop,-1270.20,-1.86,False,,0,0.00
LOCL,2025-10-15,10:42:00,3.97,3.92,4.10,10000,10:57:00,3.91,stop,-666.27,-1.68,False,,0,0.00
PFAI,2025-10-15,10:40:00,3.26,3.13,3.59,10000,12:18:00,3.54,trail_stop,2724.41,8.35,False,,0,0.00
SBFM,2025-10-15,10:36:00,2.01,1.98,2.06,10000,10:46:00,2.07,trail_stop,627.70,3.13,False,,0,0.00
SEED,2025-10-15,11:13:00,2.03,1.97,2.18,10000,11:25:00,1.96,stop,-679.40,-3.34,False,,0,0.00
SPRC,2025-10-15,09:45:00,4.25,4.14,4.53,10000,09:54:00,4.60,exhaust+trail_stop,3702.68,8.70,True,4.65,5000,1978.75
SUGP,2025-10-15,10:57:00,8.97,8.69,9.64,7407,11:31:00,8.66,stop,-2259.36,-3.40,False,,0,0.00
UUU,2025-10-15,09:48:00,6.76,6.52,7.09,10000,09:53:00,6.50,stop,-2612.95,-3.87,False,,0,0.00
MBAI,2025-10-16,10:54:00,2.15,2.10,2.29,10000,11:48:00,2.23,trail_stop,746.99,3.47,False,,0,0.00
MCRP,2025-10-16,09:55:00,2.30,2.26,2.40,10000,09:56:00,2.25,stop,-490.80,-2.13,False,,0,0.00
PRSO,2025-10-16,14:56:00,2.30,2.26,2.40,10000,15:45:00,2.31,force_close,77.00,0.33,False,,0,0.00
MGRT,2025-10-17,11:00:00,4.88,4.74,5.13,10000,11:07:00,5.03,trail_stop,1451.05,2.97,False,,0,0.00
STI,2025-10-17,10:32:00,20.86,20.01,22.95,2399,10:40:00,19.95,stop,-2193.95,-4.38,False,,0,0.00
AGH,2025-10-20,11:10:00,7.04,6.90,7.25,10000,11:41:00,7.48,trail_stop,4478.18,6.36,False,,0,0.00
NRXS,2025-10-20,09:47:00,3.50,3.40,3.60,10000,15:34:00,3.71,trail_stop,2019.50,5.76,False,,0,0.00
PFAI,2025-10-20,10:03:00,4.17,4.00,4.56,10000,10:26:00,3.99,stop,-1861.70,-4.46,False,,0,0.00
TAOX,2025-10-20,09:46:00,8.85,8.62,9.39,10000,09:47:00,8.60,stop,-2520.08,-2.85,False,,0,0.00
VELO,2025-10-20,09:43:00,5.81,5.67,6.13,10000,09:51:00,5.65,stop,-1527.10,-2.63,False,,0,0.00
WKEY,2025-10-20,10:30:00,9.19,9.07,9.46,10000,10:31:00,9.04,stop,-1463.90,-1.59,False,,0,0.00
AMCI,2025-10-21,10:10:00,13.75,13.29,14.89,4405,10:13:00,13.25,stop,-2235.97,-3.69,False,,0,0.00
FNUC,2025-10-21,10:39:00,5.07,4.88,5.31,10000,10:42:00,4.87,stop,-1996.00,-3.94,False,,0,0.00
GNPX,2025-10-21,10:08:00,11.29,10.84,12.19,8332,10:21:00,11.75,trail_stop,3850.21,4.09,False,,0,0.00
LITM,2025-10-21,10:39:00,5.07,4.88,5.31,10000,10:42:00,4.87,stop,-1996.00,-3.94,False,,0,0.00
NERV,2025-10-21,09:49:00,10.44,10.01,11.48,7189,09:52:00,12.00,trail_stop,11184.95,14.90,False,,0,0.00
RYOJ,2025-10-21,10:23:00,5.02,4.85,5.41,10000,10:25:00,5.40,trail_stop,3838.35,7.65,False,,0,0.00
WOK,2025-10-21,09:46:00,3.75,3.62,4.06,10000,10:03:00,3.61,stop,-1386.24,-3.69,False,,0,0.00
GDTC,2025-10-22,11:13:00,2.99,2.89,3.24,10000,11:30:00,3.22,trail_stop,2249.37,7.52,False,,0,0.00
BQ,2025-10-23,10:50:00,9.41,9.02,10.35,7978,10:52:00,9.00,stop,-3290.70,-4.38,False,,0,0.00
GTIM,2025-10-23,09:44:00,2.03,2.00,2.11,10000,09:47:00,1.99,stop,-379.30,-1.87,False,,0,0.00
VELO,2025-10-23,10:35:00,6.18,6.04,6.43,10000,10:44:00,6.02,stop,-1593.95,-2.58,False,,0,0.00
ABTS,2025-10-24,10:07:00,7.99,7.81,8.20,10000,10:30:00,8.16,trail_stop,1693.94,2.12,False,,0,0.00
FCUV,2025-10-24,14:03:00,4.79,4.64,5.09,10000,15:16:00,4.63,stop,-1687.10,-3.52,False,,0,0.00
NEUP,2025-10-24,11:19:00,6.06,5.91,6.36,10000,11:25:00,5.89,stop,-1649.81,-2.72,False,,0,0.00
STI,2025-10-24,11:18:00,14.65,14.14,15.41,9952,12:11:00,15.72,trail_stop,10657.66,7.31,False,,0,0.00
VVPR,2025-10-24,10:10:00,5.16,5.07,5.36,10000,10:31:00,5.05,stop,-1003.60,-1.95,False,,0,0.00
MAMK,2025-10-27,10:42:00,5.91,5.57,6.49,4311,11:13:00,6.79,trail_stop,3804.98,14.94,False,,0,0.00
MIND,2025-10-27,09:44:00,11.62,11.34,12.00,5000,13:22:00,11.31,stop,-1578.15,-2.72,False,,0,0.00
VELO,2025-10-27,09:40:00,5.86,5.71,6.08,5000,10:13:00,6.02,trail_stop,800.49,2.73,False,,0,0.00
WKEY,2025-10-28,10:37:00,14.59,14.19,15.57,2564,10:52:00,15.00,trail_stop,1039.97,2.78,False,,0,0.00
EKSO,2025-10-29,10:46:00,5.41,5.26,5.74,5000,10:47:00,5.25,stop,-782.47,-2.90,False,,0,0.00
NPT,2025-10-29,10:51:00,8.15,7.81,8.96,4606,11:06:00,7.79,stop,-1645.19,-4.38,False,,0,0.00
AHMA,2025-10-30,09:39:00,7.02,6.73,7.72,5000,09:45:00,6.71,stop,-1537.99,-4.38,False,,0,0.00
BQ,2025-10-30,09:41:00,9.31,9.16,9.66,5000,09:43:00,9.77,trail_stop,2309.99,4.96,False,,0,0.00
VCIG,2025-10-30,14:48:00,2.60,2.57,2.68,5000,14:57:00,2.74,exhaust+trail_stop,600.67,4.62,True,2.71,2500,268.50
VIVS,2025-10-30,14:59:00,2.89,2.84,3.02,5000,15:09:00,2.83,stop,-307.05,-2.12,False,,0,0.00
WKEY,2025-10-30,10:11:00,19.02,18.24,20.92,1973,10:12:00,18.19,stop,-1644.93,-4.38,False,,0,0.00
DFSC,2025-10-31,11:14:00,4.92,4.83,5.07,5000,11:23:00,5.02,trail_stop,474.78,1.93,False,,0,0.00
NCEL,2025-10-31,11:09:00,6.95,6.66,7.64,5000,11:12:00,7.33,trail_stop,1932.79,5.56,False,,0,0.00
STEM,2025-10-31,09:44:00,18.91,18.46,19.98,3488,10:32:00,18.40,stop,-1758.89,-2.67,False,,0,0.00
DTCK,2025-11-03,11:23:00,2.22,2.17,2.35,5000,11:53:00,2.30,trail_stop,393.18,3.54,False,,0,0.00
ENVB,2025-11-03,14:17:00,6.98,6.82,7.20,5000,14:24:00,7.23,trail_stop,1266.02,3.63,False,,0,0.00
MAMK,2025-11-03,11:09:00,5.41,5.21,5.62,5000,11:23:00,5.20,stop,-1030.23,-3.81,False,,0,0.00
GNPX,2025-11-05,10:26:00,5.55,5.42,5.75,5000,10:32:00,5.40,stop,-709.00,-2.56,False,,0,0.00
SDST,2025-11-05,10:08:00,4.18,4.07,4.40,5000,10:20:00,4.06,stop,-631.95,-3.02,False,,0,0.00
ATNI,2025-11-06,10:00:00,18.02,16.97,19.79,2121,15:45:00,17.23,force_close,-1671.35,-4.37,False,,0,0.00
LPA,2025-11-07,10:42:00,2.99,2.88,3.27,5000,12:00:00,3.11,trail_stop,573.84,3.83,False,,0,0.00
MSGM,2025-11-07,08:48:00,4.75,4.66,4.98,5000,08:51:00,4.65,stop,-543.65,-2.29,False,,0,0.00
NHTC,2025-11-07,10:00:00,3.04,2.92,3.35,5000,11:19:00,3.18,trail_stop,662.78,4.36,False,,0,0.00
TCX,2025-11-07,09:51:00,21.88,21.40,22.83,3947,09:55:00,21.34,stop,-2155.30,-2.50,False,,0,0.00
COHN,2025-11-10,09:52:00,10.71,10.51,11.19,5000,12:51:00,12.01,exhaust+trail_stop,5080.25,9.49,True,11.44,2500,1823.25
DMRA,2025-11-10,10:45:00,19.77,18.99,21.67,1973,10:54:00,18.93,stop,-1650.85,-4.23,False,,0,0.00
BODI,2025-11-11,09:25:00,6.14,6.04,6.34,5000,09:28:00,6.02,stop,-571.25,-1.86,False,,0,0.00
LFS,2025-11-11,14:42:00,3.29,3.16,3.62,5000,14:43:00,3.15,stop,-721.83,-4.38,False,,0,0.00
AQMS,2025-11-12,11:21:00,7.40,7.19,7.90,5000,12:13:00,7.17,stop,-1144.80,-3.10,False,,0,0.00
MSGM,2025-11-12,11:17:00,4.23,4.08,4.48,5000,11:18:00,4.07,stop,-831.85,-3.93,False,,0,0.00
OLOX,2025-11-12,10:34:00,2.20,2.14,2.30,5000,10:39:00,2.13,stop,-347.60,-3.16,False,,0,0.00
APLM,2025-11-13,10:03:00,19.02,18.68,19.82,3121,10:07:00,18.62,stop,-1234.16,-2.08,False,,0,0.00
CYCU,2025-11-13,14:04:00,4.30,4.21,4.53,5000,14:07:00,4.39,trail_stop,441.41,2.05,False,,0,0.00
DMRA,2025-11-13,14:14:00,27.15,26.65,27.86,3547,14:34:00,26.57,stop,-2065.69,-2.14,False,,0,0.00
LVLU,2025-11-13,10:22:00,5.88,5.76,6.08,5000,10:23:00,5.74,stop,-665.75,-2.27,False,,0,0.00
CYCU,2025-11-14,11:22:00,4.80,4.72,5.00,5000,11:26:00,4.71,stop,-491.31,-2.05,False,,0,0.00
AGCC,2025-11-17,14:34:00,6.99,6.82,7.39,10000,14:36:00,6.80,stop,-1874.40,-2.68,False,,0,0.00
BODI,2025-11-17,11:01:00,7.16,7.02,7.49,10000,11:46:00,7.32,trail_stop,1591.85,2.22,False,,0,0.00
DRIO,2025-11-17,14:23:00,13.01,12.81,13.49,10000,15:00:00,13.11,eod,970.00,0.75,False,,0,0.00
MSGM,2025-11-17,09:47:00,2.96,2.90,3.08,10000,09:49:00,3.07,trail_stop,1095.47,3.70,False,,0,0.00
NEPH,2025-11-17,09:44:00,4.88,4.75,5.14,10000,10:11:00,5.00,trail_stop,1165.19,2.39,False,,0,0.00
EPSM,2025-11-18,14:44:00,2.44,2.35,2.67,10000,14:50:00,2.89,exhaust+trail_stop,4701.09,19.25,True,2.94,5000,2487.80
GDTC,2025-11-18,11:09:00,2.17,2.10,2.30,10000,14:41:00,2.09,stop,-778.72,-3.58,False,,0,0.00
AQMS,2025-11-19,11:13:00,8.39,8.19,8.86,10000,11:24:00,8.17,stop,-2229.50,-2.66,False,,0,0.00
CREX,2025-11-19,10:36:00,2.85,2.73,3.13,10000,14:53:00,2.94,eod,921.55,3.24,False,,0,0.00
GDHG,2025-11-19,10:30:00,4.80,4.61,5.28,10000,15:56:00,4.61,force_close,-1948.00,-4.05,False,,0,0.00
LGCY,2025-11-19,10:15:00,9.69,9.42,10.12,10000,12:02:00,9.39,stop,-3029.45,-3.12,False,,0,0.00
OLOX,2025-11-19,14:21:00,5.50,5.37,5.80,10000,14:24:00,5.63,trail_stop,1320.86,2.40,False,,0,0.00
FATN,2025-11-26,15:51:00,2.81,2.73,3.01,10000,15:52:00,2.87,force_close,571.90,2.03,False,,0,0.00
MNDR,2025-11-26,10:20:00,2.66,2.62,2.76,10000,10:38:00,2.61,stop,-504.20,-1.89,False,,0,0.00
NOMA,2025-11-26,10:30:00,8.11,7.89,8.63,9523,11:36:00,8.41,trail_stop,2842.66,3.68,False,,0,0.00
SMX,2025-11-26,09:51:00,6.57,6.35,7.10,9447,10:01:00,7.26,trail_stop,6532.90,10.53,False,,0,0.00
YDES,2025-11-26,10:26:00,10.71,10.49,11.11,10000,10:59:00,11.03,trail_stop,3154.22,2.94,False,,0,0.00
PMN,2025-11-28,10:15:00,6.71,6.55,6.95,10000,10:44:00,6.53,stop,-1719.63,-2.56,False,,0,0.00
SONM,2025-11-28,11:19:00,5.71,5.54,6.09,10000,13:22:00,5.61,eod,-949.00,-1.66,False,,0,0.00
WOK,2025-11-28,10:45:00,5.82,5.73,5.99,10000,10:51:00,5.71,stop,-1028.01,-1.77,False,,0,0.00
QTTB,2025-12-03,10:42:00,3.83,3.76,4.01,5000,10:50:00,3.75,stop,-425.55,-2.22,False,,0,0.00
DRMA,2025-12-05,11:21:00,2.82,2.79,2.90,5000,11:23:00,2.78,stop,-205.95,-1.46,False,,0,0.00
OKUR,2025-12-05,11:28:00,2.86,2.82,2.94,5000,14:25:00,3.02,exhaust+trail_stop,819.92,5.73,True,3.04,2500,430.35
QCLS,2025-12-05,09:47:00,7.11,6.92,7.51,5000,09:50:00,7.46,trail_stop,1767.76,4.97,False,,0,0.00
ELAB,2025-12-08,09:46:00,5.31,5.09,5.84,4716,09:53:00,5.07,stop,-1096.77,-4.38,False,,0,0.00
LHAI,2025-12-08,09:42:00,13.46,13.12,14.28,3050,10:01:00,13.08,stop,-1160.88,-2.83,False,,0,0.00
NCEL,2025-12-08,10:01:00,4.00,3.91,4.24,5000,10:12:00,3.89,stop,-553.57,-2.77,False,,0,0.00
KLRS,2025-12-09,09:39:00,7.08,6.71,7.78,3576,14:59:00,6.91,eod,-615.32,-2.43,False,,0,0.00
VOR,2025-12-09,10:31:00,9.78,9.52,10.28,4999,10:46:00,9.49,stop,-1441.36,-2.95,False,,0,0.00
AGPU,2025-12-10,14:26:00,6.26,6.10,6.58,5000,14:50:00,6.08,stop,-872.75,-2.79,False,,0,0.00
AHT,2025-12-10,14:55:00,4.56,4.47,4.79,5000,14:56:00,4.46,stop,-539.85,-2.37,False,,0,0.00
HWH,2025-12-10,09:43:00,2.44,2.35,2.57,5000,10:38:00,2.34,stop,-508.96,-4.16,False,,0,0.00
LVLU,2025-12-10,10:37:00,6.12,6.01,6.38,5000,10:39:00,6.28,trail_stop,806.84,2.64,False,,0,0.00
MIGI,2025-12-10,14:01:00,7.00,6.68,7.57,4347,14:10:00,6.66,stop,-1465.07,-4.82,False,,0,0.00
MTVA,2025-12-10,10:27:00,9.65,9.22,10.61,3906,10:39:00,10.31,trail_stop,2567.02,6.81,False,,0,0.00
PHGE,2025-12-10,10:38:00,2.68,2.58,2.80,5000,12:03:00,2.57,stop,-540.13,-4.03,False,,0,0.00
PLAG,2025-12-10,09:45:00,2.49,2.40,2.72,5000,09:56:00,2.60,trail_stop,535.99,4.30,False,,0,0.00
BNKK,2025-12-11,10:00:00,4.29,4.12,4.71,5000,10:16:00,4.11,stop,-913.81,-4.26,False,,0,0.00
DOMH,2025-12-11,09:39:00,4.86,4.76,5.11,5000,09:40:00,4.74,stop,-593.11,-2.44,False,,0,0.00
JXG,2025-12-11,14:52:00,8.39,8.09,8.86,5000,15:00:00,8.73,eod,1708.10,4.07,False,,0,0.00
JZXN,2025-12-11,14:16:00,5.87,5.79,6.07,5000,14:22:00,5.95,trail_stop,381.82,1.30,False,,0,0.00
VELO,2025-12-11,09:41:00,9.48,8.98,10.41,4010,10:24:00,10.45,trail_stop,3872.18,10.19,False,,0,0.00
JXG,2025-12-12,11:11:00,9.36,9.12,9.65,5000,11:40:00,9.09,stop,-1358.47,-2.90,False,,0,0.00
KPLT,2025-12-12,09:15:00,8.90,8.58,9.67,4838,09:19:00,10.29,exhaust+trail_stop,6535.69,15.18,True,10.21,2419,3171.58
PLRZ,2025-12-12,09:51:00,13.61,13.09,14.89,2940,11:56:00,13.05,stop,-1654.84,-4.13,False,,0,0.00
RYM,2025-12-12,14:31:00,28.38,26.96,30.71,1074,14:34:00,30.18,trail_stop,1932.44,6.34,False,,0,0.00
ARBB,2025-12-15,10:31:00,6.26,5.99,6.73,5000,10:37:00,6.64,trail_stop,1942.53,6.21,False,,0,0.00
CVKD,2025-12-15,10:30:00,11.99,11.50,13.19,3129,10:49:00,11.47,stop,-1644.86,-4.38,False,,0,0.00
GDHG,2025-12-15,11:17:00,3.00,2.89,3.15,5000,13:27:00,2.88,stop,-608.35,-4.05,False,,0,0.00
XBP,2025-12-15,10:14:00,6.41,6.14,7.05,5000,10:17:00,6.13,stop,-1404.14,-4.38,False,,0,0.00
DBGI,2025-12-17,11:08:00,10.91,10.57,11.72,6146,11:12:00,10.54,stop,-2261.87,-3.37,False,,0,0.00
LPCN,2025-12-17,11:29:00,3.83,3.67,4.21,10000,11:34:00,3.66,stop,-1678.23,-4.38,False,,0,0.00
MIGI,2025-12-17,11:05:00,4.80,4.72,5.00,10000,11:06:00,4.71,stop,-989.60,-2.06,False,,0,0.00
AENT,2025-12-18,11:24:00,7.81,7.54,8.46,7692,12:04:00,7.52,stop,-2233.91,-3.72,False,,0,0.00
FGNX,2025-12-18,09:37:00,3.12,3.05,3.30,10000,10:00:00,3.21,trail_stop,841.09,2.69,False,,0,0.00
KLRS,2025-12-18,10:13:00,10.48,10.27,10.98,9999,10:26:00,10.76,trail_stop,2766.64,2.64,False,,0,0.00
LONA,2025-12-18,09:37:00,7.85,7.63,8.37,9596,09:38:00,7.61,stop,-2294.68,-3.05,False,,0,0.00
NBY,2025-12-18,10:42:00,4.13,4.04,4.36,10000,11:09:00,4.03,stop,-1062.50,-2.57,False,,0,0.00
VELO,2025-12-18,09:41:00,11.55,11.01,12.65,6817,09:43:00,10.98,stop,-3915.48,-4.97,False,,0,0.00
ASTI,2025-12-19,10:16:00,3.65,3.54,3.93,10000,13:08:00,3.87,trail_stop,2210.41,6.05,False,,0,0.00
BENF,2025-12-19,10:02:00,6.14,6.01,6.44,10000,10:05:00,5.99,stop,-1441.60,-2.35,False,,0,0.00
HYPD,2025-12-19,11:11:00,3.49,3.35,3.84,10000,12:54:00,3.63,trail_stop,1339.05,3.83,False,,0,0.00
NBY,2025-12-19,09:46:00,3.49,3.40,3.72,10000,09:52:00,3.39,stop,-1036.90,-2.97,False,,0,0.00
NTRP,2025-12-19,10:03:00,4.15,4.02,4.48,10000,15:00:00,4.11,eod,-441.50,-1.06,False,,0,0.00
AGCC,2025-12-22,10:29:00,11.53,10.95,12.67,6573,11:42:00,10.92,stop,-4025.19,-5.31,False,,0,0.00
BENF,2025-12-22,10:31:00,7.60,7.51,7.80,10000,10:36:00,7.75,trail_stop,1514.03,1.99,False,,0,0.00
NBY,2025-12-22,14:29:00,5.55,5.46,5.78,10000,14:35:00,5.44,stop,-1104.28,-1.99,False,,0,0.00
QNTM,2025-12-22,10:15:00,11.39,10.99,12.37,5129,10:30:00,10.96,stop,-2227.27,-3.81,False,,0,0.00
RGNT,2025-12-22,14:28:00,6.91,6.58,7.59,7299,14:47:00,6.69,eod,-1583.15,-3.14,False,,0,0.00
STRO,2025-12-22,11:18:00,11.01,10.87,11.32,10000,11:31:00,10.84,stop,-1686.05,-1.53,False,,0,0.00
BBLG,2025-12-23,10:45:00,2.07,2.03,2.17,10000,11:02:00,2.02,stop,-480.60,-2.32,False,,0,0.00
BMRA,2025-12-23,10:00:00,2.68,2.57,2.95,10000,10:02:00,2.57,stop,-1175.98,-4.38,False,,0,0.00
JFB,2025-12-23,10:18:00,15.14,14.41,16.64,3331,10:26:00,14.37,stop,-2560.70,-5.08,False,,0,0.00
OPTX,2025-12-23,14:01:00,2.85,2.77,2.99,10000,14:54:00,2.76,stop,-961.45,-3.37,False,,0,0.00
RDAC,2025-12-23,10:27:00,10.51,10.08,11.56,7141,10:32:00,10.05,stop,-3304.44,-4.40,False,,0,0.00
AIRI,2025-12-24,10:21:00,3.26,3.21,3.39,10000,10:59:00,3.20,stop,-628.90,-1.93,False,,0,0.00
GLSI,2025-12-24,10:28:00,16.09,15.62,16.49,10000,11:36:00,16.77,trail_stop,6861.92,4.27,False,,0,0.00
INDP,2025-12-24,11:07:00,2.58,2.52,2.73,10000,12:26:00,2.64,trail_stop,568.98,2.20,False,,0,0.00
AMCI,2025-12-26,09:55:00,10.94,10.49,12.03,6861,10:19:00,11.45,trail_stop,3475.06,4.63,False,,0,0.00
GLSI,2025-12-29,10:33:00,25.02,24.46,26.38,3703,10:37:00,24.39,stop,-2363.92,-2.55,False,,0,0.00
GVH,2025-12-29,09:45:00,3.51,3.37,3.86,10000,09:47:00,3.83,trail_stop,3210.42,9.14,False,,0,0.00
AEHL,2025-12-30,11:20:00,2.15,2.12,2.23,10000,11:21:00,2.11,stop,-385.10,-1.79,False,,0,0.00
BRLS,2025-12-30,10:44:00,2.08,2.01,2.26,10000,10:45:00,2.00,stop,-781.10,-3.75,False,,0,0.00
DRMA,2025-12-30,14:53:00,2.33,2.29,2.43,10000,15:00:00,2.28,stop,-492.00,-2.11,False,,0,0.00
EKSO,2025-12-30,09:09:00,8.35,8.19,8.72,10000,09:23:00,8.61,trail_stop,2573.25,3.08,False,,0,0.00
GLSI,2025-12-30,10:05:00,28.77,27.59,31.64,2608,10:24:00,27.51,stop,-3288.98,-4.38,False,,0,0.00
NBY,2025-12-30,14:35:00,6.20,6.12,6.37,10000,14:37:00,6.10,stop,-945.50,-1.53,False,,0,0.00
SNTG,2025-12-30,09:55:00,2.11,2.03,2.26,10000,10:02:00,2.02,stop,-882.00,-4.18,False,,0,0.00
CODX,2026-01-02,09:57:00,5.13,5.01,5.40,10000,10:08:00,5.33,trail_stop,2039.25,3.98,False,,0,0.00
RVYL,2026-01-02,09:42:00,6.08,5.72,6.67,8389,09:54:00,5.70,stop,-3118.48,-6.12,False,,0,0.00
STI,2026-01-02,09:48:00,7.90,7.64,8.15,10000,10:26:00,8.45,trail_stop,5524.93,7.00,False,,0,0.00
INBS,2026-01-05,14:54:00,13.36,13.11,13.96,4173,15:00:00,13.48,eod,507.65,0.91,False,,0,0.00
MNTS,2026-01-05,09:25:00,9.93,9.58,10.78,4411,09:27:00,9.55,stop,-1670.27,-3.81,False,,0,0.00
PASG,2026-01-05,10:19:00,15.46,15.19,16.07,4056,10:20:00,15.15,stop,-1247.30,-1.99,False,,0,0.00
PTN,2026-01-05,14:45:00,19.91,19.61,20.49,4334,14:50:00,19.55,stop,-1569.45,-1.82,False,,0,0.00
AIFU,2026-01-06,15:43:00,3.12,3.00,3.44,5000,15:45:00,3.13,force_close,34.40,0.22,False,,0,0.00
EMAT,2026-01-06,14:22:00,8.61,8.49,8.88,5000,14:32:00,9.55,trail_stop,4720.28,10.97,False,,0,0.00
INBS,2026-01-06,10:22:00,12.32,11.90,13.35,3658,10:32:00,11.86,stop,-1675.40,-3.72,False,,0,0.00
LGCB,2026-01-06,10:01:00,2.11,1.99,2.31,5000,11:06:00,1.98,stop,-615.37,-5.84,False,,0,0.00
MNTS,2026-01-06,10:57:00,9.99,9.67,10.77,4815,11:26:00,9.64,stop,-1687.62,-3.51,False,,0,0.00
OPTX,2026-01-06,09:11:00,3.36,3.27,3.59,5000,09:34:00,3.26,stop,-515.85,-3.07,False,,0,0.00
PASG,2026-01-06,09:47:00,18.02,17.30,19.27,3000,14:57:00,18.52,eod,1506.00,2.79,False,,0,0.00
RNAZ,2026-01-06,09:53:00,7.87,7.55,8.64,3225,10:07:00,7.53,stop,-1098.14,-4.33,False,,0,0.00
VELO,2026-01-06,09:49:00,17.03,16.64,17.78,4999,10:14:00,17.51,trail_stop,2415.47,2.84,False,,0,0.00
INBS,2026-01-07,09:48:00,13.38,12.84,14.72,2804,09:56:00,12.80,stop,-1645.04,-4.38,False,,0,0.00
REED,2026-01-07,14:14:00,2.39,2.34,2.50,5000,14:18:00,2.47,trail_stop,389.06,3.26,False,,0,0.00
ACON,2026-01-08,11:02:00,7.79,7.56,8.34,9090,11:22:00,7.54,stop,-2276.68,-3.22,False,,0,0.00
ELWT,2026-01-08,10:08:00,4.74,4.54,5.19,10000,10:35:00,5.39,exhaust+trail_stop,6299.82,13.30,True,5.35,5000,3062.34
INBS,2026-01-08,10:23:00,15.71,15.06,17.27,4779,10:29:00,15.02,stop,-3290.23,-4.38,False,,0,0.00
ROLR,2026-01-08,11:15:00,2.71,2.65,2.84,10000,12:01:00,2.64,stop,-706.60,-2.60,False,,0,0.00
INBS,2026-01-09,10:18:00,18.28,17.75,19.55,3921,10:19:00,17.70,stop,-2280.10,-3.18,False,,0,0.00
KLRS,2026-01-09,10:27:00,9.49,9.31,9.88,10000,10:33:00,9.29,stop,-2024.25,-2.13,False,,0,0.00
NBY,2026-01-09,10:35:00,11.72,11.47,12.30,10000,10:41:00,12.21,trail_stop,4898.35,4.18,False,,0,0.00
OPTX,2026-01-09,10:17:00,4.18,4.08,4.41,10000,10:18:00,4.07,stop,-1164.20,-2.78,False,,0,0.00
BDSX,2026-01-12,08:54:00,6.87,6.73,7.19,10000,08:59:00,6.71,stop,-1570.50,-2.29,False,,0,0.00
CARL,2026-01-12,10:14:00,14.23,13.99,14.63,10000,10:49:00,13.95,stop,-2811.85,-1.98,False,,0,0.00
FBRX,2026-01-12,09:46:00,27.91,27.33,29.28,5454,09:51:00,28.42,trail_stop,2774.63,1.82,False,,0,0.00
INBS,2026-01-12,10:31:00,20.50,19.89,21.96,3415,10:40:00,19.83,stop,-2273.18,-3.25,False,,0,0.00
SRL,2026-01-12,09:40:00,8.32,8.05,8.64,10000,10:24:00,9.34,exhaust+trail_stop,10230.64,12.30,True,9.35,5000,5133.45
SUGP,2026-01-12,09:40:00,7.27,6.97,8.00,10000,10:14:00,8.59,exhaust+trail_stop,13883.86,19.10,True,8.73,5000,7303.69
UUU,2026-01-12,09:56:00,5.72,5.48,6.29,10000,10:31:00,6.11,trail_stop,3918.02,6.85,False,,0,0.00
AGIG,2026-01-13,14:47:00,3.32,3.24,3.50,10000,15:21:00,3.23,stop,-909.38,-2.74,False,,0,0.00
AHMA,2026-01-13,10:11:00,10.40,9.97,11.44,7218,10:19:00,10.93,trail_stop,3830.79,5.10,False,,0,0.00
BBGI,2026-01-13,11:12:00,5.97,5.82,6.32,10000,11:19:00,5.80,stop,-1634.20,-2.74,False,,0,0.00
EVTV,2026-01-13,10:02:00,2.82,2.72,3.09,10000,10:10:00,2.71,stop,-1159.65,-4.11,False,,0,0.00
RVYL,2026-01-13,11:26:00,6.66,6.54,6.91,10000,11:27:00,6.52,stop,-1361.70,-2.05,False,,0,0.00
RYOJ,2026-01-13,09:53:00,3.75,3.59,4.13,10000,09:56:00,3.58,stop,-1741.21,-4.64,False,,0,0.00
WATT,2026-01-13,11:09:00,5.68,5.54,5.98,10000,11:13:00,5.95,trail_stop,2691.68,4.74,False,,0,0.00
AGIG,2026-01-14,14:39:00,3.67,3.59,3.87,10000,14:56:00,3.80,trail_stop,1312.11,3.57,False,,0,0.00
AHMA,2026-01-14,14:40:00,15.35,15.12,15.87,9523,15:00:00,15.60,eod,2425.22,1.66,False,,0,0.00
EXOZ,2026-01-14,11:13:00,11.21,10.79,11.74,9523,11:42:00,10.76,stop,-4319.35,-4.05,False,,0,0.00
GCDT,2026-01-14,09:49:00,4.75,4.67,4.95,10000,10:10:00,4.66,stop,-987.60,-2.08,False,,0,0.00
INDO,2026-01-14,14:35:00,4.87,4.80,5.06,10000,14:36:00,4.78,stop,-921.61,-1.89,False,,0,0.00
LFS,2026-01-14,10:45:00,3.15,3.04,3.42,10000,11:03:00,3.03,stop,-1201.73,-3.81,False,,0,0.00
VMAR,2026-01-14,11:25:00,5.80,5.60,6.27,10000,12:40:00,5.58,stop,-2125.90,-3.67,False,,0,0.00
CGTL,2026-01-15,14:21:00,3.90,3.74,4.29,10000,14:33:00,3.73,stop,-1711.32,-4.38,False,,0,0.00
EVTV,2026-01-15,14:16:00,3.50,3.44,3.65,10000,14:23:00,3.43,stop,-736.21,-2.10,False,,0,0.00
JL,2026-01-15,10:48:00,6.86,6.65,7.36,10000,10:52:00,7.17,trail_stop,3147.21,4.59,False,,0,0.00
MVO,2026-01-15,10:35:00,2.23,2.20,2.29,10000,10:36:00,2.19,stop,-338.25,-1.52,False,,0,0.00
ROLR,2026-01-15,10:39:00,25.33,24.54,27.18,2702,10:41:00,24.47,stop,-2320.80,-3.39,False,,0,0.00
SPHL,2026-01-15,10:55:00,11.36,10.90,12.50,6607,11:01:00,12.00,trail_stop,4209.95,5.61,False,,0,0.00
AGH,2026-01-16,09:47:00,4.40,4.27,4.73,5000,10:34:00,4.26,stop,-736.05,-3.34,False,,0,0.00
LCFY,2026-01-16,09:16:00,6.11,5.86,6.72,5000,09:20:00,5.84,stop,-1338.34,-4.38,False,,0,0.00
TNMG,2026-01-16,14:39:00,4.19,4.07,4.47,5000,14:51:00,4.06,stop,-643.50,-3.07,False,,0,0.00
TRAW,2026-01-16,14:26:00,2.03,1.98,2.09,5000,14:28:00,1.98,stop,-242.89,-2.40,False,,0,0.00
VELO,2026-01-16,09:52:00,19.52,19.05,20.62,3409,09:58:00,18.99,stop,-1791.94,-2.69,False,,0,0.00
WATT,2026-01-16,10:11:00,5.66,5.51,5.98,5000,10:20:00,5.49,stop,-810.40,-2.87,False,,0,0.00
BDSX,2026-01-20,10:59:00,8.80,8.45,9.27,10000,15:00:00,8.84,eod,432.10,0.49,False,,0,0.00
EVTV,2026-01-20,10:44:00,3.96,3.89,4.08,10000,10:57:00,4.08,trail_stop,1214.16,3.07,False,,0,0.00
MCRP,2026-01-20,11:14:00,2.50,2.46,2.60,10000,11:20:00,2.67,exhaust+trail_stop,1604.57,6.41,True,2.65,5000,762.50
OPTX,2026-01-20,09:45:00,4.15,4.02,4.48,10000,09:47:00,4.01,stop,-1462.10,-3.52,False,,0,0.00
PHGE,2026-01-20,10:15:00,2.93,2.83,3.09,10000,10:48:00,2.82,stop,-1114.20,-3.80,False,,0,0.00
POLA,2026-01-20,10:20:00,3.62,3.42,3.98,10000,10:21:00,3.41,stop,-2162.73,-5.97,False,,0,0.00
RAY,2026-01-20,09:47:00,4.16,4.03,4.39,10000,10:40:00,4.32,trail_stop,1606.71,3.86,False,,0,0.00
TWG,2026-01-20,11:07:00,5.23,5.01,5.75,10000,11:17:00,5.00,stop,-2290.54,-4.38,False,,0,0.00
AQMS,2026-01-21,09:39:00,7.44,7.13,8.18,6729,09:46:00,7.11,stop,-2193.85,-4.38,False,,0,0.00
ASTI,2026-01-21,14:40:00,4.35,4.29,4.50,10000,15:00:00,4.47,eod,1164.51,2.67,False,,0,0.00
MOB,2026-01-21,10:16:00,8.76,8.59,9.16,10000,10:27:00,8.56,stop,-1945.20,-2.22,False,,0,0.00
OPTX,2026-01-21,10:00:00,4.50,4.42,4.72,10000,10:37:00,4.69,trail_stop,1818.99,4.04,False,,0,0.00
PAVM,2026-01-21,14:38:00,15.22,14.59,16.74,4933,14:41:00,14.55,stop,-3290.19,-4.38,False,,0,0.00
POCI,2026-01-21,09:57:00,4.91,4.84,5.06,10000,10:00:00,4.83,stop,-880.34,-1.79,False,,0,0.00
CELZ,2026-01-22,15:10:00,2.17,2.10,2.32,10000,15:48:00,2.23,force_close,623.34,2.87,False,,0,0.00
CJMB,2026-01-22,14:30:00,2.99,2.94,3.08,10000,14:43:00,2.93,stop,-565.05,-1.89,False,,0,0.00
GLSI,2026-01-22,10:36:00,24.27,23.95,25.02,6666,11:15:00,25.64,exhaust+trail_stop,8906.51,5.50,True,25.58,3333,4352.06
NAMM,2026-01-22,10:37:00,3.14,3.01,3.46,10000,10:39:00,3.27,trail_stop,1282.76,4.08,False,,0,0.00
ASTI,2026-01-23,09:26:00,7.86,7.72,8.06,10000,09:29:00,7.70,stop,-1610.10,-2.05,False,,0,0.00
MOVE,2026-01-23,10:24:00,17.78,17.06,19.53,4285,10:52:00,19.02,trail_stop,5344.39,7.02,False,,0,0.00
MVO,2026-01-23,10:02:00,2.09,2.03,2.24,10000,10:25:00,2.02,stop,-681.80,-3.26,False,,0,0.00
RVYL,2026-01-23,08:45:00,7.45,7.34,7.70,10000,08:46:00,7.32,stop,-1294.60,-1.74,False,,0,0.00
EVTV,2026-01-26,11:11:00,2.61,2.58,2.69,5000,11:12:00,2.57,stop,-201.75,-1.54,False,,0,0.00
LE,2026-01-26,09:31:00,17.17,16.75,18.17,2500,09:46:00,18.46,trail_stop,3225.40,7.52,False,,0,0.00
MKDW,2026-01-26,10:13:00,3.06,2.98,3.25,5000,10:38:00,2.97,stop,-484.92,-3.17,False,,0,0.00
MOB,2026-01-26,11:16:00,8.98,8.61,9.88,4180,11:23:00,8.59,stop,-1645.26,-4.38,False,,0,0.00
MTEN,2026-01-26,10:12:00,2.21,2.14,2.40,5000,10:43:00,2.56,exhaust+trail_stop,1601.15,14.48,True,2.50,2500,722.48
SCWO,2026-01-26,09:37:00,3.55,3.38,3.86,5000,09:40:00,3.37,stop,-937.39,-5.28,False,,0,0.00
FIEE,2026-01-27,09:44:00,5.41,5.18,5.95,5000,12:54:00,5.66,trail_stop,1280.82,4.74,False,,0,0.00
NUWE,2026-01-27,11:00:00,3.72,3.61,4.00,5000,11:09:00,3.60,stop,-622.75,-3.34,False,,0,0.00
ONEG,2026-01-27,09:49:00,3.83,3.71,3.98,5000,09:52:00,3.70,stop,-674.80,-3.52,False,,0,0.00
RVYL,2026-01-27,10:57:00,6.43,6.29,6.71,5000,11:14:00,6.27,stop,-794.97,-2.47,False,,0,0.00
XHLD,2026-01-27,14:19:00,2.62,2.50,2.87,5000,14:42:00,2.49,stop,-650.60,-4.96,False,,0,0.00
BAOS,2026-01-28,14:52:00,3.33,3.24,3.56,5000,14:53:00,3.33,eod,-16.65,-0.10,False,,0,0.00
BUUU,2026-01-28,10:31:00,11.00,10.51,12.10,2283,10:32:00,10.48,stop,-1188.36,-4.73,False,,0,0.00
FEED,2026-01-28,10:58:00,2.19,2.10,2.41,5000,10:59:00,2.10,stop,-480.49,-4.38,False,,0,0.00
GOAI,2026-01-28,14:44:00,8.35,8.14,8.85,5000,14:51:00,8.65,trail_stop,1524.91,3.65,False,,0,0.00
KRRO,2026-01-28,09:36:00,12.24,11.93,12.97,5000,09:37:00,11.89,stop,-1740.10,-2.84,False,,0,0.00
AGIG,2026-01-29,11:01:00,3.57,3.53,3.69,5000,11:02:00,3.51,stop,-295.72,-1.66,False,,0,0.00
AUST,2026-01-29,11:14:00,2.85,2.75,3.05,5000,11:23:00,2.74,stop,-555.50,-3.89,False,,0,0.00
BATL,2026-01-29,10:39:00,4.27,4.18,4.48,5000,10:49:00,4.39,trail_stop,591.34,2.77,False,,0,0.00
DBGI,2026-01-29,09:41:00,9.33,8.95,10.26,4023,09:44:00,8.92,stop,-1645.25,-4.38,False,,0,0.00
FEED,2026-01-29,11:10:00,3.82,3.67,4.21,5000,11:12:00,3.66,stop,-838.11,-4.38,False,,0,0.00
INDO,2026-01-29,10:38:00,4.61,4.44,4.81,5000,14:59:00,4.43,stop,-914.62,-3.97,False,,0,0.00
PHGE,2026-01-29,10:40:00,7.01,6.91,7.21,5000,10:47:00,6.89,stop,-588.65,-1.68,False,,0,0.00
SER,2026-01-29,14:33:00,3.57,3.51,3.72,5000,14:45:00,3.82,trail_stop,1256.75,7.03,False,,0,0.00
SPHL,2026-01-30,11:01:00,4.85,4.74,5.11,5000,11:09:00,4.73,stop,-619.32,-2.55,False,,0,0.00
AMCI,2026-02-02,11:03:00,6.61,6.39,6.88,10000,11:13:00,7.22,exhaust+trail_stop,6761.91,10.24,True,7.35,5000,3706.00
CIGL,2026-02-02,10:13:00,2.58,2.54,2.68,10000,10:19:00,2.53,stop,-502.00,-1.94,False,,0,0.00
IBG,2026-02-02,10:32:00,4.28,4.11,4.71,10000,10:39:00,4.71,trail_stop,4260.66,9.94,False,,0,0.00
OPTX,2026-02-02,10:59:00,6.55,6.33,7.07,10000,11:19:00,6.31,stop,-2354.30,-3.60,False,,0,0.00
PAVM,2026-02-02,11:22:00,8.72,8.58,8.98,10000,11:23:00,8.55,stop,-1644.50,-1.89,False,,0,0.00
ASTI,2026-02-03,14:15:00,6.01,5.88,6.30,5000,14:43:00,6.49,exhaust+trail_stop,2144.55,7.14,True,6.38,2500,935.00
FATN,2026-02-03,14:07:00,2.97,2.89,3.17,5000,14:21:00,2.88,stop,-448.23,-3.02,False,,0,0.00
JFB,2026-02-03,10:32:00,30.67,30.12,31.62,3947,10:56:00,32.12,exhaust+trail_stop,6293.87,5.20,True,32.40,1973,3421.90
PIII,2026-02-03,10:37:00,2.05,1.99,2.20,5000,10:42:00,1.98,stop,-340.10,-3.31,False,,0,0.00
PMN,2026-02-03,09:59:00,15.76,15.29,16.88,3333,11:31:00,17.12,exhaust+trail_stop,4631.42,8.82,True,17.18,1666,2364.49
ULY,2026-02-03,11:00:00,2.64,2.53,2.91,5000,11:46:00,2.53,stop,-579.22,-4.38,False,,0,0.00
VELO,2026-02-03,11:03:00,15.01,14.81,15.49,5000,11:15:00,14.77,stop,-1247.15,-1.66,False,,0,0.00
EVTV,2026-02-04,10:26:00,2.37,2.30,2.55,5000,10:38:00,2.29,stop,-396.35,-3.34,False,,0,0.00
FEED,2026-02-04,11:20:00,2.98,2.94,3.05,5000,11:24:00,2.93,stop,-233.97,-1.57,False,,0,0.00
PAVM,2026-02-04,09:41:00,11.31,10.85,12.44,2212,10:14:00,10.82,stop,-1096.81,-4.38,False,,0,0.00
POAS,2026-02-04,10:36:00,5.61,5.40,6.11,5000,11:04:00,6.00,trail_stop,1954.78,6.97,False,,0,0.00
VIVS,2026-02-05,10:07:00,2.59,2.50,2.82,10000,10:12:00,2.49,stop,-990.93,-3.82,False,,0,0.00
EMAT,2026-02-09,10:14:00,6.80,6.68,7.07,10000,10:15:00,6.66,stop,-1366.31,-2.01,False,,0,0.00
OCC,2026-02-09,11:07:00,6.32,6.07,6.95,10000,14:46:00,6.31,eod,-136.15,-0.22,False,,0,0.00
UOKA,2026-02-09,11:08:00,2.40,2.34,2.55,10000,11:15:00,2.50,trail_stop,976.77,4.07,False,,0,0.00
AGPU,2026-02-10,09:51:00,2.95,2.83,3.25,10000,09:52:00,2.82,stop,-1294.90,-4.38,False,,0,0.00
MNTS,2026-02-11,14:50:00,5.91,5.83,6.09,10000,14:51:00,5.81,stop,-966.93,-1.64,False,,0,0.00
PRFX,2026-02-11,10:53:00,2.87,2.82,3.00,10000,11:12:00,2.92,trail_stop,454.79,1.58,False,,0,0.00
SIF,2026-02-11,09:40:00,7.89,7.58,8.63,6743,10:27:00,8.74,exhaust+trail_stop,6357.54,11.95,True,8.92,3371,3479.28
SMX,2026-02-11,10:44:00,15.70,15.39,16.42,6896,10:59:00,16.00,trail_stop,2072.30,1.91,False,,0,0.00
GLXG,2026-02-12,10:57:00,2.35,2.26,2.59,10000,10:58:00,2.25,stop,-1031.18,-4.38,False,,0,0.00
JZXN,2026-02-12,11:27:00,2.46,2.36,2.71,10000,11:33:00,2.35,stop,-1079.45,-4.38,False,,0,0.00
DBGI,2026-02-13,09:44:00,3.84,3.70,4.19,10000,09:51:00,4.04,trail_stop,2001.52,5.21,False,,0,0.00
EMAT,2026-02-13,09:51:00,8.51,8.16,9.36,5882,10:00:00,8.14,stop,-2193.87,-4.38,False,,0,0.00
FGL,2026-02-13,14:20:00,17.39,17.01,18.30,5505,14:23:00,16.96,stop,-2376.53,-2.48,False,,0,0.00
SUNE,2026-02-13,10:56:00,2.14,2.09,2.28,10000,11:19:00,2.20,trail_stop,545.10,2.54,False,,0,0.00
DBGI,2026-02-17,10:16:00,5.42,5.27,5.67,10000,10:55:00,5.85,exhaust+trail_stop,4490.11,8.29,True,5.88,5000,2318.45
EEIQ,2026-02-17,10:32:00,3.65,3.50,4.02,10000,10:33:00,3.49,stop,-1601.62,-4.38,False,,0,0.00
LFS,2026-02-17,10:44:00,3.21,3.14,3.38,10000,10:51:00,3.13,stop,-826.30,-2.57,False,,0,0.00
NCI,2026-02-17,14:49:00,2.34,2.31,2.42,10000,14:52:00,2.30,stop,-392.70,-1.68,False,,0,0.00
OBAI,2026-02-17,10:41:00,3.87,3.74,4.20,10000,11:00:00,3.73,stop,-1450.90,-3.75,False,,0,0.00
PLYX,2026-02-17,08:47:00,3.85,3.78,4.03,10000,08:49:00,4.14,trail_stop,2898.32,7.52,False,,0,0.00
RIME,2026-02-17,10:35:00,3.32,3.15,3.65,10000,10:47:00,3.14,stop,-1840.67,-5.54,False,,0,0.00
SUNE,2026-02-17,09:55:00,2.58,2.44,2.83,10000,10:00:00,2.43,stop,-1499.00,-5.80,False,,0,0.00
BENF,2026-02-18,11:08:00,5.07,4.94,5.32,10000,11:28:00,4.93,stop,-1398.80,-2.76,False,,0,0.00
CDIO,2026-02-18,14:11:00,2.42,2.34,2.62,10000,14:13:00,2.56,trail_stop,1424.42,5.88,False,,0,0.00
MBRX,2026-02-18,10:28:00,5.15,5.05,5.37,10000,10:33:00,5.03,stop,-1101.90,-2.14,False,,0,0.00
PSIG,2026-02-18,10:15:00,6.01,5.75,6.60,10000,11:05:00,5.73,stop,-2727.51,-4.54,False,,0,0.00
ROLR,2026-02-18,11:01:00,4.61,4.52,4.79,10000,11:02:00,4.51,stop,-1081.70,-2.34,False,,0,0.00
AGIG,2026-02-19,09:45:00,4.60,4.51,4.83,10000,09:47:00,4.50,stop,-1074.32,-2.33,False,,0,0.00
AHMA,2026-02-19,09:59:00,8.49,8.01,9.32,5989,10:13:00,9.00,trail_stop,3054.65,6.01,False,,0,0.00
BATL,2026-02-19,11:03:00,5.05,4.84,5.55,10000,11:06:00,5.25,trail_stop,2025.30,4.01,False,,0,0.00
ENVB,2026-02-19,14:59:00,2.40,2.35,2.53,10000,15:16:00,2.34,stop,-594.50,-2.47,False,,0,0.00
INTS,2026-02-19,10:02:00,6.30,6.02,6.74,10000,10:58:00,6.60,trail_stop,3006.42,4.77,False,,0,0.00
NAMM,2026-02-19,10:30:00,2.99,2.89,3.24,10000,12:18:00,3.37,exhaust+trail_stop,4011.95,13.40,True,3.42,5000,2135.05
RIME,2026-02-19,10:30:00,3.03,2.97,3.16,10000,10:36:00,3.11,trail_stop,745.89,2.46,False,,0,0.00
RLYB,2026-02-19,14:30:00,4.94,4.80,5.10,10000,14:58:00,4.81,eod,-1344.40,-2.72,False,,0,0.00
ROLR,2026-02-19,11:02:00,4.95,4.79,5.35,10000,11:23:00,4.78,stop,-1783.19,-3.60,False,,0,0.00
BESS,2026-02-20,10:26:00,3.70,3.62,3.90,10000,11:51:00,3.61,stop,-945.60,-2.55,False,,0,0.00
BIYA,2026-02-20,10:25:00,2.60,2.50,2.86,10000,10:27:00,2.82,trail_stop,2224.04,8.55,False,,0,0.00
CDIO,2026-02-20,11:00:00,2.88,2.84,2.98,10000,11:03:00,2.94,trail_stop,553.99,1.92,False,,0,0.00
MCRP,2026-02-20,10:03:00,3.63,3.56,3.78,10000,10:19:00,3.55,stop,-843.10,-2.32,False,,0,0.00
NCI,2026-02-20,10:05:00,5.46,5.27,5.78,10000,10:13:00,5.75,trail_stop,2917.07,5.35,False,,0,0.00
CDIO,2026-02-23,10:34:00,2.98,2.93,3.08,5000,10:35:00,2.92,stop,-308.85,-2.07,False,,0,0.00
NCI,2026-02-23,14:12:00,6.91,6.74,7.31,5000,14:24:00,8.43,exhaust+trail_stop,5919.08,17.14,True,7.75,2500,2108.00
ADVB,2026-02-24,10:42:00,4.86,4.72,5.21,10000,10:48:00,4.71,stop,-1590.20,-3.27,False,,0,0.00
GRAN,2026-02-24,10:07:00,3.86,3.71,4.25,10000,10:08:00,3.69,stop,-1693.77,-4.38,False,,0,0.00
MB,2026-02-24,10:23:00,6.21,5.95,6.83,8064,10:26:00,5.93,stop,-2193.86,-4.38,False,,0,0.00
RIME,2026-02-24,11:13:00,2.29,2.25,2.39,10000,11:14:00,2.24,stop,-489.40,-2.13,False,,0,0.00
SEG,2026-02-24,09:45:00,24.02,23.38,25.57,4837,11:01:00,23.31,stop,-3454.30,-2.97,False,,0,0.00
EEIQ,2026-02-25,11:14:00,2.67,2.59,2.87,10000,12:30:00,2.58,stop,-904.40,-3.38,False,,0,0.00
ELWT,2026-02-25,10:05:00,7.56,7.26,8.28,6954,10:18:00,7.24,stop,-2203.98,-4.19,False,,0,0.00
GLOO,2026-02-25,14:17:00,6.69,6.58,6.92,10000,14:57:00,6.64,eod,-466.80,-0.70,False,,0,0.00
MKDW,2026-02-25,10:20:00,2.72,2.61,2.99,10000,14:56:00,2.70,eod,-223.20,-0.82,False,,0,0.00
TRT,2026-02-25,11:06:00,5.32,5.16,5.71,10000,13:27:00,5.14,stop,-1757.95,-3.30,False,,0,0.00
HCTI,2026-02-26,14:14:00,6.46,6.31,6.81,5000,14:21:00,6.29,stop,-826.90,-2.56,False,,0,0.00
RFIL,2026-02-26,10:53:00,11.16,10.88,11.49,5000,11:12:00,10.85,stop,-1568.95,-2.81,False,,0,0.00
VIVS,2026-02-26,09:57:00,2.23,2.20,2.32,5000,09:58:00,2.19,stop,-217.08,-1.94,False,,0,0.00
BESS,2026-02-27,10:52:00,3.49,3.38,3.76,5000,11:29:00,3.37,stop,-595.72,-3.41,False,,0,0.00
BATL,2026-03-02,10:40:00,9.06,8.74,9.83,4838,11:31:00,9.72,trail_stop,3205.89,7.31,False,,0,0.00
INDO,2026-03-02,09:51:00,7.47,7.29,7.89,5000,10:00:00,7.27,stop,-996.15,-2.67,False,,0,0.00
JFB,2026-03-02,10:07:00,17.65,16.99,19.27,2325,10:27:00,18.35,trail_stop,1626.12,3.96,False,,0,0.00
RFIL,2026-03-02,09:46:00,12.51,12.14,13.41,2777,15:00:00,12.88,eod,1034.43,2.98,False,,0,0.00
TMDE,2026-03-02,11:29:00,2.32,2.26,2.47,5000,11:31:00,2.25,stop,-345.50,-2.98,False,,0,0.00
ANNA,2026-03-03,11:26:00,4.15,4.02,4.48,5000,11:47:00,4.01,stop,-730.55,-3.52,False,,0,0.00
BATL,2026-03-03,10:48:00,27.29,26.69,28.71,1754,11:11:00,26.61,stop,-1188.04,-2.48,False,,0,0.00
EDHL,2026-03-03,09:35:00,2.64,2.59,2.76,5000,09:45:00,2.96,exhaust+trail_stop,1648.45,12.48,True,2.98,2500,843.40
EDSA,2026-03-03,09:36:00,2.94,2.82,3.24,5000,09:37:00,2.81,stop,-645.01,-4.38,False,,0,0.00
MXC,2026-03-03,10:31:00,15.31,14.89,16.09,3225,10:45:00,16.01,trail_stop,2261.47,4.58,False,,0,0.00
TMDE,2026-03-03,10:20:00,4.10,3.95,4.48,5000,10:24:00,4.63,exhaust+trail_stop,2651.80,12.92,True,4.64,2500,1339.50
BDMD,2026-03-04,11:05:00,2.97,2.91,3.12,10000,11:08:00,2.90,stop,-717.00,-2.41,False,,0,0.00
BTM,2026-03-04,10:15:00,5.30,5.21,5.47,10000,11:30:00,5.39,trail_stop,932.06,1.76,False,,0,0.00
SPRC,2026-03-04,09:58:00,5.24,5.17,5.37,10000,10:02:00,5.16,stop,-757.55,-1.45,False,,0,0.00
AGIG,2026-03-05,14:03:00,2.41,2.36,2.54,10000,14:16:00,2.35,stop,-594.90,-2.47,False,,0,0.00
DSY,2026-03-05,09:45:00,3.90,3.79,4.18,10000,09:51:00,3.78,stop,-1252.70,-3.21,False,,0,0.00
MTEK,2026-03-05,10:02:00,2.23,2.16,2.41,10000,10:19:00,2.15,stop,-787.10,-3.53,False,,0,0.00
MXC,2026-03-05,14:07:00,14.26,14.07,14.73,10000,14:11:00,14.56,trail_stop,2928.97,2.05,False,,0,0.00
NCI,2026-03-05,14:06:00,9.81,9.47,10.28,10000,14:07:00,9.44,stop,-3682.10,-3.75,False,,0,0.00
RBNE,2026-03-05,14:01:00,3.13,3.02,3.41,10000,14:11:00,3.25,trail_stop,1139.69,3.64,False,,0,0.00
STEM,2026-03-05,10:09:00,13.00,12.75,13.59,8463,10:26:00,13.43,trail_stop,3618.99,3.29,False,,0,0.00
ANNA,2026-03-06,11:29:00,4.41,4.32,4.64,10000,11:35:00,4.31,stop,-1073.70,-2.43,False,,0,0.00
CRE,2026-03-06,11:20:00,4.05,3.99,4.20,10000,11:22:00,3.98,stop,-760.20,-1.88,False,,0,0.00
GCO,2026-03-06,10:36:00,28.63,27.58,30.23,3125,15:17:00,27.50,stop,-3535.13,-3.95,False,,0,0.00
GGR,2026-03-06,11:03:00,4.49,4.44,4.62,10000,11:14:00,4.43,stop,-678.10,-1.51,False,,0,0.00
IBG,2026-03-06,09:59:00,4.67,4.48,5.14,10000,10:04:00,4.47,stop,-2049.15,-4.38,False,,0,0.00
QCLS,2026-03-06,10:20:00,3.95,3.79,4.35,10000,10:55:00,4.58,exhaust+trail_stop,6637.79,16.79,True,4.66,5000,3531.25
TPET,2026-03-06,11:13:00,2.03,1.97,2.18,10000,11:15:00,1.96,stop,-679.40,-3.34,False,,0,0.00
AGH,2026-03-09,10:46:00,4.97,4.85,5.27,10000,10:51:00,5.13,trail_stop,1546.25,3.11,False,,0,0.00
ATRA,2026-03-09,10:49:00,6.22,6.09,6.52,10000,10:51:00,6.07,stop,-1444.80,-2.32,False,,0,0.00
DTCK,2026-03-09,10:12:00,2.20,2.11,2.42,10000,10:18:00,2.48,trail_stop,2801.31,12.72,False,,0,0.00
EDSA,2026-03-09,10:42:00,7.11,6.94,7.51,10000,10:58:00,6.92,stop,-1879.20,-2.64,False,,0,0.00
OPTX,2026-03-09,09:46:00,7.00,6.60,7.68,10000,09:55:00,6.58,stop,-4120.04,-5.89,False,,0,0.00
ACXP,2026-03-11,11:05:00,4.88,4.68,5.37,10000,11:08:00,4.67,stop,-2141.34,-4.38,False,,0,0.00
ANNA,2026-03-11,14:39:00,3.50,3.43,3.68,10000,14:51:00,3.42,stop,-837.90,-2.39,False,,0,0.00
QTTB,2026-03-11,10:57:00,7.09,6.87,7.62,9523,11:03:00,6.85,stop,-2311.18,-3.42,False,,0,0.00
DBGI,2026-03-12,10:26:00,3.82,3.75,3.96,10000,10:32:00,3.74,stop,-850.70,-2.22,False,,0,0.00
EMAT,2026-03-12,10:11:00,8.48,8.22,9.11,7917,10:30:00,8.19,stop,-2262.06,-3.37,False,,0,0.00
GRCE,2026-03-12,11:06:00,4.45,4.36,4.68,10000,11:07:00,4.35,stop,-1075.30,-2.41,False,,0,0.00
MCRP,2026-03-12,14:16:00,4.15,4.10,4.27,10000,14:37:00,4.09,stop,-664.50,-1.60,False,,0,0.00
PLAG,2026-03-12,11:29:00,2.94,2.87,3.12,10000,11:41:00,2.86,stop,-815.50,-2.77,False,,0,0.00
POLA,2026-03-12,14:02:00,2.47,2.38,2.70,10000,14:06:00,2.37,stop,-996.10,-4.03,False,,0,0.00
SXTP,2026-03-12,11:12:00,2.78,2.70,2.98,10000,12:18:00,2.69,stop,-910.79,-3.27,False,,0,0.00
UGRO,2026-03-12,11:25:00,3.34,3.27,3.51,10000,11:35:00,3.26,stop,-795.61,-2.38,False,,0,0.00
BIAF,2026-03-13,09:42:00,2.18,2.09,2.40,10000,09:44:00,2.30,trail_stop,1215.08,5.57,False,,0,0.00
KIDZ,2026-03-13,09:47:00,3.03,2.94,3.26,10000,10:03:00,2.93,stop,-1018.50,-3.36,False,,0,0.00
PLYX,2026-03-13,10:34:00,5.48,5.27,5.98,10000,10:42:00,5.68,trail_stop,2019.76,3.69,False,,0,0.00
SHIM,2026-03-13,09:54:00,3.47,3.38,3.58,10000,09:55:00,3.37,stop,-1036.04,-2.98,False,,0,0.00
SVCO,2026-03-13,10:13:00,4.50,4.42,4.70,10000,10:14:00,4.41,stop,-977.60,-2.17,False,,0,0.00
ACXP,2026-03-16,11:02:00,5.31,5.09,5.84,10000,13:09:00,5.07,stop,-2325.64,-4.38,False,,0,0.00
ARTL,2026-03-16,10:51:00,4.30,4.24,4.45,10000,11:19:00,4.63,exhaust+trail_stop,3126.03,7.26,True,4.60,5000,1478.00
CYN,2026-03-16,10:42:00,2.79,2.75,2.89,10000,11:18:00,2.74,stop,-510.40,-1.83,False,,0,0.00
HBIO,2026-03-16,09:48:00,4.88,4.79,5.02,10000,10:16:00,5.18,exhaust+trail_stop,3275.51,6.71,True,5.24,5000,1780.60
SKYQ,2026-03-16,11:14:00,3.13,3.08,3.22,10000,11:23:00,3.23,trail_stop,990.14,3.16,False,,0,0.00
BIAF,2026-03-17,14:19:00,2.64,2.60,2.74,10000,14:20:00,2.59,stop,-504.40,-1.91,False,,0,0.00
BATL,2026-03-18,09:42:00,14.24,13.66,15.67,5269,09:46:00,13.62,stop,-3290.03,-4.38,False,,0,0.00
QCLS,2026-03-18,11:04:00,4.07,4.01,4.22,10000,11:13:00,4.24,trail_stop,1694.91,4.16,False,,0,0.00
SKYQ,2026-03-18,10:39:00,4.03,3.94,4.24,10000,11:46:00,4.25,trail_stop,2261.51,5.61,False,,0,0.00
ACXP,2026-03-19,10:29:00,6.61,6.39,7.13,10000,10:32:00,6.37,stop,-2357.70,-3.57,False,,0,0.00
DXST,2026-03-19,10:10:00,4.52,4.38,4.89,10000,10:15:00,4.36,stop,-1627.45,-3.60,False,,0,0.00
GOAI,2026-03-19,14:36:00,5.35,5.22,5.66,10000,15:17:00,5.20,stop,-1460.05,-2.73,False,,0,0.00
SER,2026-03-19,11:06:00,2.18,2.13,2.31,10000,11:12:00,2.12,stop,-585.70,-2.68,False,,0,0.00
SIF,2026-03-19,09:59:00,15.27,14.85,16.27,7498,12:23:00,15.73,trail_stop,3465.39,3.03,False,,0,0.00
AIRS,2026-03-20,10:39:00,3.08,3.02,3.23,10000,10:40:00,3.01,stop,-721.40,-2.34,False,,0,0.00
ANNA,2026-03-20,09:39:00,4.16,3.95,4.54,10000,10:15:00,5.13,exhaust+trail_stop,10096.11,24.25,True,5.22,5000,5279.20
BDMD,2026-03-20,11:21:00,2.18,2.12,2.33,10000,11:26:00,2.11,stop,-685.40,-3.14,False,,0,0.00
CODX,2026-03-20,11:24:00,2.64,2.57,2.82,10000,11:29:00,2.56,stop,-803.50,-3.04,False,,0,0.00
EDSA,2026-03-20,09:43:00,8.09,7.79,8.81,6896,09:48:00,8.56,trail_stop,3227.29,5.79,False,,0,0.00
SER,2026-03-20,10:44:00,2.80,2.75,2.93,10000,10:46:00,2.74,stop,-610.50,-2.18,False,,0,0.00
SLNG,2026-03-20,10:12:00,4.37,4.26,4.52,10000,10:16:00,4.57,trail_stop,2019.26,4.62,False,,0,0.00
