symbol,date,entry_time_et,entry_price,stop_loss,target,shares,exit_time_et,exit_price,exit_reason,pnl,pnl_pct,partial_taken,partial_price,partial_shares,partial_pnl
SPCB,2025-01-02,09:49:00,6.114608499999999,5.86416,6.725458499999999,8185,09:51:00,6.4102628455,trail_stop,2419.9308179175073,4.835213006687197,False,,0,0.0
TVRD,2025-01-02,10:32:00,5.5169114,5.3118,6.0124113999999995,15000,12:46:00,5.2958646,stop,-3315.701999999998,-4.006712886489348,False,,0,0.0
WKEY,2025-01-02,09:54:00,9.39939,9.13,10.049389999999999,7692,11:26:00,10.703099085,exhaust+trail_stop,8727.801200909998,12.07162956851455,True,10.365,3846,3713.7360599999993
ATRA,2025-01-03,09:43:00,16.28627,15.4944,17.90027,4645,10:08:00,17.854305910000004,trail_stop,7283.526801950028,9.62796214234448,False,,0,0.0
BDMD,2025-01-03,10:08:00,6.506499999999999,6.2401,7.156249999999999,7695,10:11:00,7.132139200000001,trail_stop,4814.293644000015,9.615602858679813,False,,0,0.0
SYNX,2025-01-03,09:42:00,4.622517899999999,4.4350000000000005,5.079767899999997,10000,09:50:00,4.798044653700002,trail_stop,1755.2675370000247,3.797210903174707,False,,0,0.0
VNCE,2025-01-06,09:41:00,4.9049,4.704000000000001,5.3949,10000,09:53:00,4.689888000000001,stop,-2150.1199999999885,-4.383616383616361,False,,0,0.0
TIL,2025-01-07,10:53:00,27.389061699999996,26.49,28.639061699999996,4000,11:11:00,26.410529999999998,stop,-3914.126799999991,-3.572709831092892,False,,0,0.0
PTLE,2025-01-10,09:38:00,13.002989999999999,12.74,13.627989999999999,8000,09:49:00,13.67486197,trail_stop,5374.975760000012,5.167057499851969,False,,0,0.0
CTEV,2025-01-13,09:36:00,14.764749999999998,14.450000000000001,15.164749999999993,15000,09:38:00,14.40665,stop,-5371.499999999951,-2.4253712389305395,False,,0,0.0
MYSE,2025-01-13,10:41:00,5.795789999999999,5.52,6.3707899999999995,13042,10:50:00,6.28529737,trail_stop,6384.155119540013,8.445912809125263,False,,0,0.0
ROLR,2025-01-13,11:01:00,4.189184999999999,3.99,4.589185,15000,11:08:00,3.9780300000000004,stop,-3167.324999999983,-5.040479234027595,False,,0,0.0
ARQQ,2025-01-15,08:46:00,22.172149999999995,21.72,22.847149999999996,7407,09:29:00,24.270893225000002,exhaust+trail_stop,16615.95345540004,10.117544291912715,True,24.56,3703,8842.208550000014
STFS,2025-01-15,10:27:00,16.486469999999997,15.8899,17.936719999999994,3447,10:39:00,17.261489710000003,trail_stop,2671.49294037002,4.700943925534125,False,,0,0.0
ARQQ,2025-01-16,09:40:00,25.30528,24.096,27.815279999999998,2988,09:54:00,27.188907840000002,trail_stop,5628.279985920008,7.4436158777931025,False,,0,0.0
ARQQ,2025-01-17,08:43:00,33.55352,33.160000000000004,34.45352,8332,08:51:00,33.060520000000004,stop,-4107.675999999959,-1.4692944287216216,False,,0,0.0
SPCB,2025-01-17,09:49:00,12.112099999999998,11.6476,13.243099999999997,4420,10:08:00,11.612657200000001,stop,-2207.537175999987,-4.1235029433376305,False,,0,0.0
BTCT,2025-01-21,10:12:00,7.777669899999999,7.62,8.152419899999998,15000,10:21:00,8.018203109700002,trail_stop,3607.998145500035,3.092612733538645,False,,0,0.0
VATE,2025-01-21,10:38:00,7.317309999999999,7.09,7.7173099999999994,10000,10:41:00,7.0687299999999995,stop,-2485.7999999999956,-3.397150045576853,False,,0,0.0
IDAI,2025-01-22,09:36:00,5.19519,5.04,5.570190000000001,10000,09:39:00,5.0248800000000005,stop,-1703.0999999999974,-3.278224665507897,False,,0,0.0
BDMD,2025-01-23,10:34:00,8.99899,8.7232,9.41599,10000,10:38:00,8.697030400000001,stop,-3019.5959999999823,-3.355483226450949,False,,0,0.0
THCH,2025-01-23,10:39:00,3.3034000999999997,3.1679999999999997,3.6334001,10000,10:59:00,3.1584959999999995,stop,-1449.041000000002,-4.3865137619872385,False,,0,0.0
TIL,2025-01-23,10:47:00,22.011989999999997,21.419999999999998,23.21199,4166,11:02:00,21.355739999999997,stop,-2733.9375,-2.9813297207567335,False,,0,0.0
XCUR,2025-01-23,09:46:00,13.113099999999998,12.69,14.138099999999998,7317,09:51:00,12.65193,stop,-3374.3808899999813,-3.516864814574719,False,,0,0.0
ELAB,2025-01-24,09:51:00,3.3030997999999996,3.167808,3.6330797999999995,10000,09:54:00,3.4941940754000007,trail_stop,1910.9427540000113,5.785301291835056,False,,0,0.0
RNAZ,2025-01-24,10:19:00,8.27827,7.9392,9.105269999999999,9067,10:23:00,8.82437721,trail_stop,4951.554073070006,6.59687603810942,False,,0,0.0
VATE,2025-01-27,10:47:00,11.921909999999999,11.620000000000001,12.646909999999997,6896,11:02:00,11.58514,stop,-2322.3659199999847,-2.824799046461497,False,,0,0.0
JL,2025-01-28,10:00:00,5.805799999999999,5.568,6.385799999999999,8620,10:12:00,7.229346700000001,exhaust+trail_stop,12877.188277000014,25.730706362602945,True,7.37,4310,6741.702000000006
RNAZ,2025-01-29,09:48:00,11.011,10.56,12.110999999999999,6817,09:58:00,10.52832,stop,-3290.4295599999896,-4.38361638361637,False,,0,0.0
WHLR,2025-01-29,11:00:00,7.159152,6.98,7.584152,10000,11:04:00,6.95906,stop,-2000.9199999999971,-2.794912023099939,False,,0,0.0
ACON,2025-01-30,10:02:00,8.5085,8.10144,9.3524,8886,10:14:00,9.035751180000002,trail_stop,4685.153985480019,6.196758300523031,False,,0,0.0
AENT,2025-01-30,10:04:00,7.0072002,6.865,7.3452002,10000,10:41:00,6.844405,stop,-1627.951999999997,-2.3232560131505835,False,,0,0.0
BNGO,2025-01-30,10:21:00,5.680674999999999,5.49,6.1431749999999985,10000,10:59:00,5.47353,stop,-2071.449999999988,-3.6464856729173705,False,,0,0.0
ALGS,2025-01-31,09:54:00,26.266239999999996,25.3053,28.002989999999997,2878,15:00:00,26.62,eod,1018.1212800000136,1.3468239077995359,False,,0,0.0
PLCE,2025-02-05,09:55:00,10.772361599999998,10.47,11.501361599999996,6858,15:00:00,11.23,eod,3138.4841472000153,4.248264373152886,False,,0,0.0
DOMH,2025-02-10,10:08:00,4.1540498999999995,4.01,4.503799899999999,10000,10:14:00,3.9979699999999996,stop,-1560.7989999999993,-3.7572947787651745,False,,0,0.0
MNTS,2025-02-10,10:00:00,5.185179999999999,4.972799999999999,5.703179999999999,9652,10:06:00,5.461187140000001,trail_stop,2664.0209152800167,5.3230001658573425,False,,0,0.0
QNTM,2025-02-10,09:49:00,12.482269799999997,11.971008,13.729249799999998,6013,10:14:00,14.1969500927,exhaust+trail_stop,10620.140621348917,14.149643500124753,True,14.3,3006,5464.09698120001
DOMH,2025-02-11,10:47:00,8.41841,8.21,8.918409999999998,15000,10:54:00,8.18537,stop,-3495.5999999999854,-2.768218701631294,False,,0,0.0
DOMH,2025-02-13,10:03:00,8.27827,8.02,8.60327,10000,10:18:00,8.565954810000001,trail_stop,2876.848100000018,3.4751803214923145,False,,0,0.0
MNTS,2025-02-13,10:45:00,3.8538499999999996,3.696,4.238849999999999,15000,11:22:00,3.684912,stop,-2534.0699999999906,-4.383616383616368,False,,0,0.0
JZXN,2025-02-19,09:59:00,5.255249999999999,5.04,5.78025,14284,10:24:00,5.617845750000001,trail_stop,5179.317693000021,6.899686028257484,False,,0,0.0
REBN,2025-02-19,10:35:00,6.28628,6.140000000000001,6.636279999999998,10000,10:42:00,6.121580000000001,stop,-1646.9999999999895,-2.619991473494642,False,,0,0.0
WOK,2025-02-20,09:43:00,5.935929999999999,5.6928,6.528929999999999,12646,09:47:00,5.6757216,stop,-3290.595426399986,-4.383616383616365,False,,0,0.0
FOXX,2025-02-25,10:03:00,5.805799999999999,5.529599999999999,6.381799999999998,13020,11:00:00,5.513011199999999,stop,-3812.1101759999924,-5.043039718901779,False,,0,0.0
LE,2025-02-25,09:02:00,12.992879899999998,12.49,14.1928799,6249,15:00:00,12.97,eod,-142.97649509998584,-0.17609567837225784,False,,0,0.0
KPLT,2025-02-27,11:06:00,11.19118,10.7328,12.30918,4472,11:41:00,10.700601599999999,stop,-2193.866604800002,-4.3836163836163875,False,,0,0.0
IQST,2025-06-02,10:17:00,12.199186999999998,11.9,12.699186999999997,10000,11:24:00,13.151140861000002,trail_stop,9519.538610000034,7.80342051482614,False,,0,0.0
PTNM,2025-06-04,10:15:00,5.004999999999999,4.86,5.354999999999999,15000,10:25:00,5.239235000000002,trail_stop,3513.5250000000397,4.680019980020034,False,,0,0.0
BHM,2025-06-05,11:15:00,11.85184,11.4856,12.737839999999998,5643,14:27:00,12.47,eod,3488.2768800000076,5.215730215730228,False,,0,0.0
HYPD,2025-06-06,09:40:00,4.604599999999999,4.4159999999999995,5.064599999999999,15000,09:41:00,4.4027519999999996,stop,-3027.719999999987,-4.383616383616366,False,,0,0.0
NA,2025-06-09,09:53:00,8.938229299999998,8.68,9.561479299999998,8022,10:06:00,9.366486687900002,trail_stop,3435.480765733832,4.791300083339819,False,,0,0.0
TAOX,2025-06-09,09:39:00,3.5835799999999995,3.3984,3.9375799999999996,15000,09:42:00,3.3882048,stop,-2930.627999999993,-5.451955865363674,False,,0,0.0
VVPR,2025-06-09,10:52:00,7.062054999999999,6.835,7.378304999999999,10000,11:19:00,6.814495,stop,-2475.5999999999913,-3.5054952135037056,False,,0,0.0
ARQQ,2025-06-16,09:43:00,27.527499999999996,26.4,30.277499999999996,2727,15:45:00,28.835,force_close,3565.5525000000125,4.749795658886585,False,,0,0.0
TCRT,2025-06-16,11:04:00,3.6035999999999997,3.456,3.9635999999999996,10000,11:52:00,4.183611399999999,exhaust+trail_stop,5682.057000000001,15.767723942723944,True,4.16,5000,2782.0000000000023
APVO,2025-06-18,10:24:00,9.5095,9.12,10.459499999999998,7894,10:25:00,9.09264,stop,-3290.6928399999983,-4.383616383616381,False,,0,0.0
AIFU,2025-06-20,09:49:00,4.39439,4.220000000000001,4.719389999999997,10000,10:24:00,4.681423470000001,trail_stop,2870.3347000000167,6.5318160199709565,False,,0,0.0
KYNB,2025-06-20,09:55:00,5.710704999999999,5.49,6.110704999999999,10000,10:01:00,5.47353,stop,-2371.749999999988,-4.153164977003695,False,,0,0.0
PXLW,2025-06-20,10:25:00,7.66766,7.48,8.04591,10000,10:48:00,7.457560000000001,stop,-2100.9999999999886,-2.740079763578443,False,,0,0.0
TAOP,2025-06-20,10:33:00,4.48448,4.3375,4.797229999999999,10000,10:38:00,5.13874737,exhaust+trail_stop,6448.936850000005,14.380567758134735,True,5.12,5000,3177.6000000000026
CIGL,2025-06-23,10:51:00,7.347339999999999,7.135,7.75984,15000,12:18:00,8.099458510000002,exhaust+trail_stop,11510.838825000032,10.4444500322566,True,8.13,7500,5869.950000000013
EPSM,2025-06-23,10:11:00,27.03701,25.99,29.562010000000004,2970,10:34:00,25.912029999999998,stop,-3341.190600000002,-4.160889092395944,False,,0,0.0
IQST,2025-06-23,10:17:00,10.450439999999999,10.2286,10.978939999999998,9460,10:24:00,10.745825520000002,trail_stop,2794.347019200033,2.8265366817091295,False,,0,0.0
LGL,2025-06-23,09:53:00,8.3085002,7.852799999999999,9.126500199999999,9168,09:56:00,8.9673169006,trail_stop,6040.0315111008085,7.929429918049482,False,,0,0.0
MFI,2025-06-23,10:25:00,4.393889499999999,4.24,4.731389499999999,10000,10:45:00,4.22728,stop,-1666.0949999999896,-3.7918454708521683,False,,0,0.0
MIND,2025-06-23,09:43:00,8.2530448,7.824000000000001,9.0680448,9201,10:26:00,7.800528000000001,stop,-4163.607076799989,-5.483028518153675,False,,0,0.0
WKEY,2025-06-23,10:44:00,5.7735677999999995,5.537088000000001,6.3503478,13002,15:45:00,5.88,force_close,1383.8314644000054,1.8434389910516065,False,,0,0.0
HYPD,2025-06-24,09:50:00,7.007,6.72,7.707,7142,10:22:00,6.69984,stop,-2193.7367199999976,-4.383616383616379,False,,0,0.0
MFI,2025-06-24,10:31:00,6.037431399999999,5.91,6.337431399999999,10000,10:40:00,6.343480894200002,trail_stop,3060.494942000025,5.069200358947392,False,,0,0.0
NA,2025-06-24,10:12:00,24.794369599999996,23.778816,27.271329599999998,2018,10:16:00,23.707479552,stop,-2193.3441168639943,-4.383616383616373,False,,0,0.0
COEP,2025-06-25,10:22:00,8.358349999999998,8.19,8.678849999999997,10000,11:24:00,8.645635050000001,trail_stop,2872.8505000000305,3.4371024185395815,False,,0,0.0
FNWB,2025-06-25,10:42:00,6.966959999999999,6.71,7.448209999999999,10000,15:46:00,6.95,force_close,-169.59999999999198,-0.2434347261933354,False,,0,0.0
CYN,2025-06-26,10:24:00,19.519499999999997,18.72,21.469499999999996,3846,10:34:00,22.5825485,trail_stop,11780.484531000016,15.692248776864185,False,,0,0.0
PHOE,2025-07-16,10:28:00,7.99799,7.6704,8.79699,9385,10:31:00,7.6473888,stop,-3290.3922619999985,-4.383616383616381,False,,0,0.0
STG,2025-07-16,09:48:00,12.882869999999997,12.6259,13.493119999999996,8193,10:46:00,13.571478055000002,exhaust+trail_stop,6127.23168133503,5.8050868663389545,True,13.69,4096,3306.0044800000105
GVH,2025-07-21,10:17:00,6.176169999999999,5.930000000000001,6.776169999999997,12499,12:03:00,5.912210000000001,stop,-3299.2360399999775,-4.2738460890810686,False,,0,0.0
STEM,2025-07-21,09:38:00,16.005989999999997,15.3504,17.604989999999994,4689,09:44:00,17.78090677,trail_stop,8322.58473453002,11.089078338796943,False,,0,0.0
PPIH,2025-08-04,09:59:00,24.023999999999997,23.49,24.799000000000003,6451,10:05:00,24.801372,trail_stop,5014.826772000021,3.2358141858141996,False,,0,0.0
AIMD,2025-08-06,09:38:00,3.9149109999999996,3.753504,4.3059009999999995,15000,09:41:00,3.7422434879999997,stop,-2590.012679999998,-4.410509255510531,False,,0,0.0
ELPW,2025-08-07,09:40:00,4.399394999999999,4.23,4.799394999999997,15000,10:13:00,4.21731,stop,-2731.274999999984,-4.138864548420839,False,,0,0.0
MCRB,2025-08-07,09:36:00,15.745729999999998,15.3595,16.196979999999996,15000,09:38:00,15.3134215,stop,-6484.627499999967,-2.745560224899054,False,,0,0.0
QVCGA,2025-08-07,10:31:00,3.9839799999999994,3.8208,4.3819799999999995,10000,10:46:00,3.8093376,stop,-1746.4239999999932,-4.383616383616367,False,,0,0.0
ONEG,2025-08-11,10:35:00,8.22822,7.852799999999999,9.04622,6112,10:36:00,7.8292416,stop,-2438.5559808000044,-4.848902921895632,False,,0,0.0
DOGZ,2025-08-13,10:12:00,9.661151499999999,9.2711,10.612151499999998,7885,10:29:00,10.578018954500001,trail_stop,7229.499878732516,9.49025025122525,False,,0,0.0
DOMH,2025-08-13,09:43:00,7.417409999999999,7.15,8.067409999999999,11538,10:04:00,7.128550000000001,stop,-3332.866679999986,-3.894351262772299,False,,0,0.0
LINK,2025-08-13,11:18:00,6.905898999999999,6.6159360000000005,7.595058999999999,10882,11:47:00,6.596088192000001,stop,-3371.36121265598,-4.4861763544470925,False,,0,0.0
BMRA,2025-08-14,10:00:00,3.9239199999999994,3.7800000000000002,4.273919999999999,10000,10:04:00,4.173521760000001,trail_stop,2496.0176000000133,6.3610308059288,False,,0,0.0
DOGZ,2025-08-14,10:04:00,11.561549999999999,11.290000000000001,12.086549999999997,14284,10:17:00,11.892664650000002,trail_stop,4729.64166060005,2.8639295769166204,False,,0,0.0
HIND,2025-08-14,10:03:00,3.6428391999999996,3.4463999999999997,4.001839199999999,15000,10:13:00,4.151070117600001,trail_stop,7623.4637640000155,13.951505671729928,False,,0,0.0
KYNB,2025-08-18,10:32:00,10.705694999999999,10.51,11.130695,10000,10:40:00,10.47847,stop,-2272.249999999989,-2.1224684618793916,False,,0,0.0
SNGX,2025-08-18,10:53:00,5.05505,4.848,5.5600499999999995,14850,10:54:00,4.833456,stop,-3290.6708999999946,-4.383616383616377,False,,0,0.0
APLM,2025-08-21,10:32:00,6.2062,5.952,6.8262,8064,13:19:00,5.934144,stop,-2193.8595840000007,-4.383616383616385,False,,0,0.0
WYY,2025-08-22,10:55:00,4.3043,4.1000000000000005,4.679299999999998,10000,11:24:00,4.087700000000001,stop,-2165.9999999999877,-5.032177125200354,False,,0,0.0
GWAV,2025-08-25,10:12:00,8.57857,8.2272,9.435569999999998,8751,10:21:00,8.2025184,stop,-3290.8275515999867,-4.383616383616366,False,,0,0.0
PHOE,2025-08-27,09:48:00,9.73973,9.465,10.402230000000001,7547,10:00:00,10.184624190000001,trail_stop,3357.616451930009,4.5678287796479085,False,,0,0.0
QVCGA,2025-08-27,10:01:00,5.965959999999999,5.75,6.4909599999999985,9523,11:50:00,6.255217880000001,trail_stop,2754.6027912400177,4.848471662565655,False,,0,0.0
EFTY,2025-08-29,09:52:00,6.44644,6.29,6.821440000000001,15000,11:43:00,6.27113,stop,-2629.6499999999946,-2.719485483460633,False,,0,0.0
INHD,2025-09-02,10:02:00,5.755749999999999,5.5520000000000005,6.250749999999998,10000,13:12:00,5.535344,stop,-2204.0599999999877,-3.8293185075793565,False,,0,0.0
UUU,2025-09-02,10:59:00,6.16616,5.99,6.5911599999999995,10000,11:01:00,5.97203,stop,-1941.2999999999947,-3.1483127262347956,False,,0,0.0
AIHS,2025-09-03,09:48:00,5.004999999999999,4.8,5.504999999999999,15000,09:56:00,6.136535000000001,trail_stop,16973.025000000034,22.608091908091957,False,,0,0.0
UPC,2025-09-03,10:15:00,4.104099999999999,3.9359999999999995,4.514099999999999,10000,10:19:00,4.3086352,trail_stop,2045.3520000000135,4.983679734899281,False,,0,0.0
HOUR,2025-09-05,10:47:00,4.93493,4.7328,5.42793,10000,10:50:00,5.182276390000001,trail_stop,2473.4639000000147,5.012155998160085,False,,0,0.0
INHD,2025-09-05,10:03:00,10.14013,9.8,10.96513,9090,10:05:00,9.7706,stop,-3359.0276999999933,-3.64423335795497,False,,0,0.0
MCRB,2025-09-08,09:39:00,23.43341,22.79,24.98341,4837,09:40:00,22.721629999999998,stop,-3442.8798600000046,-3.0374580566806157,False,,0,0.0
PTNM,2025-09-09,09:44:00,3.1331299999999995,3.0048,3.4461299999999997,15000,09:57:00,3.3615549900000006,trail_stop,3426.3748500000156,7.290632370824099,False,,0,0.0
PXLW,2025-09-09,10:06:00,11.201189999999999,10.97,11.526189999999996,15000,10:07:00,10.937090000000001,stop,-3961.49999999996,-2.3577851996082324,False,,0,0.0
FOFO,2025-09-25,10:50:00,28.028,27.22,29.303,3921,11:02:00,31.002712,exhaust+trail_stop,12442.530232000001,11.321911440110151,True,31.4,1960,6609.12
AQMS,2025-10-13,09:39:00,6.806799999999999,6.605700000000001,7.292549999999998,15000,09:45:00,7.157263600000002,trail_stop,5256.954000000045,5.148727742845435,False,,0,0.0
NDRA,2025-10-13,10:26:00,8.113105,7.930000000000001,8.413105,15000,10:28:00,8.391644315,trail_stop,4178.089725000023,3.4332023929186364,False,,0,0.0
STEM,2025-10-13,09:41:00,23.393369999999997,22.9466,24.42062,7300,09:49:00,24.120650310000002,trail_stop,5309.146263000034,3.108916372459397,False,,0,0.0
AQMS,2025-10-14,10:39:00,17.257239999999996,16.889999999999997,18.13224,5714,10:42:00,17.878961720000003,trail_stop,3552.517908080041,3.602671806152127,False,,0,0.0
RMCO,2025-10-14,10:54:00,4.13413,3.9359999999999995,4.54413,10000,10:56:00,3.9241919999999997,stop,-2099.380000000002,-5.078166385672443,False,,0,0.0
SDST,2025-10-14,09:38:00,6.306299999999999,6.048,6.936299999999999,11904,09:39:00,6.029856,stop,-3290.789375999996,-4.383616383616379,False,,0,0.0
PFAI,2025-10-15,10:40:00,3.2632599999999994,3.1296,3.5892599999999995,15000,12:18:00,3.5357009800000005,trail_stop,4086.6147000000174,8.348736539534123,False,,0,0.0
SUGP,2025-10-15,10:57:00,8.96896,8.69,9.643960000000003,7407,11:31:00,8.663929999999999,stop,-2259.357210000003,-3.400951726844588,False,,0,0.0
UUU,2025-10-15,09:48:00,6.756749999999999,6.515000000000001,7.0917499999999976,10000,09:53:00,6.495455000000001,stop,-2612.949999999987,-3.8671698671698485,False,,0,0.0
STI,2025-10-17,10:32:00,20.862341499999996,20.00784,22.946491499999997,2399,10:40:00,19.94781648,stop,-2193.9455229799896,-4.3836163836163635,False,,0,0.0
NRXS,2025-10-20,09:50:00,3.6035999999999997,3.408,3.9585999999999997,15000,15:49:00,3.75,force_close,2196.0000000000045,4.062604062604072,False,,0,0.0
PFAI,2025-10-20,10:03:00,4.174169999999999,4.0,4.556419999999999,10000,10:26:00,3.988,stop,-1861.6999999999928,-4.4600483449404145,False,,0,0.0
TAOX,2025-10-20,09:46:00,8.84884,8.6227,9.39209,13804,09:47:00,8.5968319,stop,-3478.719812399992,-2.8479224395513922,False,,0,0.0
VELO,2025-10-20,09:43:00,5.8056999,5.67,6.1304499,15000,09:51:00,5.65299,stop,-2290.6484999999943,-2.6303443620983513,False,,0,0.0
AMCI,2025-10-21,10:10:00,13.753739999999999,13.286,14.88874,4405,10:13:00,13.246141999999999,stop,-2235.969189999999,-3.6906179700939514,False,,0,0.0
GNPX,2025-10-21,10:08:00,11.286275,10.84,12.186274999999998,8332,10:21:00,11.748373825,trail_stop,3850.2074099,4.094343129154659,False,,0,0.0
NERV,2025-10-21,09:49:00,10.44043,10.0128,11.483429999999998,7189,09:52:00,11.996272890000002,trail_stop,11184.95453621002,14.902095890686523,False,,0,0.0
RYOJ,2025-10-21,10:23:00,5.015009999999999,4.8501,5.4147599999999985,15000,10:25:00,5.398844730000001,trail_stop,5757.52095000003,7.6537181381493165,False,,0,0.0
WOK,2025-10-21,09:46:00,3.7527489999999997,3.625,4.060249,10000,10:03:00,3.614125,stop,-1386.2399999999964,-3.6939321015074453,False,,0,0.0
BQ,2025-10-23,10:50:00,9.4094,9.024000000000001,10.3494,7978,10:52:00,8.996928,stop,-3290.7016159999944,-4.383616383616376,False,,0,0.0
VELO,2025-10-23,10:38:00,6.204097899999999,6.0401,6.598597899999999,10000,10:44:00,6.0219797,stop,-1821.181999999988,-2.93545013208123,False,,0,0.0
ABTS,2025-10-24,10:11:00,7.99799,7.8100000000000005,8.447989999999999,10000,10:46:00,8.187373970000001,trail_stop,1893.839700000015,2.367894558507844,False,,0,0.0
VVPR,2025-10-24,10:13:00,5.2052,5.07,5.5302,10000,10:31:00,5.054790000000001,stop,-1504.0999999999904,-2.8896103896103713,False,,0,0.0
MAMK,2025-10-27,10:42:00,5.9059,5.566848,6.48578,8622,11:13:00,6.788521156,trail_stop,7609.959607031999,14.944735874295196,False,,0,0.0
MIND,2025-10-27,09:44:00,11.621609999999999,11.34,11.99661,10000,13:22:00,11.30598,stop,-3156.2999999999874,-2.71588876240038,False,,0,0.0
EKSO,2025-10-29,10:46:00,5.4054,5.2647,5.743650000000001,10000,10:47:00,5.2489059000000005,stop,-1564.9409999999975,-2.8951437451437405,False,,0,0.0
NPT,2025-10-29,10:51:00,8.14814,7.814400000000001,8.96214,9213,11:06:00,7.790956800000001,stop,-3290.7288215999893,-4.383616383616369,False,,0,0.0
NHTC,2025-11-07,10:00:00,3.0432401999999996,2.918592,3.3472601999999996,15000,11:19:00,3.1757957446000002,trail_stop,1988.3331690000095,4.355737171190123,False,,0,0.0
TCX,2025-11-07,09:51:00,21.881859999999996,21.4,22.831860000000002,7894,09:55:00,21.3358,stop,-4310.597639999977,-2.495491699517304,False,,0,0.0
COHN,2025-11-10,09:52:00,10.710699999999997,10.51,11.185699999999995,10000,12:51:00,12.013501050000002,exhaust+trail_stop,10160.505250000035,9.486312986079376,True,11.44,5000,3646.5000000000105
DMRA,2025-11-10,10:45:00,19.76975,18.99,21.669750000000004,3946,10:54:00,18.93303,stop,-3301.697119999999,-4.232324637387927,False,,0,0.0
BODI,2025-11-17,11:01:00,7.15715,7.0155,7.493399999999999,10000,11:46:00,7.316334950000001,trail_stop,1591.849500000011,2.2241387982646876,False,,0,0.0
GDHG,2025-11-19,10:30:00,4.804799999999999,4.608,5.284799999999999,15000,15:56:00,4.61,force_close,-2921.9999999999845,-4.054279054279034,False,,0,0.0
LGCY,2025-11-19,10:15:00,9.694685,9.42,10.119685,10000,12:02:00,9.39174,stop,-3029.4499999999935,-3.1248565580005887,False,,0,0.0
NOMA,2025-11-26,10:30:00,8.108099999999999,7.890000000000001,8.633099999999995,9523,11:36:00,8.406604300000003,trail_stop,2842.656448900045,3.681556714890107,False,,0,0.0
SMX,2025-11-26,09:51:00,6.568261699999999,6.3500000000000005,7.097511699999998,9447,10:01:00,7.259793385100002,trail_stop,6532.8998291397265,10.528382039040906,False,,0,0.0
YDES,2025-11-26,10:26:00,10.710699999999997,10.49,11.110699999999998,10000,10:59:00,11.026122100000002,trail_stop,3154.221000000046,2.9449251682896977,False,,0,0.0
QTTB,2025-12-03,10:45:00,3.9038999999999993,3.7600000000000002,4.228899999999999,10000,10:50:00,3.74872,stop,-1551.799999999992,-3.9749993596147246,False,,0,0.0
QCLS,2025-12-05,09:47:00,7.106999899999999,6.92,7.506999899999999,10000,09:50:00,7.460551099700001,trail_stop,3535.5119970000183,4.974689808283266,False,,0,0.0
KLRS,2025-12-18,10:13:00,10.480469999999999,10.27,10.98047,9999,10:26:00,10.75716141,trail_stop,2766.637408590015,2.640066809980865,False,,0,0.0
LONA,2025-12-18,09:37:00,7.846338499999999,7.6301000000000005,8.367338499999995,9596,09:38:00,7.6072097,stop,-2294.6799647999874,-3.0476482756893386,False,,0,0.0
VELO,2025-12-18,09:41:00,11.5513398,11.01,12.651339799999997,6817,09:43:00,10.97697,stop,-3915.4789265999966,-4.97232191195691,False,,0,0.0
BENF,2025-12-19,10:02:00,6.13613,6.01,6.4361299999999995,15000,10:05:00,5.991969999999999,stop,-2162.400000000004,-2.3493635239149153,False,,0,0.0
NTRP,2025-12-19,10:03:00,4.15415,4.0200000000000005,4.479149999999999,10000,15:00:00,4.11,eod,-441.49999999999244,-1.0627926290576712,False,,0,0.0
AGCC,2025-12-22,10:29:00,11.533121599999998,10.9536,12.674121599999998,6573,11:42:00,10.9207392,stop,-4025.189515199985,-5.309771467249577,False,,0,0.0
QNTM,2025-12-22,10:15:00,11.391279899999997,10.99,12.366029899999994,5129,10:30:00,10.95703,stop,-2227.2677370999872,-3.8121256242680652,False,,0,0.0
JFB,2025-12-23,10:18:00,15.135119999999997,14.4096,16.63612,3331,10:26:00,14.3663712,stop,-2560.702252799991,-5.0792382220953485,False,,0,0.0
RDAC,2025-12-23,10:27:00,10.512502,10.08,11.562502,7141,10:32:00,10.049760000000001,stop,-3304.4406219999905,-4.401825559700238,False,,0,0.0
GLSI,2025-12-24,10:28:00,16.08607,15.620000000000001,16.49432,15000,11:36:00,16.77226181,trail_stop,10292.877150000006,4.2657517342644935,False,,0,0.0
AMCI,2025-12-26,09:55:00,10.940929999999998,10.492799999999999,12.033929999999998,6861,10:19:00,11.44742439,trail_stop,3475.0580097900142,4.6293540859872255,False,,0,0.0
GLSI,2025-12-29,10:33:00,25.025,24.459999999999997,26.375000000000007,3703,10:37:00,24.386619999999997,stop,-2363.9211400000054,-2.5509690309690374,False,,0,0.0
GVH,2025-12-29,09:45:00,3.5135099999999992,3.3695999999999997,3.8645099999999992,15000,09:47:00,3.8345517300000007,trail_stop,4815.625950000022,9.137350683504573,False,,0,0.0
EKSO,2025-12-30,09:09:00,8.348339999999999,8.19,8.723339999999999,10000,09:23:00,8.60566532,trail_stop,2573.253200000014,3.082353138468264,False,,0,0.0
GLSI,2025-12-30,10:05:00,28.768739999999994,27.5904,31.642739999999993,2608,10:24:00,27.5076288,stop,-3288.9780095999868,-4.383616383616367,False,,0,0.0
RVYL,2026-01-02,09:42:00,6.0761701,5.7216,6.6721701,8389,09:54:00,5.7044352,stop,-3118.4840760999987,-6.117914638367347,False,,0,0.0
STI,2026-01-02,09:51:00,7.932924999999999,7.6437,8.548675,8120,10:26:00,8.415452675000003,trail_stop,3918.1247210000292,6.0825946923739185,False,,0,0.0
MNTS,2026-01-05,09:25:00,9.92992,9.58,10.779919999999999,8823,09:27:00,9.55126,stop,-3340.91718,-3.8133237730011924,False,,0,0.0
PASG,2026-01-05,10:19:00,15.455439999999998,15.1935,16.071689999999997,8113,10:20:00,15.1479195,stop,-2494.913816499977,-1.9897233595419945,False,,0,0.0
INBS,2026-01-06,10:22:00,12.32231,11.9,13.34731,7317,10:32:00,11.8643,stop,-3351.2591699999984,-3.71691671447967,False,,0,0.0
MNTS,2026-01-06,10:57:00,9.991481499999999,9.67,10.770231500000001,9630,11:26:00,9.64099,stop,-3375.233144999987,-3.5079032073471654,False,,0,0.0
PASG,2026-01-06,09:47:00,18.017999999999997,17.300099999999997,19.267750000000007,6000,14:57:00,18.52,eod,3012.0000000000146,2.7861027861028003,False,,0,0.0
RNAZ,2026-01-06,09:53:00,7.867859999999999,7.55,8.64286,6451,10:07:00,7.52735,stop,-2196.630009999995,-4.3278604347306535,False,,0,0.0
VELO,2026-01-06,09:49:00,17.02701,16.639999999999997,17.77701000000001,9999,10:14:00,17.510201329999997,trail_stop,4831.430108669968,2.8377931885868204,False,,0,0.0
ACON,2026-01-08,11:02:00,7.78778,7.5600000000000005,8.337779999999999,9090,11:22:00,7.53732,stop,-2276.681399999995,-3.2160641415140065,False,,0,0.0
ELWT,2026-01-08,10:08:00,4.737532799999999,4.54,5.187532799999999,10000,10:35:00,5.3850298992,exhaust+trail_stop,6299.821496000004,13.297684178566541,True,5.35,5000,3062.336000000001
INBS,2026-01-08,10:23:00,15.705689999999997,15.0624,17.27469,4779,10:29:00,15.0172128,stop,-3290.232538799989,-4.38361638361637,False,,0,0.0
INBS,2026-01-09,10:18:00,18.27826,17.75,19.55326,3921,10:19:00,17.69675,stop,-2280.100709999992,-3.1814297422183406,False,,0,0.0
KLRS,2026-01-09,10:27:00,9.489479999999999,9.315,9.876730000000002,10000,10:33:00,9.287054999999999,stop,-2024.2499999999986,-2.1331516584681127,False,,0,0.0
NBY,2026-01-09,10:35:00,11.72171,11.47,12.296709999999996,13042,10:41:00,12.211545130000001,trail_stop,6388.429765460016,4.178870915591677,False,,0,0.0
BDSX,2026-01-12,08:54:00,6.86686,6.73,7.19186,10000,08:59:00,6.70981,stop,-1570.499999999999,-2.2870715290540353,False,,0,0.0
CARL,2026-01-12,10:14:00,14.229214999999998,13.99,14.629214999999999,10000,10:49:00,13.948030000000001,stop,-2811.8499999999713,-1.9761104178972428,False,,0,0.0
FBRX,2026-01-12,09:46:00,27.907879999999995,27.33,29.28288,5454,09:51:00,28.41661364,trail_stop,2774.6332725600337,1.8229032086995012,False,,0,0.0
INBS,2026-01-12,10:31:00,20.495975499999997,19.889999999999997,21.959725500000005,3415,10:40:00,19.830329999999996,stop,-2273.1793825000004,-3.2476887962712495,False,,0,0.0
SRL,2026-01-12,09:40:00,8.31831,8.05,8.643309999999998,10000,10:24:00,9.337747465,exhaust+trail_stop,10230.637324999998,12.298937314190018,True,9.345,5000,5133.450000000002
SUGP,2026-01-12,09:40:00,7.269261999999999,6.97152,7.995461999999999,10327,10:14:00,8.585295613,exhaust+trail_stop,14337.787871532015,19.09930884841888,True,8.73,5163,7541.790294000009
UUU,2026-01-12,09:56:00,5.71571,5.4816,6.286709999999999,13134,10:31:00,6.107512330000001,trail_stop,5145.931802220023,6.854832208072168,False,,0,0.0
AHMA,2026-01-13,10:11:00,10.40039,9.974400000000001,11.43939,7218,10:19:00,10.931117970000003,trail_stop,3830.79448746002,5.102962196609961,False,,0,0.0
RYOJ,2026-01-13,09:53:00,3.7537499999999997,3.5904000000000003,4.12775,15000,09:56:00,3.5796288,stop,-2611.8179999999948,-4.638593406593397,False,,0,0.0
LFS,2026-01-14,10:53:00,3.3233199999999994,3.1900000000000004,3.6483199999999982,10000,11:00:00,3.1804300000000003,stop,-1428.8999999999908,-4.299616046603971,False,,0,0.0
JL,2026-01-15,10:48:00,6.856849999999999,6.65,7.356849999999997,10000,10:52:00,7.171570550000002,trail_stop,3147.205500000032,4.589870713228425,False,,0,0.0
ROLR,2026-01-15,10:39:00,25.3253,24.54,27.175300000000004,2702,10:41:00,24.46638,stop,-2320.8018399999937,-3.3915491623001413,False,,0,0.0
SPHL,2026-01-15,10:55:00,11.361349999999998,10.895999999999999,12.496349999999998,6607,11:01:00,11.998546050000002,trail_stop,4209.954302350024,5.6084536608766005,False,,0,0.0
AGH,2026-01-16,09:47:00,4.4044,4.2700000000000005,4.729399999999999,10000,10:34:00,4.2571900000000005,stop,-1472.099999999994,-3.342339478703101,False,,0,0.0
LCFY,2026-01-16,09:16:00,6.106099999999999,5.856,6.716099999999999,12294,09:20:00,5.838432,stop,-3290.710391999984,-4.383616383616363,False,,0,0.0
VELO,2026-01-16,09:52:00,19.518498999999995,19.049999999999997,20.618249,6819,09:58:00,18.992849999999997,stop,-3584.400530999985,-2.6930810612024927,False,,0,0.0
WATT,2026-01-16,10:11:00,5.65565,5.5101,5.980399999999998,10000,10:20:00,5.4935697,stop,-1620.802999999995,-2.865812064042144,False,,0,0.0
BDSX,2026-01-20,10:59:00,8.798789999999999,8.450000000000001,9.273789999999996,15000,15:00:00,8.842,eod,648.1500000000295,0.4910902521824248,False,,0,0.0
OPTX,2026-01-20,09:45:00,4.15415,4.0200000000000005,4.479149999999999,10000,09:47:00,4.0079400000000005,stop,-1462.0999999999906,-3.519612917203256,False,,0,0.0
POLA,2026-01-20,10:20:00,3.62362,3.4176,3.9796199999999997,15000,10:21:00,3.4073472000000002,stop,-3244.091999999994,-5.968418322009471,False,,0,0.0
RAY,2026-01-20,09:48:00,4.1640599,4.03,4.4640599000000005,10000,10:40:00,4.3229322797,trail_stop,1588.723797,3.8153240711066627,False,,0,0.0
AQMS,2026-01-21,09:39:00,7.437429999999999,7.1328,8.18043,6729,09:46:00,7.1114016,stop,-2193.8451035999956,-4.383616383616375,False,,0,0.0
MOB,2026-01-21,10:16:00,8.75875,8.59,9.15875,10000,10:27:00,8.56423,stop,-1945.1999999999891,-2.220864849436266,False,,0,0.0
POCI,2026-01-21,10:46:00,4.91491,4.7136000000000005,5.4059099999999995,10000,14:49:00,5.1015,eod,1865.899999999998,3.7964072587290474,False,,0,0.0
GLSI,2026-01-22,10:36:00,24.27425,23.95,25.02425,6666,11:15:00,25.640721375,exhaust+trail_stop,8906.513842875,5.504230563251182,True,25.58,3333,4352.06475
NAMM,2026-01-22,10:37:00,3.14314,3.0144,3.45714,15000,10:39:00,3.2714162200000003,trail_stop,1924.1433000000075,4.08114878751823,False,,0,0.0
ASTI,2026-01-23,10:55:00,7.043536499999999,6.84,7.5347865,10000,11:54:00,6.8194799999999995,stop,-2240.5649999999964,-3.1810227717283737,False,,0,0.0
MOVE,2026-01-23,10:24:00,17.77776,17.06,19.527760000000008,4285,10:52:00,19.02499328,trail_stop,5344.394604799999,7.015694215694214,False,,0,0.0
LE,2026-01-26,09:31:00,17.167149999999996,16.75,18.167149999999992,5000,09:46:00,18.457311450000002,trail_stop,6450.807250000033,7.515291996633144,False,,0,0.0
SCWO,2026-01-26,09:37:00,3.5535499999999995,3.3762000000000003,3.8550499999999985,15000,09:40:00,3.3660714000000005,stop,-2812.178999999986,-5.275811512431205,False,,0,0.0
FIEE,2026-01-27,09:44:00,5.4054,5.184,5.9454,13888,12:54:00,5.6615642,trail_stop,3557.6084095999963,4.739042439042434,False,,0,0.0
RVYL,2026-01-27,10:59:00,6.486479999999999,6.29,6.88648,10000,11:14:00,6.27113,stop,-2153.4999999999905,-3.3199824866491388,False,,0,0.0
BUUU,2026-01-28,10:31:00,11.00099,10.511999999999999,12.09599,4566,10:32:00,10.480464,stop,-2376.7217160000014,-4.73162869887165,False,,0,0.0
KRRO,2026-01-28,09:36:00,12.24223,11.93,12.967230000000002,10344,09:37:00,11.89421,stop,-3599.91888,-2.8427827283101204,False,,0,0.0
DBGI,2026-01-29,09:41:00,9.32932,8.9472,10.26132,8046,09:44:00,8.920358400000001,stop,-3290.505033599982,-4.383616383616361,False,,0,0.0
IBG,2026-02-02,10:32:00,4.28428,4.1088000000000005,4.71228,15000,10:39:00,4.710346440000001,trail_stop,6390.99660000002,9.944878486000015,False,,0,0.0
OPTX,2026-02-02,10:59:00,6.546539999999999,6.3301,7.071289999999999,14292,11:19:00,6.3111097,stop,-3364.769847599987,-3.596255426530642,False,,0,0.0
JFB,2026-02-03,10:32:00,30.665634999999998,30.119999999999997,31.615635000000005,7894,10:56:00,32.1205309525,exhaust+trail_stop,12588.012979517498,5.200056924469361,True,32.4,3947,6845.538655000001
PMN,2026-02-03,09:59:00,15.755739999999998,15.290000000000001,16.880739999999996,6666,11:31:00,17.11562861,exhaust+trail_stop,9262.902317130023,8.819479789587819,True,17.175,3333,4730.39358000001
PAVM,2026-02-04,09:41:00,11.3113,10.848,12.4413,4424,10:14:00,10.815456000000001,stop,-2193.6138559999918,-4.383616383616368,False,,0,0.0
POAS,2026-02-04,10:36:00,5.605499899999999,5.4,6.105249899999998,10000,11:04:00,5.996456599700001,trail_stop,3909.5669970000204,6.97451978725398,False,,0,0.0
SIF,2026-02-11,09:40:00,7.887879999999999,7.5834,8.629379999999998,6743,10:27:00,8.74145672,exhaust+trail_stop,6357.537219840007,11.952959741303825,True,8.92,3371,3479.2765200000026
SMX,2026-02-11,10:44:00,15.695679999999998,15.39,16.420679999999997,6896,10:59:00,15.996187040000006,trail_stop,2072.296547840057,1.9145843951966932,False,,0,0.0
DBGI,2026-02-13,09:44:00,3.8438399999999993,3.7,4.193839999999999,10000,09:51:00,4.043991520000001,trail_stop,2001.5152000000214,5.207072094572151,False,,0,0.0
EMAT,2026-02-13,09:51:00,8.5085,8.16,9.3585,5882,10:00:00,8.13552,stop,-2193.8683600000004,-4.383616383616385,False,,0,0.0
DBGI,2026-02-17,10:23:00,5.634528899999999,5.48,6.006778899999998,15000,10:26:00,5.46356,stop,-2564.533499999988,-3.0343069142834502,False,,0,0.0
EEIQ,2026-02-17,10:32:00,3.6536499999999994,3.504,4.018649999999999,10000,10:33:00,3.493488,stop,-1601.6199999999924,-4.3836163836163635,False,,0,0.0
OBAI,2026-02-17,10:41:00,3.8738699999999997,3.74,4.198869999999999,15000,11:00:00,3.7287800000000004,stop,-2176.349999999989,-3.7453502569781456,False,,0,0.0
RIME,2026-02-17,10:35:00,3.3234201,3.1487999999999996,3.6514200999999997,15000,10:47:00,3.1393535999999997,stop,-2760.997500000002,-5.538466232421238,False,,0,0.0
PSIG,2026-02-18,10:15:00,6.005899899999999,5.7504,6.6048998999999995,12520,11:05:00,5.7331488,stop,-3414.8437719999865,-4.541386046077774,False,,0,0.0
AHMA,2026-02-19,09:59:00,8.48848,8.01408,9.323279999999999,5989,10:13:00,8.998523200000001,trail_stop,3054.6487248000117,6.008651725632881,False,,0,0.0
BATL,2026-02-19,11:03:00,5.045039999999999,4.8384,5.54904,14880,11:06:00,5.24756992,trail_stop,3013.645209600012,4.0144363572935164,False,,0,0.0
INTS,2026-02-19,10:02:00,6.3018956,6.0243,6.7411456,15000,10:58:00,6.6025371868,trail_stop,4509.623802000005,4.77065324281158,False,,0,0.0
ROLR,2026-02-19,11:02:00,4.953949,4.79,5.351448999999999,10000,11:23:00,4.77563,stop,-1783.1900000000012,-3.5995324134342144,False,,0,0.0
ADVB,2026-02-24,10:42:00,4.86486,4.720000000000001,5.214859999999999,15000,10:48:00,4.70584,stop,-2385.2999999999993,-3.2687477131921563,False,,0,0.0
GRAN,2026-02-24,10:07:00,3.8638599999999994,3.7056,4.249859999999999,10000,10:08:00,3.6944832,stop,-1693.7679999999932,-4.383616383616367,False,,0,0.0
MB,2026-02-24,10:23:00,6.2062,5.952,6.8262,8064,10:26:00,5.934144,stop,-2193.8595840000007,-4.383616383616385,False,,0,0.0
SEG,2026-02-24,09:45:00,24.023999999999997,23.38,25.574,4837,11:01:00,23.30986,stop,-3454.295179999985,-2.97261072261071,False,,0,0.0
ELWT,2026-02-25,10:05:00,7.557549999999999,7.2624,8.276549999999997,6954,10:18:00,7.2406128,stop,-2203.9812887999933,-4.193650058550708,False,,0,0.0
TRT,2026-02-25,11:06:00,5.320315,5.16,5.707815,15000,13:27:00,5.14452,stop,-2636.924999999999,-3.3042216485302074,False,,0,0.0
RFIL,2026-02-26,10:53:00,11.16115,10.88,11.485899999999997,10000,11:12:00,10.84736,stop,-3137.8999999999915,-2.811448641045046,False,,0,0.0
BATL,2026-03-02,10:40:00,9.05905,8.74,9.834050000000001,9676,11:31:00,9.72169715,trail_stop,6411.773823400014,7.314753202598524,False,,0,0.0
INDO,2026-03-02,09:51:00,7.467359899999999,7.29,7.8921098999999995,15000,10:00:00,7.26813,stop,-2988.4484999999827,-2.6680098812432873,False,,0,0.0
JFB,2026-03-02,10:07:00,17.652635,16.99,19.265135000000008,4650,10:27:00,18.352043204999998,trail_stop,3252.2481532499883,3.962061216356637,False,,0,0.0
RFIL,2026-03-02,09:46:00,12.5125,12.14,13.412499999999998,5555,15:00:00,12.885,eod,2069.237500000003,2.9770229770229815,False,,0,0.0
BATL,2026-03-03,10:48:00,27.28726,26.689999999999998,28.712260000000008,3508,11:11:00,26.60993,stop,-2376.0736400000046,-2.4822206406946,False,,0,0.0
MXC,2026-03-03,10:31:00,15.310294999999998,14.89,16.085294999999995,6451,10:45:00,16.011525885,trail_stop,4523.640439135019,4.580126542303744,False,,0,0.0
TMDE,2026-03-03,10:20:00,4.104099999999999,3.95,4.479099999999997,10000,10:24:00,4.629021150000001,exhaust+trail_stop,5303.605750000013,12.92270107940843,True,4.6399,5000,2679.0000000000045
SPRC,2026-03-04,10:05:00,5.23523,5.05,5.685230000000001,15000,10:19:00,5.03485,stop,-3005.7,-3.8275300225587032,False,,0,0.0
STEM,2026-03-05,10:09:00,12.999286299999998,12.75,13.590036299999998,8463,10:26:00,13.426911758900001,trail_stop,3618.9942586707275,3.2896072063587316,False,,0,0.0
GCO,2026-03-06,10:36:00,28.6286,27.580099999999998,30.22835,3125,15:17:00,27.497359699999997,stop,-3535.1259375000054,-3.951434230105565,False,,0,0.0
IBG,2026-03-06,09:59:00,4.6745699,4.483104,5.1415599,10000,10:04:00,4.469654688,stop,-2049.152119999995,-4.383616383616373,False,,0,0.0
QCLS,2026-03-06,10:20:00,3.95395,3.7920000000000003,4.34895,10000,10:55:00,4.575257925000001,exhaust+trail_stop,6637.789625000003,16.78774295324929,True,4.6602,5000,3531.249999999999
EDSA,2026-03-09,10:42:00,7.107099999999999,6.94,7.507099999999998,15000,10:58:00,6.919180000000001,stop,-2818.7999999999747,-2.644116446933325,False,,0,0.0
OPTX,2026-03-09,09:46:00,6.996989999999999,6.6048,7.684989999999999,10900,09:55:00,6.5849856,stop,-4490.847959999988,-5.888309115776912,False,,0,0.0
