strategy,day,sym,fill_m,fill_et,fill,stop_pct,slip_bps,exit,hold_min,pnl,R,gap_pct,pdr_pct,open_to_fill_pct,mfe_R,mfe_min,mae_R,close_R,hi_after_exit_R,stopbar_close_above_stop,recover_above_fill_60m,vol_break_vs_prior5,or5_range_pct,spy_open_to_fill,spy_open_to_1030,spy_open_to_close
bull_flag,2026-03-16,CYN,643.0,10:43,2.8,1.43,36.0,stop_loss,37.0,-500.0,-1.25,8.4,16.0,8.5,1.5,6.0,1.25,-11.5,3.7,True,True,0.8,4.3,-0.03,0.2,0.09
bull_flag,2026-03-16,ARTL,651.0,10:51,4.35,1.38,116.0,stop_loss,3.0,-1400.0,-2.33,2.9,8.0,12.4,0.0,1.0,1.17,4.17,6.5,True,True,0.4,4.7,0.03,0.2,0.09
bull_flag,2026-03-17,RFIL,,,,,,never_reconciled,,,,-4.2,18.7,,,,,,,,,,,,0.04,-0.24
bull_flag,2026-03-17,BGLC,,,,,,never_reconciled,,,,-0.4,0.8,,,,,,,,,,,,0.04,-0.24
bull_flag,2026-03-17,BIAF,884.0,14:44,2.77,1.44,-36.0,stop_loss,1.0,-476.0,-0.95,16.8,23.4,24.2,1.75,1.0,3.75,-1.5,5.25,False,True,2.4,11.7,-0.22,0.04,-0.24
bull_flag,2026-03-18,ACXP,,,,,,never_reconciled,,,,-0.6,19.3,,,,,,,,,,,,-0.31,-1.02
bull_flag,2026-03-18,LONA,,,,,,never_reconciled,,,,-0.2,42.9,,,,,,,,,,,,-0.31,-1.02
bull_flag,2026-03-18,SVCO,846.0,14:06,5.65,1.06,0.0,stop_loss,2.0,-700.0,-1.17,-0.4,5.1,14.1,-0.58,2.0,1.13,6.67,7.83,True,True,0.6,2.9,-0.26,-0.31,-1.02
bull_flag,2026-03-19,ACXP,630.0,10:30,6.62,3.47,30.0,stop_loss,2.0,-3428.0,-1.71,-3.8,21.0,32.1,0.13,1.0,1.57,0.0,4.0,True,True,2.5,9.9,-0.07,-0.07,0.42
bull_flag,2026-03-20,BDMD,681.0,11:21,2.189915,3.19,45.0,unknown_exit,1.0,0.0,0.0,-1.8,23.4,30.4,0.14,2.0,0.7,-2.57,0.57,,,0.9,5.4,-0.67,-0.62,-1.21
bull_flag,2026-03-24,FEED,668.0,11:08,2.28,4.0,0.0,force_close,277.0,-700.0,-0.77,53.8,20.0,3.6,2.74,18.0,3.4,-0.33,0.33,,,0.6,16.0,0.55,0.22,0.29
bull_flag,2026-03-24,CVV,685.0,11:25,5.094694,3.82,31.0,force_close,260.0,-47.0,-0.03,8.8,14.3,25.5,1.31,68.0,0.69,0.28,0.62,,,2.0,4.7,0.84,0.22,0.29
bull_flag,2026-03-25,MKDW,599.0,09:59,3.69,4.61,138.0,force_close,56.0,3200.0,2.67,6.5,62.7,12.8,3.0,44.0,0.65,9.12,10.82,,,2.2,3.7,-0.33,-0.09,-0.29
bull_flag,2026-03-26,NDLS,589.0,09:49,8.75,4.66,69.0,force_close,20.0,3797.0,1.27,23.8,13.8,16.7,2.28,19.0,0.2,1.3,2.94,,,1.3,13.4,0.21,0.29,-1.07
bull_flag,2026-03-26,SUNE,593.0,09:53,3.1,3.87,32.0,force_close,16.0,-1300.0,-1.18,-1.1,19.1,17.4,-0.17,1.0,1.25,0.29,3.0,,,2.8,1.6,0.38,0.29,-1.07
bull_flag,2026-03-26,MKDW,589.0,09:49,6.2,5.48,166.0,force_close,20.0,4800.0,2.01,0.4,70.2,18.1,1.88,20.0,0.79,4.41,4.41,,,1.2,3.1,0.21,0.29,-1.07
bull_flag,2026-03-26,EEIQ,647.0,10:47,8.053904,4.64,67.0,stop_loss_timeout,1.0,-3738.0,-1.25,75.5,33.7,67.8,-0.49,1.0,1.35,0.98,4.67,True,True,2.1,22.3,0.09,0.29,-1.07
bull_flag,2026-03-27,SST,855.0,14:15,3.25,3.95,31.0,trail_stop,5.0,3205.0,2.71,2.9,17.0,130.5,3.43,6.0,-0.08,1.11,11.68,True,True,3.8,5.7,-1.08,-0.52,-1.31
bull_flag,2026-03-30,EEIQ,596.0,09:56,10.08,3.47,10.0,stop_loss,2.0,-3176.0,-1.06,50.6,29.5,-4.1,-0.34,2.0,1.09,-4.97,0.71,True,True,1.1,11.9,-0.77,-0.61,-1.27
bull_flag,2026-03-31,POLA,592.0,09:52,2.555204,4.12,59.0,trail_stop,7.0,1248.0,1.38,17.4,28.2,11.6,2.23,5.0,0.57,-5.47,3.18,True,True,1.2,5.4,0.41,0.53,1.77
bull_flag,2026-03-31,MASK,681.0,11:21,2.73,4.35,37.0,take_profit,1.0,4900.0,4.5,31.5,15.6,67.5,2.69,1.0,-1.94,-3.87,4.97,,,1.9,11.8,0.33,0.53,1.77
bull_flag,2026-04-01,AGPU,685.0,11:25,3.455902,4.16,17.0,force_close,167.0,-968.0,-0.7,14.2,12.4,86.8,4.96,11.0,2.47,0.72,1.7,,,2.7,3.4,0.43,0.22,0.2
bull_flag,2026-04-13,OPTX,581.0,09:41,11.4698,3.49,61.0,stop_loss,37.0,-327.0,-1.09,10.6,10.8,10.9,1.83,26.0,1.05,0.55,1.0,True,True,0.8,10.2,-0.03,0.32,1.27
bull_flag,2026-04-13,AGCC,608.0,10:08,14.231282,5.21,163.0,force_close,338.0,152.0,1.52,0.0,6.6,-3.9,1.31,258.0,0.68,1.16,1.38,,,0.3,11.2,0.3,0.32,1.27
bull_flag,2026-04-14,APLX,629.0,10:29,18.098785,1.54,16.0,thin_liquidity_reject,0.0,-59.0,-0.39,10.0,18.2,14.5,,,,0.33,2.52,,,0.3,3.5,0.48,0.47,0.98
bull_flag,2026-05-05,INTT,585.0,09:45,17.01,4.17,18.0,stop_loss,32.0,-219.0,-1.09,-13.3,6.7,5.8,1.12,1.0,1.07,-1.31,0.25,False,False,0.8,9.0,0.1,0.19,0.27
bull_flag,2026-05-07,PN,601.0,10:01,6.973279,5.01,106.0,stop_loss_bracket_sl_race,6.0,-221.0,-1.31,-11.8,25.0,-3.4,0.94,2.0,1.1,2.02,2.37,True,True,0.2,15.2,-0.11,-0.06,-0.47
bull_flag,2026-05-11,GVH,633.0,10:33,4.85,3.3,62.0,trail_stop,2.0,-148.0,-1.46,1.4,8.7,9.5,0.94,1.0,1.56,0.0,0.19,True,False,1.0,9.7,0.23,0.28,0.38
bull_flag,2026-05-15,RCEL,598.0,09:58,5.2,4.23,136.0,trail_stop,37.0,96.0,1.7,6.9,9.2,11.6,1.77,32.0,0.73,-2.91,1.27,True,True,0.1,17.4,-0.35,-0.04,-0.37
bull_flag,2026-05-18,AGPU,597.0,09:57,5.04,4.56,100.0,stop_loss,20.0,-136.0,-1.3,-9.1,18.2,-5.3,0.7,2.0,1.04,-1.65,0.13,True,False,0.0,19.1,0.14,-0.09,-0.17
bull_flag,2026-05-18,ONDL,643.0,10:43,14.99,1.33,7.0,stop_loss,3.0,-145.0,-1.29,0.1,32.9,-16.6,-0.22,1.0,3.3,-0.77,1.32,False,True,0.8,5.9,-0.17,-0.09,-0.17
orb,2026-05-19,WAY,586.0,09:46,19.88,3.27,-10.0,tag_bb,0.0,5.0,0.18,5.4,4.9,1.7,0.28,1.0,-0.18,-0.45,0.78,,,7.0,3.1,-0.22,-0.27,-0.13
orb,2026-05-19,CORD,586.0,09:46,6.996241,4.66,-34.0,tag_bb,0.0,-3.0,-0.07,10.2,15.5,0.8,-0.07,1.0,0.4,-0.6,1.18,,,0.5,4.9,-0.22,-0.27,-0.13
orb,2026-05-19,PURR,586.0,09:46,7.58,5.01,-26.0,tag_bb,0.0,-1.0,-0.01,6.9,6.2,2.3,0.36,1.0,0.08,0.54,0.95,,,1.3,5.3,-0.22,-0.27,-0.13
orb,2026-05-19,LMRI,586.0,09:46,7.29,5.9,0.0,force_close,358.0,-265.0,-0.65,7.1,11.6,0.6,0.02,2.0,0.84,-0.72,-0.4,,,66.5,6.0,-0.22,-0.27,-0.13
orb,2026-05-20,GLWG,631.0,10:31,26.23,2.78,-23.0,tag_bb,1.0,-3.0,-0.12,5.3,13.3,2.1,-0.03,1.0,0.23,-0.81,0.37,,,2.7,2.8,0.4,0.38,0.76
orb,2026-05-20,QUIK,607.0,10:07,20.0417,4.6,-4.0,force_close,337.0,20.0,0.48,7.1,11.1,4.6,0.68,338.0,0.67,0.43,0.68,,,5.3,4.5,-0.07,0.38,0.76
orb,2026-05-21,IREG,579.0,09:39,21.18,5.57,0.0,force_close,366.0,681.0,1.77,4.3,18.0,4.2,1.88,358.0,0.3,1.94,1.97,,,0.2,5.6,-0.13,0.04,0.55
orb,2026-05-21,YANG,575.0,09:35,29.7797,0.94,-27.0,stop_loss,19.0,-54.0,-0.8,5.5,3.0,0.8,0.43,8.0,1.29,-3.15,0.25,False,True,1.3,0.9,-0.06,0.04,0.55
orb,2026-05-21,GRRR,575.0,09:35,14.24,2.18,-28.0,tag_bb,1.0,-8.0,-0.33,5.7,7.8,0.5,-0.19,1.0,0.42,0.03,1.82,,,1.3,2.2,-0.06,0.04,0.55
bull_flag,2026-05-21,IONZ,628.0,10:28,3.139793,4.61,63.0,stop_loss,12.0,-297.0,-1.16,-8.6,21.5,-10.5,0.0,6.0,1.07,-1.73,-0.24,True,False,0.5,5.9,-0.05,0.04,0.55
orb,2026-05-22,FLO,581.0,09:41,7.6695,3.51,-27.0,tag_bb,1.0,-50.0,-0.19,8.7,5.0,0.6,-0.07,1.0,0.22,0.99,1.49,,,1.5,3.6,0.19,-0.08,-0.09
orb,2026-05-22,SMWB,581.0,09:41,4.11,7.3,0.0,tag_bb,2.0,67.0,0.13,5.8,7.9,2.8,0.19,2.0,-0.07,0.1,0.23,,,0.7,7.6,0.19,-0.08,-0.09
orb,2026-05-26,TRT,582.0,09:42,15.53,6.44,0.0,lock_stop,268.0,337.0,0.76,6.8,11.9,5.2,1.89,109.0,0.03,1.22,1.27,True,True,5.0,6.5,0.06,0.21,0.06
orb,2026-05-26,BRCB,580.0,09:40,7.35,2.72,-14.0,stop_loss,39.0,-216.0,-1.09,7.0,6.7,1.8,0.69,25.0,1.15,0.4,0.58,False,False,1.0,2.7,-0.02,0.21,0.06
orb,2026-05-26,IHRT,581.0,09:41,4.84,6.82,0.0,tag_bb,2.0,-28.0,-0.06,7.7,12.5,1.9,0.06,1.0,0.09,0.24,0.47,,,0.5,7.1,0.05,0.21,0.06
orb,2026-05-26,IPWR,602.0,10:02,7.07,9.48,0.0,force_close,343.0,38.0,0.06,13.4,22.6,8.8,1.22,270.0,0.7,-0.24,0.31,,,1.7,10.2,0.11,0.21,0.06
bull_flag,2026-05-26,RYOJ,616.0,10:16,3.75876,5.5,159.0,trail_stop,3.0,58.0,0.37,-17.6,233.3,-8.8,0.73,2.0,0.04,0.2,2.76,True,True,6.1,7.0,0.18,0.21,0.06
orb,2026-05-27,SOFX,576.0,09:36,8.8897,2.7,-23.0,lock_stop,105.0,78.0,0.4,0.7,13.3,,,,,,,,,,,-0.03,-0.09,-0.06
orb,2026-05-27,HIMZ,579.0,09:39,28.439777,7.84,-18.0,tag_bb,1.0,-68.0,-0.12,5.3,11.6,6.6,0.11,1.0,0.14,-0.07,0.49,,,1.9,8.4,-0.05,-0.09,-0.06
orb,2026-05-28,TDOC,598.0,09:58,7.01,4.99,-28.0,force_close,347.0,662.0,1.83,5.8,3.8,0.6,1.96,347.0,0.26,1.49,1.93,,,3.1,5.2,-0.04,0.35,0.59
orb,2026-05-28,AMPX,578.0,09:38,19.1,4.19,-26.0,tag_bb,1.0,-94.0,-0.31,6.7,5.1,4.3,-0.1,1.0,0.38,2.31,3.76,,,0.8,4.3,-0.12,0.35,0.59
orb,2026-05-28,BOIL,577.0,09:37,27.34,1.28,-26.0,force_close,367.0,533.0,6.16,103.8,5.7,1.2,7.83,294.0,0.17,7.34,7.46,,,1.0,1.3,-0.12,0.35,0.59
orb,2026-05-29,SMCY,576.0,09:36,7.99,3.38,-12.0,force_close,368.0,-21.0,-0.09,7.0,13.6,2.7,1.26,32.0,0.52,-0.02,0.04,,,0.9,3.4,0.08,0.1,0.07
orb,2026-05-29,PLTG,575.0,09:35,15.53,4.83,-13.0,tag_bb,1.0,-51.0,-0.15,6.9,15.2,1.8,0.07,1.0,0.15,1.84,2.13,,,0.6,4.9,0.07,0.1,0.07
orb,2026-05-29,HPQ,599.0,09:59,27.4721,3.54,-28.0,stop_loss,180.0,-7.0,-0.19,6.8,8.5,2.9,0.72,36.0,0.5,-0.43,0.1,True,False,0.6,3.7,0.25,0.1,0.07
orb,2026-05-29,QURE,577.0,09:37,29.0,3.34,-28.0,tag_bb,1.0,-14.0,-0.41,15.7,3.8,0.7,0.48,1.0,0.42,-0.48,0.49,,,2.2,3.4,0.1,0.1,0.07
bull_flag,2026-05-29,RCAX,606.0,10:06,10.155,3.3,56.0,stop_loss,13.0,-118.0,-1.17,-9.2,46.3,-10.4,0.31,1.0,1.36,8.67,9.54,False,True,0.8,15.3,0.25,0.1,0.07
orb,2026-06-01,ATPC,586.0,09:46,5.31,3.39,0.0,lock_stop,7.0,1.0,0.0,8.4,30.5,0.6,3.83,5.0,-0.3,-6.76,3.56,True,True,30.4,3.1,0.15,0.09,0.41
orb,2026-06-01,CURI,582.0,09:42,3.16,4.43,0.0,tag_bb,2.0,3.0,0.01,5.9,4.3,4.3,0.21,1.0,0.04,1.07,1.07,,,5.5,4.3,0.14,0.09,0.41
orb,2026-06-01,QBTZ,575.0,09:35,3.76,6.12,0.0,tag_bb,2.0,-70.0,-0.21,8.6,19.3,6.2,-0.04,2.0,0.33,-1.22,-0.04,,,0.5,6.1,0.12,0.09,0.41
orb,2026-06-02,PLTZ,575.0,09:35,22.16,5.23,-5.0,force_close,369.0,205.0,0.56,5.2,10.6,1.8,1.14,95.0,0.11,0.6,0.7,,,1.2,5.3,0.05,0.12,0.32
orb,2026-06-02,MSTZ,577.0,09:37,7.6599,3.65,-26.0,lock_stop,73.0,117.0,0.44,9.5,11.1,3.5,1.84,50.0,0.46,1.2,1.82,True,True,1.2,3.7,0.03,0.12,0.32
orb,2026-06-02,HIMX,575.0,09:35,23.811315,5.09,-20.0,tag_bb,2.0,17.0,0.05,5.0,10.6,3.5,0.16,2.0,0.2,0.13,1.06,,,1.2,5.3,0.05,0.12,0.32
orb,2026-06-03,OKLS,575.0,09:35,16.98,6.71,0.0,force_close,370.0,275.0,0.73,7.4,29.4,6.9,1.42,166.0,0.28,1.04,1.26,,,1.3,6.9,-0.04,-0.18,-0.52
orb,2026-06-03,FABC,577.0,09:37,5.5196,5.43,-1.0,tag_bb,2.0,-36.0,-0.1,5.5,12.7,5.7,0.32,2.0,0.4,0.17,1.94,,,1.1,5.4,-0.07,-0.18,-0.52
orb,2026-06-03,ASTN,610.0,10:10,3.95,3.29,0.0,tag_bb,2.0,6.0,0.19,7.7,25.1,3.0,0.3,1.0,0.0,1.81,2.46,,,5.7,3.1,-0.19,-0.18,-0.52
orb,2026-06-04,UNHG,576.0,09:36,20.99,3.53,-5.0,tag_bb,60.0,120.0,0.3,6.8,5.6,3.6,0.58,15.0,0.39,-0.07,0.41,,,3.0,3.4,0.08,0.22,0.66
orb,2026-06-04,AMDD,580.0,09:40,3.1799,1.57,-32.0,stop_loss,71.0,-172.0,-0.84,5.4,4.5,0.9,1.14,25.0,1.0,-1.6,-0.8,True,False,1.2,1.6,0.07,0.22,0.66
orb,2026-06-04,OSCR,575.0,09:35,22.87,4.33,-9.0,force_close,370.0,246.0,0.49,8.5,6.1,2.8,1.06,327.0,0.37,0.74,0.74,,,0.7,4.3,0.04,0.22,0.66
orb,2026-06-04,RPGL,605.0,10:05,3.84,4.69,0.0,lock_stop,33.0,0.0,0.0,26.4,330.9,0.3,9.56,21.0,0.5,-5.11,1.72,True,True,5.2,4.6,0.05,0.22,0.66
orb,2026-06-05,IREZ,575.0,09:35,6.04,4.8,0.0,tag_bb,1.0,-65.0,-0.1,8.1,8.9,5.0,0.07,1.0,0.1,1.93,3.88,,,1.0,4.7,-0.01,-0.36,-1.98
orb,2026-06-05,RGTZ,577.0,09:37,3.389878,3.54,-0.0,force_close,367.0,2201.0,4.5,7.2,18.7,3.7,5.59,307.0,0.08,4.42,4.67,,,1.2,3.4,-0.08,-0.36,-1.98
orb,2026-06-05,SMCZ,575.0,09:35,6.49,3.24,0.0,tag_bb,2.0,61.0,0.17,8.5,11.2,2.4,0.38,2.0,0.19,3.14,3.9,,,3.9,3.0,-0.01,-0.36,-1.98
orb,2026-06-08,BITU,575.0,09:35,9.71,1.13,-21.0,tag_bb,60.0,50.0,0.27,10.9,11.6,0.3,0.64,58.0,0.77,-0.85,1.37,,,0.7,1.0,-0.13,-0.09,-0.54
orb,2026-06-08,BTC,575.0,09:35,28.16,0.57,-25.0,stop_loss,207.0,-76.0,-0.68,5.3,5.4,0.2,1.44,99.0,1.12,-0.81,-0.06,False,False,0.1,0.5,-0.13,-0.09,-0.54
orb,2026-06-08,GSOL,575.0,09:35,5.01,0.6,-40.0,stop_loss,10.0,-79.0,-0.69,5.3,8.5,0.0,0.16,1.0,1.0,1.5,2.33,True,True,1.3,0.5,-0.13,-0.09,-0.54
orb,2026-06-09,EIDO,577.0,09:37,11.645,0.3,-30.0,stop_loss,34.0,-41.0,-0.47,7.8,0.9,0.0,0.86,11.0,1.29,-1.57,-0.71,False,False,0.4,0.3,0.16,-0.42,-0.88
orb,2026-06-09,FABC,575.0,09:35,4.33,7.85,0.0,stop_loss,25.0,-1243.0,-1.14,8.7,30.1,8.5,0.32,18.0,1.21,-1.47,-0.74,True,False,1.0,8.3,0.08,-0.42,-0.88
orb,2026-06-09,MSTZ,616.0,10:16,9.4097,3.29,-22.0,force_close,329.0,1187.0,2.47,6.7,11.2,0.3,3.78,144.0,0.1,2.55,2.84,,,0.9,3.3,-0.38,-0.42,-0.88
bull_flag,2026-06-09,OCC,605.0,10:05,19.98,2.2,2.0,trail_stop,2.0,132.0,0.8,-2.6,29.3,8.0,1.44,1.0,-0.07,2.45,2.45,True,True,2.5,12.8,0.12,-0.42,-0.88
bull_flag,2026-06-09,LESL,610.0,10:10,6.87,4.22,194.0,stop_loss,10.0,-101.0,-1.29,1.8,14.1,31.6,0.1,3.0,1.0,4.41,4.72,True,True,3.5,10.2,-0.07,-0.42,-0.88
bull_flag,2026-06-09,DAIC,612.0,10:12,3.209022,3.4,13.0,stop_loss,3.0,-133.0,-1.23,24.3,23.1,14.2,0.01,1.0,2.38,-11.73,-1.37,False,False,1.3,18.9,-0.13,-0.42,-0.88
orb,2026-06-10,OSCR,575.0,09:35,28.9,3.01,-17.0,stop_loss,179.0,-420.0,-0.96,5.8,8.0,0.3,0.46,29.0,1.01,-1.21,-0.82,True,False,1.4,3.0,-0.03,0.49,-1.09
orb,2026-06-11,UMC,575.0,09:35,20.02,0.9,-30.0,lock_stop,45.0,53.0,0.4,5.1,4.8,0.8,2.47,29.0,0.61,3.56,4.58,True,True,0.9,0.9,-0.22,-0.1,1.22
orb,2026-06-11,TROX,575.0,09:35,7.67,2.48,0.0,force_close,370.0,61.0,0.22,6.0,3.6,1.2,0.74,361.0,0.95,0.37,0.37,,,0.6,2.3,-0.22,-0.1,1.22
orb,2026-06-11,BAK,576.0,09:36,4.04,4.7,0.0,stop_loss,42.0,-524.0,-0.98,5.5,4.9,4.1,-0.05,1.0,1.05,-1.11,-0.79,False,False,1.1,4.7,-0.1,-0.1,1.22
bull_flag,2026-06-11,GLXG,587.0,09:47,3.398041,3.94,-6.0,trail_stop,1.0,114.0,0.57,161.2,15.2,19.2,1.66,1.0,0.65,-10.09,10.38,True,True,2.0,26.7,0.11,-0.1,1.22
orb,2026-06-12,FA,594.0,09:54,16.546687,2.03,-14.0,tag_bb,42.0,195.0,0.64,5.8,3.5,0.7,1.11,24.0,0.17,-0.14,1.02,,,3.0,1.9,-0.63,-0.06,0.12
orb,2026-06-12,TENX,575.0,09:35,11.79,3.65,0.0,stop_loss,331.0,-516.0,-1.03,5.9,6.8,3.3,1.19,80.0,1.02,-0.77,-0.58,True,False,1.0,3.4,-0.2,-0.06,0.12
orb,2026-06-12,CRWU,575.0,09:35,6.28,2.87,-32.0,stop_loss,6.0,-56.0,-0.96,7.7,12.4,0.2,-0.33,1.0,1.06,0.56,3.92,True,True,0.5,2.9,-0.2,-0.06,0.12
bull_flag,2026-06-12,FJET,597.0,09:57,6.649136,1.93,44.0,stop_loss_market_fallback,37.0,123.0,0.51,6.2,20.5,-7.3,1.56,32.0,0.38,-3.69,1.49,True,True,7.3,8.3,-0.5,-0.06,0.12
orb,2026-06-15,PALL,606.0,10:06,24.7597,0.85,-16.0,tag_bb,60.0,-33.0,-0.23,5.8,2.1,0.8,0.12,4.0,0.95,-1.72,0.26,,,4.4,0.8,0.23,0.2,0.37
orb,2026-06-15,MARA,575.0,09:35,15.0899,2.19,-13.0,stop_loss,38.0,-301.0,-0.94,5.9,8.0,1.2,0.41,1.0,1.09,-1.38,-0.01,True,False,0.5,2.1,0.17,0.2,0.37
orb,2026-06-16,PURR,575.0,09:35,10.558336,2.73,-30.0,tag_bb,1.0,-102.0,-0.24,10.6,5.2,2.3,-0.2,1.0,0.55,-1.82,1.46,,,0.9,2.9,0.09,-0.26,-0.56
orb,2026-06-16,LODE,576.0,09:36,4.4,3.41,-23.0,stop_loss,55.0,-382.0,-0.92,7.1,7.5,0.7,0.67,2.0,1.0,-0.5,-0.07,False,False,0.9,3.5,0.06,-0.26,-0.56
orb,2026-06-16,SSRM,575.0,09:35,31.66,4.9,-28.0,tag_bb,3.0,-57.0,-0.1,5.5,4.8,3.7,0.01,2.0,0.15,0.11,0.28,,,0.9,5.1,0.09,-0.26,-0.56
orb,2026-06-16,RGTZ,576.0,09:36,3.19,4.08,-31.0,stop_loss,6.0,-556.0,-0.93,6.4,17.4,0.9,0.15,1.0,1.0,2.54,2.92,False,True,1.5,4.2,0.06,-0.26,-0.56
bull_flag,2026-06-16,ARQQ,590.0,09:50,19.74,3.49,15.0,stop_loss,66.0,-298.0,-1.11,-3.0,29.6,13.6,0.78,10.0,1.06,0.58,1.15,True,False,2.4,6.4,0.09,-0.26,-0.56
orb,2026-06-17,KOLD,589.0,09:49,23.63,0.85,-17.0,stop_loss,23.0,-93.0,-0.81,5.3,6.9,0.8,0.42,12.0,1.05,-3.9,-0.55,True,False,1.6,0.7,-0.02,0.01,-1.37
orb,2026-06-17,BTGO,576.0,09:36,6.21,5.31,0.0,force_close,369.0,-435.0,-0.73,9.4,7.8,4.4,1.03,7.0,0.76,-0.91,-0.48,,,21.6,5.3,-0.05,0.01,-1.37
orb,2026-06-17,AVGG,588.0,09:48,29.18,1.51,0.0,lock_stop,10.0,62.0,0.37,6.0,8.2,0.3,1.55,7.0,-0.05,1.32,3.83,True,True,1.0,1.2,0.03,0.01,-1.37
bull_flag,2026-06-17,ARQQ,634.0,10:34,23.14,1.38,-13.0,stop_loss_market_fallback,8.0,-149.0,-1.43,-0.3,20.8,15.9,1.12,4.0,1.66,-1.66,2.97,True,True,0.6,2.5,-0.07,0.01,-1.37
orb,2026-06-18,QCML,589.0,09:49,28.985,3.02,-29.0,lock_stop,33.0,202.0,0.44,7.5,8.1,0.0,2.21,14.0,0.23,1.49,2.53,True,True,10.1,3.1,-0.34,-0.4,-0.16
orb,2026-06-22,BSOL,576.0,09:36,10.145059,0.74,-25.0,stop_loss,38.0,-95.0,-0.7,7.2,5.4,0.6,0.4,24.0,1.0,-3.8,-0.8,True,False,1.1,0.7,0.19,-0.26,-0.44
orb,2026-06-22,ETHU,576.0,09:36,14.54,1.1,-21.0,stop_loss,42.0,-151.0,-0.87,7.0,10.1,0.7,0.81,1.0,1.0,-3.88,-0.69,True,False,7.7,1.0,0.19,-0.26,-0.44
orb,2026-06-22,GSOL,577.0,09:37,5.62,0.89,-18.0,stop_loss,35.0,-120.0,-0.86,6.9,5.3,0.9,0.15,21.0,0.98,-3.3,-0.8,True,False,9.5,0.7,0.22,-0.26,-0.44
orb,2026-06-22,SSL,588.0,09:48,11.315,1.9,-31.0,force_close,357.0,-55.0,-0.18,5.0,2.9,0.0,0.35,6.0,0.33,-0.09,0.0,,,0.3,2.0,0.26,-0.26,-0.44
bull_flag,2026-06-22,SMCX,584.0,09:44,12.59,2.14,89.0,stop_loss_market_fallback,3.0,-198.0,-0.88,11.4,18.4,11.7,0.76,3.0,0.59,2.81,6.11,True,True,1.8,8.3,0.08,-0.26,-0.44
orb,2026-06-23,TSLZ,575.0,09:35,12.7899,1.95,-23.0,tag_bb,61.0,2.0,0.01,5.8,10.7,2.0,0.64,51.0,0.56,1.68,2.24,,,0.5,2.0,-0.13,0.64,-0.01
orb,2026-06-23,TSDD,575.0,09:35,8.45,1.66,-35.0,tag_bb,61.0,2.0,0.01,6.4,10.7,1.7,0.71,51.0,0.57,2.0,2.64,,,1.3,1.7,-0.13,0.64,-0.01
bull_flag,2026-06-23,QBTX,576.0,09:36,17.725,4.2,111.0,trail_stop,5.0,114.0,0.51,-2.5,18.8,14.2,1.26,3.0,0.05,-1.48,1.45,True,True,1.9,16.7,-0.17,0.64,-0.01
bull_flag,2026-06-23,SMU,602.0,10:02,10.965,2.42,41.0,trail_stop,17.0,690.0,3.07,-12.4,15.6,16.5,3.3,15.0,0.49,-3.72,2.51,True,True,1.3,8.5,0.57,0.64,-0.01
bull_flag,2026-06-23,QBTZ,611.0,10:11,3.4077,3.75,23.0,stop_loss,6.0,-305.0,-1.13,2.8,18.6,-14.4,0.41,1.0,1.31,2.21,3.35,False,True,1.0,16.8,0.62,0.64,-0.01
orb,2026-06-24,RUN,585.0,09:45,16.165,5.41,-28.0,stop_loss_market_fallback,241.0,-105.0,-0.99,20.9,5.1,4.4,0.71,4.0,1.06,-2.01,-0.89,False,False,1.7,5.7,0.1,0.26,-0.27
bull_flag,2026-06-24,SMU,628.0,10:28,8.8219,2.29,123.0,trail_stop,4.0,421.0,1.56,-4.1,25.8,-8.1,1.08,3.0,-0.09,-0.21,1.97,True,True,1.7,7.1,0.17,0.26,-0.27
orb,2026-06-25,AIBZ,590.0,09:50,8.978849,3.66,-1.0,force_close,354.0,-163.0,-0.32,5.1,20.1,2.0,0.79,46.0,0.76,-0.8,-0.12,,,2.6,3.5,-0.77,-0.46,-0.76
orb,2026-06-25,EHGO,576.0,09:36,4.659997,7.08,-0.0,stop_loss_market_fallback,24.0,-1292.0,-1.31,24.1,87.8,1.5,0.27,1.0,1.42,-0.41,0.58,False,False,0.9,7.4,-0.15,-0.46,-0.76
orb,2026-06-26,SOLT,575.0,09:35,28.59,1.54,-7.0,tag_bb,61.0,757.0,3.45,7.8,14.0,1.3,5.05,53.0,0.25,7.14,8.58,,,1.6,1.3,-0.02,0.62,0.02
orb,2026-06-29,RCAT,575.0,09:35,9.98,2.71,0.0,stop_loss_market_fallback,9.0,-346.0,-0.93,5.7,6.2,1.4,-0.19,3.0,0.96,1.22,1.44,True,False,3.1,2.5,0.22,0.02,0.59
orb,2026-06-29,KOLD,581.0,09:41,23.13,0.56,-30.0,tag_bb,54.0,184.0,1.55,6.1,6.0,0.1,2.58,51.0,0.77,3.04,4.15,,,1.7,0.6,0.21,0.02,0.59
orb,2026-06-29,IRE,575.0,09:35,19.367306,3.76,-17.0,stop_loss_market_fallback,12.0,-667.0,-1.23,6.3,15.5,1.0,-0.12,7.0,1.31,-3.18,-1.07,False,False,0.9,3.8,0.22,0.02,0.59
orb,2026-06-29,BKSY,575.0,09:35,27.14643,3.78,-31.0,stop_loss,39.0,-490.0,-0.87,5.8,8.0,3.6,0.22,1.0,1.01,1.2,1.38,True,True,0.5,3.9,0.22,0.02,0.59
orb,2026-06-30,MSTZ,575.0,09:35,16.19,4.45,-25.0,stop_loss,43.0,-611.0,-0.95,14.7,40.1,2.7,0.37,21.0,1.04,-0.89,0.57,True,True,0.7,4.6,0.1,0.48,0.68
orb,2026-06-30,CAST,607.0,10:07,6.33,3.63,0.0,lock_stop,335.0,158.0,0.32,10.9,25.0,1.9,3.52,115.0,-0.13,1.57,1.87,True,True,6.9,3.4,0.33,0.48,0.68
orb,2026-07-01,PLTU,576.0,09:36,27.8,5.04,-25.0,tag_bb,60.0,470.0,0.64,5.9,7.2,4.1,0.95,40.0,0.09,0.91,1.7,,,1.4,5.3,-0.3,0.19,0.1
orb,2026-07-01,TALO,576.0,09:36,13.888701,1.72,-1.0,stop_loss,50.0,-201.0,-1.03,6.5,6.0,1.0,1.18,9.0,1.34,-1.71,-1.04,False,False,1.8,1.5,-0.3,0.19,0.1
orb,2026-07-01,SSG,575.0,09:35,12.3,2.11,-16.0,stop_loss,13.0,-247.0,-0.98,6.2,7.3,2.0,0.13,3.0,1.12,0.5,0.5,False,True,0.5,2.0,-0.32,0.19,0.1
orb,2026-07-01,TECS,575.0,09:35,6.61,2.27,-15.0,stop_loss,13.0,-255.0,-0.95,5.5,9.3,1.7,0.07,3.0,1.07,0.13,0.27,False,True,0.8,2.1,-0.32,0.19,0.1
orb,2026-07-02,ETHT,580.0,09:40,8.74,3.66,0.0,force_close,365.0,-154.0,-0.31,7.9,7.7,3.3,0.37,32.0,0.73,-0.31,-0.17,,,0.9,3.4,0.2,0.14,-0.35
orb,2026-07-02,SHNY,575.0,09:35,8.64,1.62,0.0,stop_loss,175.0,-195.0,-1.1,5.4,5.8,1.4,0.41,16.0,1.07,-0.64,-0.32,False,False,1.7,1.3,0.16,0.14,-0.35
orb,2026-07-02,SVM,575.0,09:35,10.72,2.43,-28.0,stop_loss,34.0,-270.0,-0.89,5.3,7.2,1.2,0.5,9.0,1.12,-1.73,-0.81,False,False,0.8,2.5,0.16,0.14,-0.35
orb,2026-07-02,CMBT,577.0,09:37,14.85,0.81,-20.0,stop_loss,101.0,-87.0,-0.74,5.1,2.1,0.6,1.08,49.0,1.0,-2.42,-0.62,True,False,1.5,0.7,0.21,0.14,-0.35
orb,2026-07-07,BEZ,576.0,09:36,12.53,5.11,0.0,stop_loss,5.0,-98.0,-1.04,5.8,27.8,5.4,0.03,1.0,1.41,1.09,1.95,False,True,0.9,5.0,-0.08,-0.46,-0.34
orb,2026-07-07,IREZ,589.0,09:49,8.8,4.09,-34.0,lock_stop,151.0,35.0,0.43,7.1,23.6,2.7,2.51,53.0,-0.03,1.86,1.89,True,True,1.2,4.3,-0.09,-0.46,-0.34
orb,2026-07-08,PLTZ,575.0,09:35,28.99,3.66,0.0,stop_loss,318.0,-497.0,-0.99,7.1,12.2,1.9,0.57,19.0,1.0,-1.45,-0.69,True,False,1.0,3.5,0.03,-0.0,0.29
orb,2026-07-09,PLTZ,619.0,10:19,30.19,3.58,0.0,tag_bb,2.0,87.0,0.18,6.6,8.1,3.2,0.21,2.0,0.1,-1.33,0.27,,,1.1,3.4,-0.14,0.06,0.58
orb,2026-07-09,AAOX,577.0,09:37,20.69,5.03,0.0,tag_bb,2.0,449.0,0.43,9.4,14.0,4.3,0.69,2.0,-0.21,-0.06,1.55,,,0.8,5.0,0.08,0.06,0.58
orb,2026-07-10,CRCA,575.0,09:35,16.38,6.78,0.0,stop_loss,6.0,-193.0,-1.02,25.7,10.1,3.0,0.25,2.0,1.62,-2.17,-1.14,False,False,1.6,6.9,0.08,0.11,0.38
orb,2026-07-13,SKYQ,609.0,10:09,3.78,2.65,0.0,lock_stop,1.0,40.0,0.2,16.8,15.2,1.6,0.5,1.0,0.3,2.01,3.4,True,True,5.0,2.4,0.05,0.07,-0.45
orb,2026-07-14,IONL,578.0,09:38,14.9289,4.28,-7.0,stop_loss,27.0,-170.0,-1.04,6.0,20.6,0.5,0.25,3.0,1.27,-1.09,-0.62,False,False,3.6,4.3,0.04,-0.03,0.13
orb,2026-07-14,RKLX,575.0,09:35,26.69,3.67,-41.0,force_close,369.0,-67.0,-0.44,5.8,12.1,3.0,1.54,25.0,0.99,-0.88,-0.38,,,0.9,3.9,-0.17,-0.03,0.13
orb,2026-07-14,RGTX,577.0,09:37,12.04,2.66,0.0,stop_loss,28.0,-106.0,-1.08,6.1,15.4,0.4,0.91,4.0,1.09,1.16,1.64,True,True,1.4,2.4,-0.04,-0.03,0.13
orb,2026-07-15,SKHZ,623.0,10:23,11.905,2.81,-38.0,force_close,321.0,6.0,0.05,5.2,24.0,2.6,1.63,105.0,0.76,-0.04,0.34,,,4.0,3.0,-0.02,0.05,0.07
orb,2026-07-16,CRCD,580.0,09:40,6.69,7.47,0.0,tag_bb,1.0,-78.0,-0.1,5.1,12.5,5.4,-0.06,1.0,0.1,0.55,0.66,,,0.8,7.8,-0.11,0.2,-0.26
orb,2026-07-16,BEZ,583.0,09:43,18.55,5.28,-16.0,tag_bb,1.0,-99.0,-0.17,10.9,21.9,3.2,0.05,1.0,0.24,2.26,2.49,,,5.8,5.4,-0.15,0.2,-0.26
orb,2026-07-16,SKHZ,581.0,09:41,12.7094,2.04,-32.0,force_close,364.0,437.0,1.78,6.4,10.5,0.6,2.66,246.0,0.42,3.05,3.32,,,0.8,2.1,-0.19,0.2,-0.26
bull_flag,2026-07-16,RBNE,640.0,10:40,4.767481,1.73,-26.0,stop_loss_market_fallback,10.0,-553.0,-2.05,-1.1,30.8,-8.5,-0.33,1.0,2.64,-8.1,-1.67,False,False,0.1,9.4,0.16,0.2,-0.26
orb,2026-07-17,CORD,575.0,09:35,9.97,4.61,0.0,stop_loss,27.0,-361.0,-1.05,6.2,8.6,3.4,0.39,10.0,1.07,-2.13,-0.76,False,False,2.6,4.5,-0.16,0.59,0.16
orb,2026-07-20,SNDU,575.0,09:35,23.85,6.25,0.0,tag_bb,2.0,-69.0,-0.15,8.4,28.4,4.9,0.0,1.0,0.37,-1.18,0.19,,,1.0,6.3,0.11,-0.16,-0.66
orb,2026-07-20,MUU,575.0,09:35,30.3,3.86,-13.0,tag_bb,2.0,5.0,0.02,8.7,26.7,2.3,0.13,1.0,0.26,-1.68,0.23,,,0.9,3.8,0.11,-0.16,-0.66
orb,2026-07-21,MUU,577.0,09:37,33.04,3.06,0.0,stop_loss,27.0,-225.0,-0.98,13.6,9.5,2.7,0.32,2.0,1.01,2.03,2.87,True,True,1.4,2.8,-0.11,0.09,0.27
orb,2026-07-21,AIBZ,582.0,09:42,6.83951,3.06,-15.0,force_close,362.0,219.0,0.91,6.8,11.4,1.3,2.2,157.0,-0.0,1.24,1.57,,,3.0,3.0,-0.24,0.09,0.27
orb,2026-07-21,CRWU,584.0,09:44,3.38,4.44,0.0,force_close,360.0,361.0,1.08,6.0,17.1,3.0,2.2,201.0,0.47,1.8,1.8,,,0.9,4.3,-0.24,0.09,0.27
orb,2026-07-27,CWVX,575.0,09:35,13.36,3.89,-22.0,stop_loss,22.0,-313.0,-1.02,5.2,25.6,0.1,0.57,1.0,1.07,-2.04,-0.94,True,False,1.8,4.0,0.08,-0.9,-0.79
orb,2026-07-27,RGTX,611.0,10:11,11.06,7.5,0.0,stop_loss,32.0,-569.0,-1.01,12.5,11.1,5.8,0.35,4.0,1.01,0.1,0.14,True,False,1.1,7.8,-0.54,-0.9,-0.79
orb,2026-07-30,SMCX,584.0,09:44,6.9,2.75,-29.0,lock_stop,34.0,87.0,0.39,8.6,20.4,1.6,2.32,18.0,-0.39,1.63,2.74,True,True,1.1,2.8,0.05,0.35,0.77
orb,2026-07-31,BIYA,592.0,09:52,4.1,6.83,0.0,stop_loss,55.0,-512.0,-0.99,5.8,54.8,7.3,1.35,13.0,1.07,-2.64,-0.58,False,False,4.3,7.1,-0.36,-0.58,0.29
bull_flag,2026-07-31,BEZ,595.0,09:55,12.3085,3.64,147.0,stop_loss,2.0,-685.0,-1.51,-20.9,95.4,23.1,-0.38,1.0,0.93,1.21,1.21,True,True,1.0,13.5,-0.33,-0.58,0.29
bull_flag,2026-07-31,IREZ,613.0,10:13,17.18,2.68,17.0,stop_loss,6.0,-271.0,-1.08,-13.5,105.0,30.6,0.15,3.0,1.7,-1.99,0.98,False,False,0.6,12.5,-0.86,-0.58,0.29
bull_flag,2026-07-31,CWVX,625.0,10:25,12.036722,2.01,6.0,stop_loss,61.0,-306.0,-1.13,9.0,21.7,-13.2,1.38,40.0,1.19,-0.03,1.5,True,False,0.7,6.0,-0.68,-0.58,0.29
orb,2026-08-03,BIOA,576.0,09:36,9.733182,4.45,-7.0,tag_bb,1.0,-87.0,-0.26,5.1,25.0,2.1,-0.15,1.0,0.48,2.44,2.83,,,1.9,4.4,0.3,0.67,1.1
bull_flag,2026-08-03,CWVX,594.0,09:54,14.175,2.86,140.0,trail_stop,4.0,314.0,2.79,-2.3,25.5,21.2,1.94,2.0,-0.53,6.09,6.48,True,True,1.1,5.1,0.44,0.67,1.1
bull_flag,2026-08-06,CION,586.0,09:46,7.17,2.79,0.0,force_close,358.0,95.0,0.55,7.5,2.8,7.0,1.6,200.0,0.31,0.55,0.55,,,2.4,6.9,0.11,0.04,-0.22
bull_flag,2026-08-06,BEZ,646.0,10:46,8.89,1.35,12.0,trail_stop,2.0,221.0,1.56,10.0,18.3,-16.4,2.2,1.0,-0.5,10.62,11.24,True,True,1.5,6.9,-0.06,0.04,-0.22
bull_flag,2026-08-07,BEZ,637.0,10:37,11.4647,1.78,74.0,stop_loss,10.0,-117.0,-1.55,-10.2,27.3,26.4,0.3,3.0,1.1,-2.19,0.66,True,True,0.1,9.7,0.18,0.22,0.28
orb,2026-08-11,IREG,576.0,09:36,8.12,2.83,-73.0,stop_loss,56.0,-201.0,-0.76,7.4,14.2,0.4,1.04,34.0,1.0,-0.91,0.0,True,False,0.9,3.4,-0.17,-0.13,-0.53
orb,2026-08-11,IREX,577.0,09:37,14.506957,3.56,-2.0,stop_loss,56.0,-272.0,-1.01,6.9,14.2,1.7,0.62,33.0,1.02,-0.92,-0.17,True,False,2.0,3.4,-0.16,-0.13,-0.53
orb,2026-08-12,UMAC,576.0,09:36,27.55989,5.59,-0.0,tag_bb,2.0,-139.0,-0.33,5.1,12.1,1.0,-0.1,1.0,0.43,-0.34,0.58,,,0.8,5.6,-0.17,-0.25,-0.28
bull_flag,2026-08-13,LUNL,585.0,09:45,5.42,5.86,198.0,thin_liquidity_reject,0.0,-29.0,-0.23,-30.7,12.7,45.7,,,,0.98,1.16,,,1.4,31.7,0.17,0.53,0.38
bull_flag,2026-08-18,TJGC,623.0,10:23,4.99,4.84,88.0,stop_loss_bracket_sl_race,11.0,-242.0,-1.47,-2.7,8.5,27.9,0.66,8.0,2.03,-2.11,-1.08,False,False,1.2,2.6,-0.02,0.04,-0.17
bull_flag,2026-08-19,PFSA,606.0,10:06,14.695,2.08,86.0,stop_loss,6.0,-388.0,-1.72,-42.0,230.1,-7.8,0.26,3.0,2.11,-5.34,-0.8,False,False,1.3,9.8,-0.08,-0.05,-0.17
orb,2026-08-25,SMCX,575.0,09:35,11.9167,3.32,-28.0,force_close,370.0,164.0,0.99,5.5,16.7,4.4,2.51,315.0,0.12,2.34,2.39,,,1.0,4.9,0.04,-0.24,-0.04
orb,2026-08-27,IREG,579.0,09:39,8.1298,2.83,-25.0,force_close,366.0,-51.0,-0.49,5.1,11.5,1.6,0.87,69.0,0.89,-0.65,-0.43,,,3.4,2.9,-0.04,0.09,0.34
