symbol,date,entry_price,pnl,pnl_pct,exit_reason,win,entered,range_size_pct,range_total_volume,range_avg_bar_range_pct,range_volume_stddev_pct,bars_green_in_range,range_close_position,range_return_pct,last_bar_green,range_vwap_distance_pct,gap_pct,prev_day_range_pct,prev_day_close_position,avg_daily_volume_20d,avg_daily_range_pct_20d,price_vs_20d_high_pct,return_volatility_20d,prev_day_volume_vs_20d,spy_range_pct_5min,spy_return_5min_pct,spy_gap_pct,spy_3d_range_pct,day_of_week,days_since_month_start,_rp_position,_rp_pnl,_composite,_quintile,_q_rank,_sized_pnl,month,_anchor
SMST,2025-01-07,4.76425,-2191.252139999997,-4.382851445663005,stop,0,1,4.077253218884128,879413.0,1.958415098978716,50.45808244133554,2.0,0.6315789473684204,0.429184549356214,1.0,0.6042332236919158,7.126436781609208,36.09195402298852,0.0636942675159233,24044255.95,17.6686483218455,-45.65597667638484,14.897888249364168,1.1739609684199857,0.1389284100229384,-0.0753226319401322,0.3460091373286659,1.2950402815366315,1.0,7.0,3333.3333333333335,-146.0834759999998,0.3193928246432969,Q4,0,-146.0834759999998,2025-01,MSTR
ARQQ,2025-01-16,23.86137,9002.197091939994,18.00815063007697,scale_eod,1,1,7.428825622775792,109456.0,2.367766447603143,58.52490520314221,4.0,0.8862275449101809,4.982206405693955,1.0,3.333897672508748,9.179213210296265,25.88635259834872,0.0956848030018764,1294414.1,24.129433225003638,-57.416177306308015,18.30061229943164,1.0320507170000697,0.1582012184859707,-0.0858325759870731,0.2353318263099264,1.0145048394102745,3.0,16.0,3333.3333333333335,600.1464727959996,0.3274901844733177,Q4,0,600.1464727959996,2025-01,ARQQ
PDYN,2025-01-23,10.320869999999998,-2468.1723955799953,-4.936908163472921,stop,0,1,6.599999999999984,614192.0,2.958620841944104,43.00096187001729,3.0,0.8610606060606065,1.982999999999997,1.0,2.5504180506301166,5.152471083070455,25.657202944269187,0.0368852459016392,15734920.2,23.77533164655521,-33.11036789297658,20.947669532721765,1.958326614201704,0.0660283922086459,0.0165070980521661,-0.1055339357562331,0.5870477597970133,3.0,23.0,3333.3333333333335,-164.5448263719997,0.273952277594467,Q3,2,-164.5448263719997,2025-01,PDYN
NTRB,2025-01-23,8.49541,-918.38276702858,-1.8369313042488493,stop,1,1,6.500000000000005,123163.0,2.366486125007297,55.66966199688503,5.0,1.0,5.875000000000008,1.0,3.891165454198969,8.99182561307902,26.839237057220704,0.5736040609137056,319032.93333333335,9.903021011227516,-2.200488997555009,13.364142806332044,13.617625473984504,0.0660283922086459,0.0165070980521661,-0.1055339357562331,0.5870477597970133,3.0,23.0,3333.3333333333335,-61.22551780190534,0.15506691641180417,Q2,3,-61.22551780190534,2025-01,NTRB
LAES,2025-01-24,4.45,0.0,0.0,no_fill,0,0,3.409090909090917,1043018.0,1.9157996418985888,45.74568340393124,3.0,0.9319999999999988,0.9045454545454458,1.0,1.6308521322759066,8.10810810810811,15.970515970515956,0.1846153846153849,77679745.0,27.95571267071567,-60.0,23.04294784712256,0.325923997304574,0.080352896803924,0.0065594201472716,0.009840098400975,0.6091130582638482,4.0,24.0,3333.3333333333335,0.0,0.4291587045946619,Q5,1,0.0,2025-01,LAES
NVTS,2025-01-28,3.19,0.0,0.0,no_fill,0,0,3.662420382165597,222353.0,1.2452858652282044,84.05344553179425,1.0,0.0434782608695643,-1.9108280254777088,0.0,-1.4167944676246225,5.0167224080267525,13.37792642140468,0.05,5023384.5,10.276936663988572,-30.989010989010985,7.873843360254712,1.1566482716980953,0.2320602044553864,-0.1714894608904087,0.2085523132622587,0.7303052824008065,1.0,28.0,3333.3333333333335,0.0,0.15869841299513632,Q2,3,0.0,2025-01,NVTS
JG,2025-01-30,9.6921,0.0,0.0,no_fill,0,0,8.890011223344551,43246.0,2.816728456647215,43.4631870215275,4.0,0.9720994823885872,8.529741863075193,1.0,3.838271835784449,5.568720379146928,31.149289099526083,0.0718904526435907,2100013.7,12.239901601542408,-57.44985673352436,33.33397501788606,0.4920291710477888,0.1007814828305571,-0.0430477830391719,0.3572556122364352,1.000545971940559,3.0,30.0,3333.3333333333335,0.0,0.29280332005933446,Q4,0,0.0,2025-01,JG
LAES,2025-01-30,3.49,0.0,0.0,no_fill,0,0,3.15186246418339,1031628.0,1.393398596055779,29.832218256468003,1.0,0.1363636363636371,-2.722063037249289,0.0,-1.5671829281981706,6.402439024390256,16.463414634146343,0.0,54651744.6,23.40065353398713,-63.26315789473684,18.382649053704657,0.3845780249803773,0.1007814828305571,-0.0430477830391719,0.3572556122364352,1.000545971940559,3.0,30.0,3333.3333333333335,0.0,0.19570948377168576,Q3,2,0.0,2025-01,LAES
KC,2025-02-04,16.31,0.0,0.0,no_fill,0,0,2.4927176944530447,617314.0,1.6877490839404583,67.72234056441734,3.0,0.7120835405270998,0.3669042454291727,0.0,0.5780827230472392,6.571994715984155,11.690885072655217,0.322033898305085,2715816.5,6.615333101022936,-1.2545899632802833,7.334032500121578,4.16844437022899,0.1505352960856477,0.0301104048176754,0.0100373053181088,1.364199540683512,1.0,4.0,3333.3333333333335,0.0,0.30774370874139445,Q4,0,0.0,2025-02,KC
CRML,2025-02-07,6.46,0.0,0.0,no_fill,0,0,7.528641571194762,31158.0,2.8319958432308923,67.30950382261493,4.0,0.9565217391304356,5.400981996726678,1.0,3.5037982855855034,6.260869565217398,62.782608695652165,0.0969529085872575,166106.45,15.184568887903987,-38.22042467138524,10.3465071623442,5.697202005099741,0.1499448005404738,0.0502562243569779,0.094009763821074,0.8076316014152966,4.0,7.0,3333.3333333333335,0.0,0.31023978713218014,Q4,0,0.0,2025-02,CRML
TNXP,2025-02-07,13.9417,3979.471563799994,7.959749259165958,scale_lock,1,1,5.522827687776141,298127.0,2.577324747969444,40.84600543720455,2.0,0.7733333333333334,1.104565537555231,1.0,2.2416948778991523,20.818505338078293,38.21174377224199,0.0966239813736905,113674660.25,21.41822705132717,-24.55555555555556,2177.4406731335075,0.0183023111344641,0.1499448005404738,0.0502562243569779,0.094009763821074,0.8076316014152966,4.0,7.0,3333.3333333333335,265.29810425333295,0.2901130606296432,Q4,0,265.29810425333295,2025-02,TNXP
BZAI,2025-02-12,3.74,0.0,0.0,no_fill,0,0,6.12299465240642,42322.0,2.1689714586144277,129.3385841783524,1.0,0.4755458515283831,-3.2112299465240723,0.0,-0.9869858322050556,16.510903426791284,21.49532710280374,0.0,479970.9,24.48353831236813,-80.57142857142857,14.069277503393316,1.601405418536832,0.1985881881748334,0.0684211404635896,-1.0094001420759446,0.789295802300032,2.0,12.0,3333.3333333333335,0.0,0.2560160996164547,Q3,2,0.0,2025-02,BZAI
BKSY,2025-02-19,21.01285,-1049.842512782147,-2.100123104943616,stop,0,1,4.197169350902877,304616.0,2.0755089421233186,72.64108826185517,3.0,0.988372093023258,2.1961932650073344,1.0,2.1511668272739866,8.700265251989373,17.931034482758616,0.5118343195266275,2098334.6,10.66184776103057,-0.0487804878048856,8.75515310675867,1.961672366266085,0.0735477314450614,0.012686860739577,-0.2305843104547855,0.6429700152781618,2.0,19.0,3333.3333333333335,-69.98950085214314,0.273383789739213,Q3,2,-69.98950085214314,2025-02,BKSY
TUYA,2025-02-20,3.4152149999999994,6573.402660959997,13.147134631348242,scale_eod,1,1,4.447852760736197,691582.0,1.3149331728839582,39.32914924780964,4.0,0.5862068965517269,2.607361963190197,0.0,0.1513868513931112,6.535947712418292,14.37908496732026,0.0454545454545455,4935103.6,9.14296283773402,-11.891891891891902,8.16668513319633,2.1983726947495086,0.0873191071866555,-0.0474204889215867,-0.2267795669978605,0.4740886838609913,3.0,20.0,3333.3333333333335,438.2268440639998,0.3468966936111162,Q4,0,438.2268440639998,2025-02,TUYA
MLGO,2025-03-14,4.4331597,-950.7715989965981,-1.9016506375802302,tag_b1,0,1,3.744730679156918,272557.0,1.904833029954504,32.11699880859257,4.0,0.749843652282677,2.5737704918032915,1.0,1.009243669546097,7.556675062972275,14.85390428211587,0.1690690181448199,36144841.0,26.25122885445396,-63.535439795046976,102.16913249232458,0.0857603163892739,0.0,0.0,0.8505313554096795,1.85111715752684,4.0,14.0,3333.3333333333335,-63.38477326643988,0.3904257690032435,Q4,0,-63.38477326643988,2025-03,MLGO
BTDR,2025-03-19,10.15,0.0,0.0,no_fill,0,0,2.967967967967968,163098.0,1.0229792471575931,94.47453201901482,1.0,0.0,-1.3663663663663648,0.0,-1.8289158874589,5.324196099103857,11.017395888244597,0.0574162679425825,7121421.15,10.964605936536902,-35.21400778210116,9.449043788578884,0.7141858194975591,0.0,0.0,0.322626644326416,1.5174449148083622,2.0,19.0,3333.3333333333335,0.0,0.18480282082298988,Q2,3,0.0,2025-03,BTDR
HMR,2025-03-27,3.4459067999999995,1222.6196480388032,2.4454025628319442,lock,1,1,5.149560117302059,47035.0,1.8659276268440617,49.94324124519087,1.0,0.5546697038724389,-1.5425219941348969,1.0,-0.4635742719602191,7.911392405063291,13.924050632911388,0.2272727272727275,8798889.55,22.90620603222046,-28.95833333333333,24.27739003573155,0.0841376625758417,0.2803244005641805,-0.1622002820874599,-0.24798184983909,0.9807998975028132,3.0,27.0,3333.3333333333335,81.50797653592022,0.21998140843971167,Q3,2,81.50797653592022,2025-03,HMR
MSTX,2025-04-11,22.38696,5615.812044719999,11.233852508320204,scale_eod,1,1,3.6117381489842018,305881.0,1.841402034921454,19.50519998854165,2.0,0.9750000000000004,0.6772009029345469,1.0,1.6887051985060315,5.980861244019139,19.904306220095695,0.3749999999999996,12535778.35,18.0851573041891,-40.85842066617717,16.66398852332761,1.1351986771527434,0.0,0.0,-0.2992870486865778,7.317430624645891,4.0,11.0,3333.3333333333335,374.3874696479999,0.39591911533246055,Q4,0,374.3874696479999,2025-04,MSTR
SMCZ,2025-05-07,17.91,0.0,0.0,no_fill,0,0,2.3661971830986013,31189.0,0.7006151786774687,81.56481284402479,1.0,0.5238095238095274,-0.2253521126760515,0.0,-0.3329641148520201,11.84625078764966,11.405166981726532,0.2872928176795577,385972.1,14.291440867222748,-21.28603104212861,12.549455907838864,1.8881546101389195,0.2196018923502823,0.0178523609747429,0.2415891195418795,1.0267214158535585,2.0,7.0,3333.3333333333335,0.0,0.37643113459750516,Q4,0,0.0,2025-05,SMCI
SMCX,2025-05-13,28.914383699999995,8502.492403563301,17.007376242430254,scale_eod,1,1,4.6710714285714285,292741.0,1.5933889386435125,52.53464831398311,4.0,0.8356908020490863,2.1892857142857127,0.0,0.7854364428267542,5.660377358490567,11.962264150943389,0.261829652996845,3806626.15,11.921110992501529,-20.49971607041453,9.530007889128033,1.2593493059464218,0.1285435162650396,0.0034278271003979,0.0720424020995144,1.1284371830928306,1.0,13.0,3333.3333333333335,566.8328269042202,0.3595566643187253,Q4,0,566.8328269042202,2025-05,SMCI
CONI,2025-05-19,5.6,0.0,0.0,no_fill,0,0,3.214285714285709,185010.0,1.2564762946462826,61.20348441537297,3.0,0.4444444444444455,-1.7857142857142794,0.0,0.1306528738898637,5.26315789473683,20.11278195488722,0.1308411214953276,1654345.45,9.060932816438918,-61.24567474048443,12.3601816613589,6.8130045027778205,0.2482570991327873,0.1887434109845287,-1.0265903736115822,0.819816810036342,0.0,19.0,3333.3333333333335,0.0,0.34471480796805454,Q4,0,0.0,2025-05,COIN
EDBL,2025-05-28,3.5204297,4924.447529903989,9.84945793674834,scale_eod,1,1,4.139999999999994,31462.0,1.9465788551144905,88.97937635757057,2.0,0.8329882677708762,-0.408571428571428,1.0,0.8185779981326194,5.421686746987957,25.602409638554207,0.1411764705882349,10413362.3,14.203168174041492,-44.35612082670906,21.203522180813437,0.0926152353308594,0.1250063390638505,0.0743614449684679,0.0693563393385719,1.381843170072817,2.0,28.0,3333.3333333333335,328.2965019935993,0.4320453471346174,Q5,1,328.2965019935993,2025-05,EDBL
ALAR,2025-06-10,12.36699,-894.4663126146453,-1.788941907333271,stop,0,1,4.09356725146199,115112.0,1.4813447025501116,46.4920003680348,3.0,0.836734693877551,2.339181286549702,1.0,2.2245726588022383,5.648720211827013,18.270079435127982,0.8454106280193235,206121.55,8.571894115367998,2.7467811158798305,9.983070976130646,7.534297117404755,0.1266202392456084,0.0258238645829816,0.0900480256136735,0.8211298870771674,1.0,10.0,3333.3333333333335,-59.63108750764302,0.10891303139011929,Q2,3,-59.63108750764302,2025-06,ALAR
ARAI,2025-06-12,9.07715,-639.5889599999927,-1.279256154189351,tag_bb,1,1,4.501657458563545,41364.0,1.3718193676597867,103.09979492828325,0.0,0.1408934707903763,-3.867403314917142,0.0,-2.0132137633686287,6.470588235294127,18.11764705882354,0.2142857142857142,2609381.210526316,35.626081857052625,-77.375,19.265378915603875,0.8942989972436094,0.1716609446351742,-0.0449985000499953,-0.2244911533856629,0.7164449607976284,3.0,12.0,3333.3333333333335,-42.63926399999951,0.1209965404207712,Q2,3,-42.63926399999951,2025-06,ARAI
UMAC,2025-06-13,9.11727,-495.23810399999996,-0.9904938649398339,tag_bb,0,1,6.704545454545452,468270.0,2.341643126094407,42.1195912342598,4.0,0.966101694915255,3.068181818181813,1.0,3.2740396756739973,6.796116504854374,11.650485436893192,0.1041666666666664,4022651.7,11.331646666960712,-12.870424459648108,9.207104307575092,1.5103537301029566,0.3692564745196385,0.2172096908938938,-0.8695652173913043,0.7965701787192377,4.0,13.0,3333.3333333333335,-33.0158736,0.3433380769196397,Q4,0,-33.0158736,2025-06,UMAC
SBET,2025-06-16,10.95276,793.6811256000003,1.5873829062263767,lock,1,1,3.40073529411764,1574131.0,2.174779232653495,27.929142356207016,3.0,0.8108108108108096,-0.2757352941176574,1.0,0.8231083456266282,18.132464712269268,28.013029315960907,0.062015503875969,9191941.8,34.52681328899192,-91.2342893973574,106.9324343354306,4.560091535827609,0.22151898734176,0.1882078614257154,0.5695142378559426,0.9101468021546336,0.0,16.0,3333.3333333333335,52.912075040000026,0.3875178029192193,Q4,0,52.912075040000026,2025-06,SBET
USAR,2025-06-16,14.9,0.0,0.0,no_fill,0,0,6.2455642299503245,241729.0,2.111133802300031,54.786778719877496,4.0,0.8295454545454543,4.6841731724627405,1.0,1.741002314859477,6.419939577039273,13.639728096676745,0.0406999280137332,2177397.15,10.438809641764788,-6.251039622076587,7.435672643430487,1.6340629452922726,0.22151898734176,0.1882078614257154,0.5695142378559426,0.9101468021546336,0.0,16.0,3333.3333333333335,0.0,0.35677832331559733,Q4,0,0.0,2025-06,USAR
RBNE,2025-06-17,7.271749999999999,5616.209843750007,11.233929246742546,scale_lock,1,1,7.8909612625538,443510.0,3.607128741332312,42.65721956363424,3.0,0.8636363636363633,2.9411764705882364,1.0,1.5932434297873137,26.26811594202899,38.68478260869567,0.1196028847054415,5407783.4,11.782299864298333,-66.11553775176351,72.82244202034121,1.0751641790978537,0.154943187497909,0.0349871713704846,-0.4098360655737562,0.8231625986803217,1.0,17.0,3333.3333333333335,374.41398958333383,0.15727256328437322,Q2,3,374.41398958333383,2025-06,RBNE
SBET,2025-06-20,11.02,0.0,0.0,no_fill,0,0,2.917046490428444,665030.0,1.871266570277626,45.56538517124948,2.0,0.1609375000000022,-1.9917958067456751,0.0,-1.1480307134540104,9.700000000000006,27.00000000000001,0.1777777777777778,13245281.65,36.80441808141797,-91.16177892362232,107.17994650525875,1.4052958247210998,0.1621043484073711,-0.0116982519469317,0.1573379753615326,0.7773428115393068,4.0,20.0,3333.3333333333335,0.0,0.12442569893876931,Q2,3,0.0,2025-06,SBET
ETHD,2025-06-23,18.9799,0.0,0.0,no_fill,0,0,1.2801494130202893,121809.0,0.3702146976383585,120.01714625928908,3.0,0.541892455189668,0.693703308431177,0.0,0.2861288596588741,13.232628398791526,14.440483383685804,0.7699066906565125,1099919.5,6.40167033006659,9.59128415955647,7.598258247965937,1.343723790695592,0.2487227749395029,-0.171417047593436,0.1278858450562009,0.9135836778117084,0.0,23.0,3333.3333333333335,0.0,0.19877786226469213,Q3,2,0.0,2025-06,
RDTL,2025-06-26,26.8,0.0,0.0,no_fill,0,0,4.551865671641788,29206.0,0.9789232121333388,79.70507256236155,2.0,0.4179850807443221,-2.6492537313432867,1.0,-0.0658688315339519,5.594956658786453,17.533490937746254,0.0089887640449436,649641.0,11.745214048965892,-10.03692514266532,7.675978725711683,1.3665993987448453,0.0919525130950327,0.0329387037979685,0.3080115957306635,0.8928957966985432,3.0,26.0,3333.3333333333335,0.0,0.3528727811829297,Q4,0,0.0,2025-06,RDDT
OKLL,2025-06-30,21.11,0.0,0.0,no_fill,0,0,5.726660250240605,28869.0,2.0023467365395184,43.44060601497565,2.0,0.7731092436974789,0.2887391722810333,0.0,1.611520872129904,5.375253549695752,28.75253549695741,0.1446208112874779,0.0,0.0,0.0,0.0,0.0,0.1669528314111741,-0.1133860308410077,0.4016847994015428,0.6845970298556153,0.0,30.0,3333.3333333333335,0.0,0.3183940282233223,Q4,0,0.0,2025-06,OKLO
DFDV,2025-07-09,21.63,0.0,0.0,no_fill,0,0,3.839703497799386,77601.0,1.7440082983884282,46.90646394020203,1.0,0.619932432432434,-1.2508686587908249,1.0,1.0199864159297656,6.750741839762621,23.54104846686448,0.0210084033613441,1932912.2,20.878071983968663,-36.04425494594057,13.624071005745892,1.1505199253230436,0.1525442779838536,0.1204296931451418,0.3917206693103701,0.6752126458871446,2.0,9.0,3333.3333333333335,0.0,0.409291795679454,Q5,1,0.0,2025-07,DFDV
PROK,2025-07-14,4.95,0.0,0.0,no_fill,0,0,5.648535564853566,590137.0,2.456910748377717,29.178491578927527,4.0,0.8544444444444451,2.734309623430963,1.0,1.87939439625257,5.286343612334806,21.36563876651982,0.0618556701030924,33829973.4,24.963513999016907,-32.95932678821879,115.66759691528064,0.5246611278742537,0.1059101047868107,-0.0625832437376616,-0.0737628684134627,0.5870746247113603,0.0,14.0,3333.3333333333335,0.0,0.3391921488610132,Q4,0,0.0,2025-07,PROK
ALM,2025-07-15,5.15,0.0,0.0,no_fill,0,0,3.7328094302554105,307202.0,2.1839124916818364,48.320236491660246,3.0,0.5526315789473695,-0.491159135559911,1.0,0.6284809110899893,6.708595387840677,16.771488469601675,0.0874999999999992,0.0,0.0,0.0,0.0,0.0,0.1593600101990406,-0.0957594301286073,0.4337318544837689,0.5627537225842169,1.0,15.0,3333.3333333333335,0.0,0.27513967919677196,Q3,2,0.0,2025-07,ALM
MSOX,2025-08-15,10.355,0.0,0.0,no_fill,0,0,2.94685990338164,79189.0,1.4828604899356124,155.83340250522343,1.0,0.5737704918032758,-1.207729468599034,0.0,-0.0759859962711424,8.490566037735855,17.203354297693917,0.0182793078235433,1080420.6,17.80512564641587,-7.184876963914196,16.21146909519312,1.3398161789954763,0.1439495967429797,-0.1261629436988273,0.1612528102953661,0.6652524161841091,4.0,15.0,3333.3333333333335,0.0,0.42829563783188446,Q5,1,0.0,2025-08,
NCNA,2025-08-21,3.3700799999999997,2368.706766719999,4.737555008202675,scale_lock,1,1,3.267267267267268,35499.0,0.800599842688564,50.59674915749724,2.0,0.0808823529411757,-2.1021021021021107,0.0,-1.769094508372741,7.073954983922837,13.4823151125402,0.1430956355831147,129275877.8,16.211881398273174,-41.578947368421055,3078.472860456794,0.0043774910650809,0.1980260262777379,-0.0601621927453282,-0.286784410211412,0.737875434498428,3.0,21.0,3333.3333333333335,157.91378444799994,0.20352725326735363,Q3,2,157.91378444799994,2025-08,NCNA
SMST,2025-08-25,27.8575226,-1101.463655744398,-2.2039677806812543,stop,0,1,2.129784907036089,93311.0,0.842714728859634,55.68941685499913,2.0,0.7360492981855534,0.692672256653304,0.0,0.1704586617858982,7.5264602116816866,17.836142689141514,0.0461538461538463,1445952.25,8.803344055329097,-12.280140709945634,7.877483208708316,1.3596790627076378,0.1335341521357722,-0.0442525969287095,-0.1968046365312767,1.0465045367904693,0.0,25.0,3333.3333333333335,-73.43091038295987,0.5813810273693845,Q5,1,-73.43091038295987,2025-08,MSTR
QVCGA,2025-09-03,11.3,0.0,0.0,no_fill,0,0,4.1474654377880285,35048.0,1.509523331718813,45.4569633813128,3.0,0.9555555555555528,3.963133640552993,1.0,1.83117511102467,5.03388189738625,35.39883833494675,0.7183252659501738,263702.7,15.744345562288526,-4.489436619718308,10.194037163407383,2.7052282741132343,0.1135921574729663,0.0342332529370617,0.3748418635887949,0.7455180966918891,2.0,3.0,3333.3333333333335,0.0,0.23163518132184663,Q3,2,0.0,2025-09,
OPAD,2025-09-09,4.59,0.0,0.0,no_fill,0,0,5.234460196292262,457446.0,2.161548415377014,21.09912537983879,3.0,0.7500000000000019,-1.199563794983636,1.0,1.8654920129604835,7.882352941176469,39.05882352941177,0.1144578313253014,22086673.55,24.1820673171515,-27.795275590551174,36.408451601301394,0.6468921165360367,0.0955374753451683,0.0331299309664568,0.0215773006796828,0.8810368794476895,1.0,9.0,3333.3333333333335,0.0,0.3108545941600586,Q4,0,0.0,2025-09,OPAD
CRWU,2025-09-09,14.575896899999998,-172.99856699999773,-0.34602947829577024,tag_bb,0,1,5.591390261115025,27505.0,1.9305420916448883,45.30114180228587,4.0,0.962514199166982,2.347212420606912,1.0,2.7361881067848404,14.18211120064464,14.82675261885576,0.6358695652173914,381181.55,16.16770224350225,-60.59510567296997,13.684158385819778,1.5651387114617694,0.0955374753451683,0.0331299309664568,0.0215773006796828,0.8810368794476895,1.0,9.0,3333.3333333333335,-11.53323779999985,0.21446404504833444,Q3,2,-11.53323779999985,2025-09,CRWV
OPAD,2025-09-11,4.20257,960.2357797100126,1.9205493305287258,lock,1,1,4.116222760290577,792180.0,2.152338527463662,17.72358799097231,1.0,0.7582352941176475,0.4576271186440765,1.0,1.0633342071780607,7.272727272727267,12.987012987012983,0.2000000000000001,22620370.05,24.48606142666315,-34.96062992125984,36.55250211878658,0.2726832932602709,0.1146473447674951,0.0474028554832055,0.3020499532359076,0.5210039267199291,3.0,11.0,3333.3333333333335,64.01571864733417,0.2955728802814102,Q4,0,64.01571864733417,2025-09,OPAD
ZONE,2025-09-12,4.55362,-418.7772000000031,-0.8375753795881142,tag_bb,0,1,2.941176470588233,167219.0,1.3376272767976043,44.69587959705439,4.0,1.0,2.714932126696835,1.0,1.466264435494346,11.055276381909549,12.814070351758788,0.7647058823529418,2077944.65,17.652942726842703,-43.47826086956522,15.880493352925008,1.6924445027926995,0.0517039492693063,0.0106449307319053,-0.0045618356826745,0.6271730946410605,4.0,12.0,3333.3333333333335,-27.91848000000021,0.2994333124835822,Q4,0,-27.91848000000021,2025-09,ZONE
CCUP,2025-09-15,15.546499999999998,-396.33565919999404,-0.7927102563277789,tag_bb,0,1,4.084321475625819,19869.0,1.2270440605188215,61.9792362018703,2.0,0.7541935483870963,1.104084321475627,0.0,1.2537692920065135,7.279151943462893,18.02049469964664,0.0783952311855365,289014.95,14.327835749131404,-31.343283582089555,11.18739023078304,3.435659643212228,0.0977806076041449,0.0272876114244229,0.3392099298763356,0.5526570452335635,0.0,15.0,3333.3333333333335,-26.422377279999605,0.48585724111298073,Q5,1,-26.422377279999605,2025-09,CRCL
CRCG,2025-09-15,9.317869999999996,-467.4322599999763,-0.9348703083429541,tag_bb,0,1,4.2810098792535545,70136.0,1.8273298015388004,40.23933916138842,2.0,0.7366666666666692,0.8485181119648851,0.0,0.8925753977980233,7.302709069493512,17.43227326266196,0.0810810810810817,1032886.75,14.53706161360196,-31.1543548082373,11.336473109644135,2.7691419218999567,0.0977806076041449,0.0272876114244229,0.3392099298763356,0.5526570452335635,0.0,15.0,3333.3333333333335,-31.162150666665084,0.41122871477992906,Q5,1,-31.162150666665084,2025-09,CRCL
CRCA,2025-09-15,14.794249999999998,-604.4355199999923,-1.2091184074893808,tag_bb,0,1,4.391424619640386,183788.0,1.7883795930736732,19.758774593238275,2.0,0.7461417322834659,0.8907330567081605,0.0,0.985412131739264,7.190511489992592,17.93921423276501,0.0785123966942146,2175192.8,14.578198609460893,-31.56649313771888,11.214931513590434,1.646745980402289,0.0977806076041449,0.0272876114244229,0.3392099298763356,0.5526570452335635,0.0,15.0,3333.3333333333335,-40.29570133333282,0.4095494519244531,Q5,1,-40.29570133333282,2025-09,CRCL
HERE,2025-09-16,10.53,0.0,0.0,no_fill,0,0,3.732809430255393,117187.0,1.2939880387605476,41.22300804513867,3.0,0.3947368421052651,1.1787819253438212,0.0,-0.441371088510658,6.041666666666668,43.02083333333334,0.0242130750605325,735589.3,9.547492614501156,-25.31181217901688,8.134553245615114,4.316233256791527,0.0861730112175998,-0.0045354216430451,0.084731657865679,0.4380529434836936,1.0,16.0,3333.3333333333335,0.0,0.3364535720377019,Q4,0,0.0,2025-09,HERE
IMRX,2025-09-23,9.65,0.0,0.0,no_fill,0,0,2.6595744680851063,37819.0,1.1707026638155575,121.96791448916392,2.0,0.6400000000000006,1.7021276595744694,0.0,0.1547536301413636,7.6746849942726225,15.807560137457052,0.0217391304347834,993074.4,11.52911489301673,-6.746031746031743,7.86483232756604,1.4278678415232533,0.0854944428612044,0.0502467339622808,-0.0179953212164843,0.6984047345561558,1.0,23.0,3333.3333333333335,0.0,0.49940604476297973,Q5,1,0.0,2025-09,IMRX
CRCA,2025-09-24,15.325839999999998,-1568.0433999999962,-3.136532809947115,stop,0,1,2.7595269382391585,53071.0,1.4199575506610385,60.057349001326166,3.0,1.0,0.3942181340341571,1.0,1.0914941081438172,5.255878284923926,17.28838174273858,0.0320012800512021,2978471.05,14.670880712807566,-17.372421281216074,11.555720763725883,1.0746936754681569,0.1203912716328168,-0.0564334085778781,0.196016344747509,0.7352644870480297,2.0,24.0,3333.3333333333335,-104.53622666666642,0.6456196711601002,Q5,1,-104.53622666666642,2025-09,CRCL
RZLV,2025-10-02,5.58671,-88.52708760000021,-0.17707022558894275,tag_bb,1,1,3.703703703703707,2448019.0,1.8615481264120255,35.286039534876906,3.0,0.958999999999998,2.9962962962962867,1.0,1.47586418695874,6.719367588932822,25.494071146245066,0.0930232558139528,28861319.35,13.30258180985865,-36.09467455621301,8.757258876801087,3.266352305546974,0.1081331006607339,-0.0365415305681096,0.2991996409604308,0.7386119109487471,3.0,2.0,3333.3333333333335,-5.901805840000014,0.3774954186108846,Q4,0,-5.901805840000014,2025-10,RZLV
CCUP,2025-10-02,15.976185199999998,8336.055471514808,16.675618328901052,scale_eod,1,1,2.9479099678456544,38180.0,0.9249676661291448,21.81027129710641,4.0,0.916230366492148,2.1864951768488736,1.0,0.9230999067551436,6.28844839371155,15.04647983595352,0.159587516467542,593003.65,14.525316779086134,-19.70131989341706,11.193676708572498,1.0460441516675318,0.1081331006607339,-0.0365415305681096,0.2991996409604308,0.7386119109487471,3.0,2.0,3333.3333333333335,555.7370314343206,0.5845916550533883,Q5,1,555.7370314343206,2025-10,CRCL
BTQ,2025-10-03,6.97085,-218.01015280000013,-0.43606446846510855,tag_bb,0,1,2.919708029197083,154459.0,1.3264483129077622,58.39070787785209,3.0,0.9239999999999996,1.2379562043795684,1.0,1.234990436355076,7.198748043818466,11.267605633802813,0.3611111111111109,5680126.4,17.05230871027789,-6.035665294924559,9.848138431434023,0.6558255464174177,0.1268675651875435,0.0986134121404826,0.1150593227936974,0.7553703214630986,4.0,3.0,3333.3333333333335,-14.534010186666677,0.4409793790949905,Q5,1,-14.534010186666677,2025-10,BTQ
ORBS,2025-10-10,11.01,0.0,0.0,no_fill,0,0,3.725579282144481,635283.0,1.831183342466759,37.41279380582881,2.0,0.7317073170731722,-0.954111767378468,0.0,0.4775470093150384,30.390995260663523,33.649289099526065,0.1584507042253518,4939723.65,18.1563261723854,-42.949714878175214,12.58394563554918,2.2314908243905505,0.1353884607373416,0.0520724848989827,0.1445258954645729,0.6874094913850299,4.0,10.0,3333.3333333333335,0.0,0.3579038708149985,Q4,0,0.0,2025-10,ORBS
POM,2025-10-13,4.57,0.0,0.0,no_fill,0,0,2.800875273522978,24132.0,1.025703726450938,76.62146054051306,1.0,0.6875,-0.8752735229759306,0.0,-0.1670039081469188,5.057471264367831,17.94942528735631,0.3073770491803272,0.0,0.0,0.0,0.0,0.0,0.1725573299023668,0.0090819647317125,1.168417506355088,1.4999423864715038,0.0,13.0,3333.3333333333335,0.0,0.3905426179280816,Q4,0,0.0,2025-10,POM
RGTZ,2025-10-16,9.59871,8196.353351970005,16.39281149006962,scale_eod,1,1,5.193722943722951,784414.0,2.630534965426086,27.45044193196375,4.0,0.916649301937902,3.1385281385281294,1.0,1.895995987452628,6.206896551724149,27.356321839080472,0.2184873949579829,25273852.0,37.58470541784028,-54.68366846493379,23.555148938066758,1.615822431816092,0.1469661977745145,0.026993791427964,0.2480568877129291,1.4730835855870217,3.0,16.0,3333.3333333333335,546.4235567980004,0.2921957867495038,Q4,0,546.4235567980004,2025-10,RGTI
NEUP,2025-10-28,4.87458,503.3255549400066,1.0066799601196543,lock,1,1,2.2689075630252216,20780.0,1.2640024272121613,75.98697046830522,3.0,0.6907407407407393,1.3991596638655508,1.0,0.544209351911642,5.077262693156722,32.67108167770418,0.0,4603374.6,15.849817443103351,-77.75742509485804,23.26747982970913,0.5465959689658973,0.0822332513426658,-0.0392973059513725,0.2641410308796838,0.5490484600483962,1.0,28.0,3333.3333333333335,33.55503699600044,0.5773941055220637,Q5,1,33.55503699600044,2025-10,NEUP
CRWU,2025-11-12,10.14033,-2071.3883069999993,-4.143453911263242,stop,0,1,3.759643916913934,31891.0,1.7366037317757763,100.39487176162928,3.0,0.8684556695606443,-0.4945598417408401,1.0,1.763509710625211,7.7825159914712,27.292110874200432,0.0351562500000006,543510.5,13.27623674462893,-65.56128966327731,10.505738360657752,3.0941094974246126,0.1365342211708443,-0.0846950248974061,0.2620790629575349,1.0765456215938356,2.0,12.0,3333.3333333333335,-138.09255379999996,0.5432423565333364,Q5,1,-138.09255379999996,2025-11,CRWV
ENGN,2025-11-13,9.27775,-480.6866747500016,-0.9614157527417779,tag_b1,0,1,1.7297297297297312,186848.0,0.8969026115468648,118.3647509754132,1.0,0.2812499999999993,-1.2432432432432454,1.0,-0.2805049641451096,6.566820276497699,13.594470046082968,0.050847457627119,2901904.7,12.025888733963892,-16.965888689407542,11.580961119984073,0.7569421559570857,0.1366622092254432,-0.0661268754316682,-0.4214346337323298,0.781802620775999,3.0,13.0,3333.3333333333335,-32.04577831666677,0.3665168939771738,Q4,0,-32.04577831666677,2025-11,ENGN
DGNX,2025-11-17,12.035999999999998,4865.184354000009,9.730846687189294,scale_eod,1,1,3.092783505154634,101030.0,1.738583657332477,86.84434261826735,2.0,0.5555555555555545,1.718213058419238,0.0,-0.1900858572490493,10.541310541310551,26.59069325735993,0.0642857142857141,871494.85,15.132239891582364,-52.48979591836734,11.564023779551077,1.7651934489343224,0.3314917127071863,0.215021651485731,-0.3318798089086519,1.3236019825297742,0.0,17.0,3333.3333333333335,324.34562360000064,0.39079688918241645,Q4,0,324.34562360000064,2025-11,DGNX
XXRP,2025-11-20,15.07,0.0,0.0,no_fill,0,0,1.4046822742474974,60997.0,0.7148185747590771,72.49160374449119,2.0,0.3809523809523797,-0.0668896321070219,1.0,-0.1787980435186686,7.399425287356317,13.14655172413793,0.2021857923497263,1782463.75,10.851543246396886,-43.72294372294373,12.400772853437752,1.317667750606429,0.0,0.0,1.5513936887855926,1.477851981162809,3.0,20.0,3333.3333333333335,0.0,0.39130228018529134,Q4,0,0.0,2025-11,
BMNG,2025-11-26,4.563649999999999,-1842.2503043999948,-3.684548552145751,stop,0,1,3.30616740088106,38968.0,0.8700083204333613,60.62128668877016,0.0,0.0006662225183254,-3.0837004405286272,0.0,-1.8306423548729505,9.397590361445776,16.867469879518072,0.1000000000000003,712626.55,18.33773310449948,-71.41057934508815,16.13996243905685,2.623713640756157,0.1697166469893876,0.1010920897284453,0.3866552102159956,1.694373008441164,2.0,26.0,3333.3333333333335,-122.81668695999966,0.1930982704434552,Q2,3,-122.81668695999966,2025-11,BMNR
BMNU,2025-12-02,7.003347199999999,-1714.1966908000018,-3.4286062527358387,stop,0,1,3.125827814569545,1285546.0,1.3538245681786794,23.20192965971769,3.0,0.5414312617702444,1.324503311258276,0.0,-0.1217758789367228,10.667752442996749,16.612377850162872,0.1176470588235294,22421781.8,19.507163522301195,-61.9327731092437,16.974744960306058,2.14236640194224,0.0821210699202339,-0.0146644767714554,0.2425507519073275,0.6068606674853394,1.0,2.0,3333.3333333333335,-114.27977938666679,0.32024752350503666,Q4,0,-114.27977938666679,2025-12,BMNR
LGHL,2025-12-05,4.9147,-2231.9561999999937,-4.46415854477383,stop,0,1,4.115226337448563,68114.0,1.494017438778456,22.394898596057292,1.0,0.2,-2.469135802469138,0.0,-0.638023204299149,10.958904109589051,29.22374429223745,0.0625,161518.25,18.47497668593308,-43.79423601794884,345.9770305599701,5.868773342950409,0.1721496826901962,0.0904515281931584,0.1578047604436127,0.6704349328866847,4.0,5.0,3333.3333333333335,-148.7970799999996,0.20530741107822334,Q3,2,-148.7970799999996,2025-12,LGHL
BMNG,2025-12-08,5.97,0.0,0.0,no_fill,0,0,3.639514731369151,81045.0,1.046839564666645,31.49448586684634,4.0,0.7142857142857161,2.4263431542461107,1.0,0.4375820499606135,6.457564575645749,16.236162361623617,0.0113636363636361,1758393.65,19.051554579411423,-44.995233555767406,17.123745146694837,1.5739934001695242,0.1048645499563104,-0.0699242644916972,0.1312546486021346,0.6359236216384665,0.0,8.0,3333.3333333333335,0.0,0.5341295997403768,Q5,1,0.0,2025-12,BMNR
CCUP,2025-12-16,4.4323573,4009.4771280000064,8.019436970931936,eod,1,1,4.204225352112677,61858.0,1.1960592020639242,75.88329882694134,4.0,1.0,3.73474178403757,1.0,2.6021148454324936,5.44554455445544,27.97029702970297,0.0796460176991149,1651657.9,15.27811088641767,-28.871969545181337,11.247478505015248,0.8575613630401309,0.2473425399723138,0.0500574188039101,-0.2203516812833282,1.1359946700144068,1.0,16.0,3333.3333333333335,267.29847520000044,0.5979319641024795,Q5,1,267.29847520000044,2025-12,CRCL
CRCA,2025-12-16,4.132359999999999,4248.58804800001,8.497613954253765,eod,1,1,4.125000000000001,662479.0,1.4547961611080014,24.49096332558786,5.0,0.9393939393939408,2.750000000000008,1.0,1.7289717800950697,6.10079575596817,27.58620689655171,0.0865384615384614,11742769.55,15.360276666737072,-28.31541218637993,11.177210800620587,1.1251998043340634,0.2473425399723138,0.0500574188039101,-0.2203516812833282,1.1359946700144068,1.0,16.0,3333.3333333333335,283.23920320000065,0.5054295915252254,Q5,1,283.23920320000065,2025-12,CRCL
CRDU,2025-12-18,14.99,0.0,0.0,no_fill,0,0,3.774879890185317,43903.0,1.6570848005194774,114.13732500649864,2.0,0.6334545454545443,1.49897048730267,1.0,0.0490350280252705,9.962264150943398,17.094339622641513,0.1258278145695364,467081.95,16.073134637728977,-56.24624624624624,11.120246132818783,1.3745596463318697,0.1874262101534801,0.0309917355371786,0.923443550789402,1.077035692666943,3.0,18.0,3333.3333333333335,0.0,0.3877997562793808,Q4,0,0.0,2025-12,CRDO
FJET,2025-12-24,14.543499999999998,-3083.5389199999922,-6.168803933028486,stop,0,1,5.936395759717313,433288.0,2.496018474711687,31.412111727270887,3.0,0.9998809523809526,2.472791519434628,1.0,1.8171364727688637,9.35085007727976,78.36166924265842,0.0187376725838263,0.0,0.0,0.0,0.0,0.0,0.0777672795988199,0.0479686023693476,-0.0014535728821429,0.6684034460239162,2.0,24.0,3333.3333333333335,-205.5692613333328,0.4088416056470231,Q5,1,-205.5692613333328,2025-12,FJET
SUPX,2025-12-29,16.21,0.0,0.0,no_fill,0,0,7.468518518518525,55202.0,2.590280267158681,42.31910859779188,2.0,0.4214397884122651,-4.259259259259256,1.0,-0.5466595189791414,8.724832214765094,30.201342281879185,0.0044444444444443,385774.3,15.65195225053372,-48.50603941513032,8.993067713739892,1.3040293249187414,0.1308995709402919,0.0741764235328326,-0.4012689950891602,0.4715023496087657,0.0,29.0,3333.3333333333335,0.0,0.12584841120439724,Q2,3,0.0,2025-12,SUPX
DFLI,2026-01-06,4.37308,578.1887613599936,1.156437110686277,lock,0,1,2.522935779816521,35890.0,0.8662304627227492,103.13170780240854,0.0,0.6363636363636371,-0.9174311926605512,0.0,0.2626405605177971,5.314009661835764,14.49275362318841,0.3499999999999991,5732792.3,13.393327459173122,-15.33980582524272,160.42356036210174,0.2034340228931719,0.1162909016905723,0.0639599959298263,0.0305356831268427,0.7682394674400229,1.0,6.0,3333.3333333333335,38.545917423999576,0.37687564925510353,Q4,0,38.545917423999576,2026-01,DFLI
RGTU,2026-01-22,18.1764663,-493.57357499999745,-0.9874378057741569,tag_bb,0,1,3.4465090090089983,33455.0,1.3126795997811584,77.41055233597983,3.0,0.9148831890214024,1.745495495495488,0.0,1.4011774886819404,7.246376811594221,33.816425120772934,0.314285714285714,385342.6,15.451238641468112,-24.999999999999996,8.156869729568966,1.818706262946272,0.1333623251431411,0.013046314416182,0.6492559089582792,1.11915555070652,3.0,22.0,3333.3333333333335,-32.90490499999983,0.45964287106127394,Q5,1,-32.90490499999983,2026-01,RGTI
BOIL,2026-01-23,29.1,0.0,0.0,no_fill,0,0,2.4051546391752683,523681.0,0.6410873232961014,31.09073892344818,0.0,0.0927275325046452,-2.182130584192445,0.0,-0.8894382670846175,11.281070745697908,15.105162523900573,0.0506329113924048,15286510.35,6.82843344900573,-2.675585284280927,12.0350319915395,2.0272049859960357,0.1540361839715099,-0.0624863765167405,-0.120467938111417,1.1225944582214702,4.0,23.0,3333.3333333333335,0.0,0.2462399590710874,Q3,2,0.0,2026-01,
NBIG,2026-01-26,8.804033099999998,-1968.4214691945456,-3.9369922311108656,stop,0,1,5.606807511737074,86555.0,2.35966308774753,46.0260281099726,4.0,0.6698764915218743,1.1737089201877893,1.0,-0.2826566232736223,8.535031847133757,11.210191082802549,0.181818181818181,648919.65,12.396938237498704,-21.294029616354592,8.975230446498541,1.183974009725241,0.2034845829652391,0.1173113965849269,0.1828127040320344,0.9029780243208204,0.0,26.0,3333.3333333333335,-131.22809794630305,0.22956808399165268,Q3,2,-131.22809794630305,2026-01,NBIS
CRWU,2026-01-27,10.130299999999998,-889.583099999985,-1.7794142325498454,tag_bb,1,1,3.896103896103884,67368.0,2.109766729625877,46.330544806241946,1.0,0.564102564102563,-0.7992007992007999,0.0,0.0773936912612294,10.485651214128026,20.088300220750558,0.0219780219780224,1892845.8,14.182844007572834,-7.656826568265683,9.592860841069328,1.4967796108906497,0.0720274280445994,0.0072027428044697,0.2093167612200903,0.5898009320852209,1.0,27.0,3333.3333333333335,-59.305539999999006,0.33240280245035836,Q4,0,-59.305539999999006,2026-01,CRWV
ANL,2026-02-04,10.42117,-271.2463649999993,-0.5425974242815332,tag_bb,1,1,3.9000000000000057,49429.0,1.977405855345857,126.83658623379075,3.0,0.6582051282051282,2.567000000000004,0.0,0.2243277028149312,6.382978723404251,29.147872340425536,0.0182488411985841,1270858.0,17.38179978803994,-17.286329911744513,23.812845470650405,3.860443889089104,0.2142826102701644,-0.1115376258419615,0.1189215842675518,31.06515138825269,2.0,4.0,3333.3333333333335,-18.083090999999953,0.3977729378205209,Q5,1,-18.083090999999953,2026-02,ANL
INFQ,2026-02-11,13.69,0.0,0.0,no_fill,0,0,1.8371837183718285,224317.0,1.0661521735630373,51.86316103231029,3.0,0.6407185628742504,-0.2566923359002577,1.0,0.0930606141163212,7.658902487169369,12.870114488748529,0.4018404907975454,2272065.05,9.878489749157067,-28.23684210526316,7.297252615642144,3.1526949459479607,0.1636919719139018,-0.0463219562626489,0.6169450384326391,1.1498503864271654,2.0,11.0,3333.3333333333335,0.0,0.3539669224508368,Q4,0,0.0,2026-02,INFQ
MST,2026-02-13,3.45032,-1502.2819700000023,-3.004648844165183,stop,0,1,2.6706231454005893,16526.0,0.8672765005485656,97.66088869701164,3.0,0.8233333333333352,1.6053412462908023,1.0,0.8623565990914813,6.645569620253163,11.708860759493673,0.2702702702702704,622504.95,13.751513746830588,-55.12649800266311,15.498835691999387,1.216603980418148,0.2479169111606532,-0.0733481985682431,0.0616495662512767,1.3514233618102711,4.0,13.0,3333.3333333333335,-100.1521313333335,0.5213583312322279,Q5,1,-100.1521313333335,2026-02,MSTR
JFB,2026-02-19,22.89,0.0,0.0,no_fill,0,0,3.941541186891056,23774.0,2.626064279168645,115.19186527080876,2.0,0.988651685393257,1.3281665190434055,1.0,0.9632428942235076,8.038277511961722,26.69808612440191,0.4121937669133851,159781.55,20.21845312475205,-35.6687825502285,14.755450975999448,6.1301445629986695,0.1403796098616729,0.0131605884245359,-0.3569919421818665,1.1824195395292825,3.0,19.0,3333.3333333333335,0.0,0.316958520459423,Q4,0,0.0,2026-02,JFB
BNAI,2026-02-24,21.47423,11150.10737187001,22.303780029742313,scale_eod,1,1,3.254716981132081,17636.0,1.2479793483386858,48.70155691868268,3.0,0.4637681159420285,-0.7547169811320762,0.0,-0.7370531261355997,5.420188960716061,11.884634510193935,0.2928870292887026,5248461.5,25.22211457811428,-75.42883634677793,15.599959539196432,0.2315051753737738,0.2445373221880068,-0.1627804663440407,-0.071806444994799,1.0987018495256498,1.0,24.0,3333.3333333333335,743.3404914580007,0.2934707705391144,Q4,0,743.3404914580007,2026-02,BNAI
SPAI,2026-02-24,4.2,0.0,0.0,no_fill,0,0,6.638095238095247,73310.0,2.7004015576825005,60.52115706736111,2.0,0.5885939741750363,-2.730952380952381,1.0,0.77574297113759,6.060606060606066,20.454545454545457,0.0864197530864195,417774.95,12.150081903897998,-34.984520123839005,7.312845653926557,5.047564484179819,0.2445373221880068,-0.1627804663440407,-0.071806444994799,1.0987018495256498,1.0,24.0,3333.3333333333335,0.0,0.17760764085440364,Q2,3,0.0,2026-02,SPAI
SHLS,2026-02-25,7.43,0.0,0.0,no_fill,0,0,4.450625869262857,630273.0,2.097779616873543,82.15125662276593,3.0,0.7187499999999999,2.0862308762169604,0.0,0.7261763374530668,5.193855157278718,23.262618873445497,0.0597484276729558,5196040.4,8.135890365726862,-35.544598834603306,8.25595434904137,4.745264297791064,0.1651719091844254,0.0941769657630474,0.4117261948061289,1.2780416373223291,2.0,25.0,3333.3333333333335,0.0,0.34846837459618163,Q4,0,0.0,2026-02,SHLS
MST,2026-02-25,3.5104999999999995,2720.0876020000073,5.440551581358414,scale_eod,1,1,2.325581395348839,71770.0,0.6954834357746622,65.80988131551823,2.0,0.6250000000000028,0.8720930232558213,0.0,0.2782532793496834,6.172839506172831,11.728395061728392,0.7631578947368424,623451.2,14.52661717225125,-44.87179487179488,16.083316632435842,1.2662835519444025,0.1651719091844254,0.0941769657630474,0.4117261948061289,1.2780416373223291,2.0,25.0,3333.3333333333335,181.33917346666715,0.20775072957981008,Q3,2,181.33917346666715,2026-02,MSTR
IRE,2026-03-11,4.803166399999999,4180.500052400007,8.361642436539379,eod,1,1,4.627705627705627,1422888.0,1.6841426827035064,30.61740114902137,4.0,0.8185219831618327,2.813852813852812,1.0,0.4639857966463847,5.963302752293573,13.048165137614662,0.0857795746176832,23858848.0,17.013192000085933,-37.944929482874414,11.8994787272216,0.7967713277690524,0.1269297753638181,0.0368834312365358,0.0590684899140687,1.5996318201572153,2.0,11.0,3333.3333333333335,278.70000349333384,0.36502130515446557,Q4,0,278.70000349333384,2026-03,IREN
ANNA,2026-03-20,4.112299999999999,28245.7251101,56.49445188341748,scale_eod,1,1,6.281407035175867,237204.0,2.3534206956692114,35.98195659670956,3.0,0.8000000000000004,1.758793969849242,0.0,2.077967909331317,5.0131926121372015,17.150395778364114,0.2923076923076922,678720.85,20.72526744705013,-26.972477064220183,13.879716882153728,3.0071110972942705,0.2574218214497785,-0.2208648763918364,-0.4986359502879606,1.059983856148861,4.0,20.0,3333.3333333333335,1883.0483406733333,0.20923705133927362,Q3,2,1883.0483406733333,2026-03,ANNA
BMNZ,2026-03-26,20.12,0.0,0.0,no_fill,0,0,1.4624306606152433,38378.0,0.6453636759956555,60.40379543599125,2.0,0.3793103448275929,0.5547150781644126,0.0,0.099713163445757,8.776741634668117,11.135490948985195,0.5270935960591131,2033682.65,12.576605657396875,-29.605963791267317,11.207000141447924,0.735038478102766,0.0,0.0,-0.7247038762522615,1.1435860541847658,3.0,26.0,3333.3333333333335,0.0,0.23239346803275726,Q3,2,0.0,2026-03,BMNR
FLZH,2026-04-06,20.9,0.0,0.0,no_fill,0,0,2.904972919743968,36683.0,1.5695473286866422,32.35114189118293,1.0,0.4067796610169526,1.1816838995568784,0.0,-0.6414611533404354,6.894736842105257,18.30421052631578,0.2092702283052501,15128572.8,28.971603793509345,-45.10810810810811,101.06324016618706,0.0633043190961146,0.0,0.0,0.0045743561593664,1.641148893365774,0.0,6.0,3333.3333333333335,0.0,0.2722999367702742,Q3,2,0.0,2026-04,FLZH
UGRO,2026-04-06,20.9,0.0,0.0,no_fill,0,0,2.904972919743968,36683.0,1.5695473286866422,32.35114189118293,1.0,0.4067796610169526,1.1816838995568784,0.0,-0.6414611533404354,6.894736842105257,18.30421052631578,0.2092702283052501,15128572.8,28.971603793509345,-45.10810810810811,101.06324016618706,0.0633043190961146,0.0,0.0,0.0045743561593664,1.641148893365774,0.0,6.0,3333.3333333333335,0.0,0.2722999367702742,Q3,2,0.0,2026-04,UGRO
ALOY,2026-04-09,9.0,0.0,0.0,no_fill,0,0,7.947805456702254,185843.0,2.315624567339063,18.80858689848252,4.0,0.9253731343283572,6.168446026097267,1.0,3.694867331208272,5.506883604505625,13.08886107634543,0.3721552878179391,1650340.15,13.450909650793635,-52.26500566251416,8.355877068449066,0.9283225642907617,0.0,0.0,-0.1730743628052778,0.9219109964888992,3.0,9.0,3333.3333333333335,0.0,0.19245419489871443,Q2,3,0.0,2026-04,ALOY
UGRO,2026-04-10,17.849387999999998,-244.15756799998545,-0.4883528779809975,tag_bb,1,1,4.802325581395352,36066.0,1.779152215577812,60.591029741815625,4.0,0.5447941888619886,1.2790697674418745,1.0,0.5711409632680431,11.111111111111104,19.767441860465105,0.1405228758169934,15249521.4,30.53203143301972,-53.51351351351351,101.76232904054554,0.0384923555699262,0.0,0.0,0.2073803885808536,1.0717481862668985,4.0,10.0,3333.3333333333335,-16.27717119999903,0.2901622318325762,Q4,0,-16.27717119999903,2026-04,UGRO
XNDU,2026-04-15,17.3,0.0,0.0,no_fill,0,0,3.077816492450645,308891.0,1.195719131761598,48.45432062482852,3.0,0.8867924528301846,0.1161440185830405,0.0,0.4706890015905716,16.115981119352654,27.039784221173303,0.6334164588528678,837551.5,16.522976570416713,5.644171779141092,13.847969265615898,4.060945506037539,0.0,0.0,0.1151974195777949,0.980016594646664,2.0,15.0,3333.3333333333335,0.0,0.28148633436209386,Q3,2,0.0,2026-04,XNDU
ROLR,2026-04-16,6.4192,7468.734191600005,14.937722682990964,scale_eod,1,1,3.90625,68642.0,2.1344557523921006,83.5911159905868,2.0,0.5199999999999996,-1.8750000000000016,0.0,0.4928869353967669,6.666666666666672,26.16666666666667,0.1273885350318472,4881645.4,13.246168267956843,-45.48551959114139,13.13179959040546,0.830959782535618,0.0,0.0,0.1600137154613096,1.0939355559281985,3.0,16.0,3333.3333333333335,497.9156127733337,0.2777027364469595,Q3,2,497.9156127733337,2026-04,ROLR
HOOG,2026-04-17,29.13715,-1065.4401706928575,-2.1309080687615056,stop,0,1,4.446816079686944,117210.0,1.7921295870331893,36.227032862179534,3.0,1.0,3.344005691924586,1.0,2.575154815673288,7.3720397249809,13.636363636363638,0.5210084033613444,636634.45,9.981257012159348,0.7888131946934345,9.176188877843476,3.119344232785392,0.0,0.0,0.6384858763503717,0.8236033436002577,4.0,17.0,3333.3333333333335,-71.02934471285717,0.3034864304632566,Q4,0,-71.02934471285717,2026-04,HOOD
IONZ,2026-04-28,7.63,0.0,0.0,no_fill,0,0,3.0666666666666607,189168.0,1.4901557137248609,33.61320249986227,2.0,0.4782608695652159,0.1333333333333305,1.0,0.1015022983222577,5.337078651685392,14.536516853932598,0.0676328502415461,8727215.15,18.63360591542536,-75.99800303385241,14.174119714257136,0.7489229826080316,0.0,0.0,-0.4691192303927604,0.8846155802054756,1.0,28.0,3333.3333333333335,0.0,0.38258411283885463,Q4,0,0.0,2026-04,IONQ
PS,2026-05-01,29.9897,-981.9131766999977,-1.9641080104169053,stop,0,1,1.5726238286479222,56206.0,0.9598641953023276,78.52155070513855,3.0,0.6805703341136441,-0.4354082998661271,1.0,0.2350660551150794,6.71428571428571,26.785714285714285,0.4,0.0,0.0,0.0,0.0,0.0,0.0,0.0,0.3603929535524492,0.7828763737070775,4.0,1.0,3333.3333333333335,-65.46087844666651,0.3893036254348952,Q4,0,-65.46087844666651,2026-05,PS
YSS,2026-05-18,26.51932,-1993.4880182982104,-3.9878598899109807,stop,0,1,5.700712589073639,148208.0,1.8540310467323744,41.51507793167555,3.0,0.7916666666666664,3.4837688044338835,0.0,0.9259318126391975,5.162364696086603,17.73522064945878,0.1478873239436618,2687021.3,12.688259492620228,-43.28693309384823,9.224913762487596,1.7184143646349213,0.0,0.0,0.0892893380413276,0.8930053638776971,0.0,18.0,3333.3333333333335,-132.8992012198807,0.3547793169412901,Q4,0,-132.8992012198807,2026-05,YSS
FRMM,2026-05-18,4.0654,0.0,0.0,no_fill,0,0,1.635000000000009,68293.0,0.3770000000000006,129.82984608252002,0.0,0.0,0.0,0.0,-0.3931977413116289,8.108108108108103,39.99999999999999,0.0,968788.6,12.96899275973091,-31.85689948892675,8.47438373110033,0.8722645993150622,0.0,0.0,0.0892893380413276,0.8930053638776971,0.0,18.0,3333.3333333333335,0.0,0.3220561548331755,Q4,0,0.0,2026-05,FRMM
CBRG,2026-05-18,13.6408,-565.5095000000036,-1.1311653275467788,tag_bb,0,1,6.923076923076926,147701.0,2.6342388765940923,55.38592795978028,4.0,0.945,4.234615384615381,1.0,3.520927732950045,9.750949767834523,26.67792317433516,0.0933544303797468,0.0,0.0,0.0,0.0,0.0,0.0,0.0,0.0892893380413276,0.8930053638776971,0.0,18.0,3333.3333333333335,-37.70063333333358,0.31799834830406554,Q4,0,-37.70063333333358,2026-05,CBRS
CRCD,2026-06-01,3.2098,0.0,0.0,no_fill,0,0,7.159999999999996,364527.0,2.0312642549945186,27.83390223811567,5.0,0.9543761638733714,6.666666666666672,1.0,1.446250044512056,8.303249097472923,15.057761732851988,0.1368976264684731,9636704.95,19.627536834900948,-50.331125827814574,14.470636397061408,0.5704598229916752,0.0,0.0,-0.148054145516075,0.5512416157971979,0.0,1.0,3333.3333333333335,0.0,0.3602526061521371,Q4,0,0.0,2026-06,CRCL
ENHA,2026-06-12,4.4199,0.0,0.0,no_fill,0,0,8.066014669926657,24178.0,2.385599445135082,45.1427244512861,4.0,0.6668687481054851,5.3789731051344685,1.0,1.654361797699904,5.412371134020618,20.10309278350516,0.1153846153846151,1902698.15,20.07709811092749,-32.508250825082506,15.535792836310575,0.5438991991451718,0.0,0.0,0.3998590327477831,2.4036826004349243,4.0,12.0,3333.3333333333335,0.0,0.181937680380747,Q2,3,0.0,2026-06,ENHA
MSTX,2026-06-22,14.292749999999998,-129.49595999999397,-0.25901243637507326,tag_bb,0,1,4.584527220630377,252163.0,1.8319089395810664,88.96712508075156,2.0,1.0,2.0773638968481314,1.0,2.8193487285731544,6.7278287461773765,17.96636085626911,0.4595744680851065,4430502.95,13.152948379206835,-56.34771732332708,9.625433898885802,1.614485777512009,0.0,0.0,0.1285588022604971,1.0237503804472714,0.0,22.0,3333.3333333333335,-8.633063999999598,0.3454564042849884,Q4,0,-8.633063999999598,2026-06,MSTR
SSPC,2026-06-22,10.9327,-467.0926222000033,-0.9342742414957028,tag_bb,1,1,3.483992467043324,1508858.0,1.5783262701359035,34.40042372339139,4.0,0.9097297297297292,2.3220338983050928,1.0,1.544112632578871,9.937888198757754,17.43788819875776,0.2730780647076289,0.0,0.0,0.0,0.0,0.0,0.0,0.0,0.1285588022604971,1.0237503804472714,0.0,22.0,3333.3333333333335,-31.139508146666888,0.34261785995281885,Q4,0,-31.139508146666888,2026-06,SPCX
AIBZ,2026-06-24,9.91,0.0,0.0,no_fill,0,0,4.306722689075632,74770.0,1.7539856707601422,38.739969365614,5.0,0.9756097560975616,3.991596638655471,1.0,1.4775499757486177,5.895439377085643,12.05895439377087,0.5903514435937643,617528.7,17.452165037866198,-7.121951219512199,13.430521437961724,1.0969757357026484,0.0,0.0,0.2167452765887726,0.8438346425717425,2.0,24.0,3333.3333333333335,0.0,0.2737456750111199,Q3,2,0.0,2026-06,AIBZ
SNDG,2026-06-25,27.33175,-1934.5861450357127,-3.86996402666182,stop,0,1,3.6466165413533793,66088.0,1.5176101653166014,49.80624759472976,3.0,0.8969072164948437,2.06766917293232,1.0,1.4370597662489109,31.683168316831694,16.584158415841575,0.4179104477611938,745103.95,15.160154404326306,-13.636363636363631,13.633759375694538,1.993904340461489,0.0,0.0,0.773280235666352,1.0626808321527643,3.0,25.0,3333.3333333333335,-128.97240966904752,0.3651595797030532,Q4,0,-128.97240966904752,2026-06,SNDK
TECS,2026-06-26,7.3599,0.0,0.0,no_fill,0,0,2.359722222222212,336823.0,0.868459284628713,27.86395579674964,3.0,0.7062978222483798,1.52777777777777,0.0,0.6669301437935341,5.571847507331377,13.34310850439883,0.4835164835164838,12813569.7,8.161239999373473,-15.592028135990612,8.051135449527983,0.9596391394351256,0.0,0.0,-0.7292659675881662,1.1904923894065988,4.0,26.0,3333.3333333333335,0.0,0.33219403772640205,Q4,0,0.0,2026-06,
MUD,2026-06-26,10.01,0.0,0.0,no_fill,0,0,2.300706357214932,1538611.0,0.9146141304753044,28.234085807923165,2.0,0.6710526315789501,0.2522704339051498,0.0,0.4990574172601379,6.330472103004291,13.251072961373405,0.336032388663968,19621996.25,7.189274933999632,-32.16974674880218,7.965021982736305,2.14526806873689,0.0,0.0,-0.7292659675881662,1.1904923894065988,4.0,26.0,3333.3333333333335,0.0,0.31470479196851314,Q4,0,0.0,2026-06,MU
SSG,2026-06-26,12.8899,0.0,0.0,no_fill,0,0,2.30079365079366,37111.0,0.6414858590863792,83.69215516081125,3.0,0.6898930665746819,1.587301587301596,0.0,0.6396272709058731,5.971404541631615,11.60639192598823,0.3405797101449278,1201737.85,7.006414409295742,-17.105263157894733,7.471756000591641,0.9695949911205676,0.0,0.0,-0.7292659675881662,1.1904923894065988,4.0,26.0,3333.3333333333335,0.0,0.43609424040212247,Q5,1,0.0,2026-06,
NUAI,2026-07-06,5.145389999999999,-2058.8679681782164,-4.117920861475728,stop,0,1,6.175298804780869,416592.0,2.5765732462935795,99.89896578244226,3.0,0.9354838709677432,1.7928286852589792,1.0,2.7138759328041098,5.130890052356004,15.287958115183253,0.1438356164383566,9498639.65,13.929630458348646,-31.23287671232877,9.16941877787813,1.3782699925878332,0.0,0.0,0.5317006364295546,1.1386683490743703,0.0,6.0,3333.3333333333335,-137.25786454521443,0.31963884370206913,Q4,0,-137.25786454521443,2026-07,NUAI
AAOG,2026-07-09,4.603769999999999,17.593200000009155,0.035188551991103885,tag_bb,0,1,4.697986577181208,70129.0,1.5831360869558522,73.7666799965986,3.0,1.0,2.684563758389264,1.0,2.2514781120253797,10.370370370370368,13.086419753086426,0.4905660377358484,1512205.45,24.334522450871127,-71.88679245283018,14.13309183485239,0.4123765061156207,0.0,0.0,0.2616045076469071,0.7751141466417582,3.0,9.0,3333.3333333333335,1.1728800000006103,0.3687251975339766,Q4,0,1.1728800000006103,2026-07,AAOI
SKYQ,2026-07-13,3.78131,1733.008729179994,3.4662614263177134,scale_lock,1,1,2.419354838709673,169593.0,1.289753289460863,42.50644921719657,3.0,0.6666666666666683,0.5376344086021511,1.0,0.5025200580928236,16.9811320754717,14.150943396226406,0.4666666666666668,24394412.65,22.60616762021163,-15.261958997722086,24.18015660085896,0.126542542519465,0.0,0.0,-0.3284985760646424,0.903043027364542,0.0,13.0,3333.3333333333335,115.53391527866626,0.2904371365029452,Q4,0,115.53391527866626,2026-07,SKYQ
MULL,2026-07-20,21.143239999999995,-352.8388199999835,-0.7059230278802732,tag_bb,0,1,3.788246721709556,314327.0,1.4988571459741498,41.460550419360736,3.0,0.8589743589743593,1.845556095191836,0.0,1.492483191651522,8.368421052631577,23.52631578947368,0.4519015659955257,7790469.5,13.824842968147916,-98.1078150272019,24.75621982456961,1.757223617909036,0.0,0.0,0.5072044558651377,0.8256839081936249,0.0,20.0,3333.3333333333335,-23.522587999998905,0.35708701854129515,Q4,0,-23.522587999998905,2026-07,MU
RAM,2026-07-20,13.119239999999998,-237.46340999999356,-0.4749512929102472,tag_bb,0,1,2.669260700389105,824612.0,1.2927865682971158,65.69286240632273,3.0,0.9271137026239056,1.5953307392996114,1.0,1.259839552708549,5.674342105263154,25.49342105263157,0.5999999999999999,18562918.11764706,14.433554986802951,-61.18997281787979,12.833127922640909,1.4041750782286992,0.0,0.0,0.5072044558651377,0.8256839081936249,0.0,20.0,3333.3333333333335,-15.83089399999957,0.3244024557464417,Q4,0,-15.83089399999957,2026-07,
SKHX,2026-07-21,15.72704,680.4425698399958,1.360986937147732,lock,1,1,2.9908972691807483,312147.0,1.587807269027527,35.074446622210104,3.0,0.6180434782608708,0.8081924577373202,1.0,0.3583428094125155,13.342422344227872,18.57032315118465,0.1148458272153658,6033405.2,24.71969714666114,-33.9063171465406,11.322748967964852,0.8731069479636474,0.0,0.0,0.5659690873074602,0.9123923193810656,1.0,21.0,3333.3333333333335,45.36283798933306,0.3901510515245225,Q4,0,45.36283798933306,2026-07,
SKUU,2026-07-21,26.15824,675.4654233599967,1.3512444262305043,lock,1,1,2.954898911353025,278879.0,1.6286471916917948,45.445812885712535,3.0,0.6184210526315791,0.2721617418351489,1.0,0.4813964554513917,14.108251996450754,17.701863354037275,0.1152882205513786,10247728.0,24.60107564649959,-33.71134020618556,11.466363819615388,1.0574887428706148,0.0,0.0,0.5659690873074602,0.9123923193810656,1.0,21.0,3333.3333333333335,45.03102822399978,0.38964149416958865,Q4,0,45.03102822399978,2026-07,
CRCD,2026-07-22,5.26,0.0,0.0,no_fill,0,0,2.4952015355086354,52903.0,0.7161718472918797,65.36543861773845,1.0,0.4230769230769212,-0.4798464491362832,0.0,0.0266499922311123,6.981519507186855,15.913757700205329,0.3806451612903228,1989275.35,14.94381269510149,-29.68960863697706,12.750293687845287,1.3829337401682475,0.0,0.0,-0.2218420911958048,0.8318406509250134,2.0,22.0,3333.3333333333335,0.0,0.28063232014842987,Q3,2,0.0,2026-07,CRCL
SKDD,2026-07-22,13.83,0.0,0.0,no_fill,0,0,3.405072463768122,431522.0,1.2665425291157042,38.098316346348696,1.0,0.2125984251968535,-2.4637681159420275,1.0,-0.3286006674122533,11.021721641190677,22.92437650844731,0.0980873837515355,15227019.0,31.201423524192837,-33.20425943852855,18.535938388366585,0.8640754306538923,0.0,0.0,-0.2218420911958048,0.8318406509250134,2.0,22.0,3333.3333333333335,0.0,0.21070462597788384,Q3,2,0.0,2026-07,
CRWU,2026-07-27,3.08924,-2139.6570000000015,-4.27936968315832,stop,0,1,3.8961038961039,94742.0,1.923943273509768,44.91473890156846,2.0,0.5833333333333315,-1.6233766233766318,0.0,0.490286164370869,5.660377358490567,25.04288164665523,0.0205479452054796,4953992.8,14.52743210395892,-49.59083469721768,11.472057723297,1.8424594803609728,0.0,0.0,0.8092782807573138,0.7847407894679208,0.0,27.0,3333.3333333333335,-142.6438000000001,0.37958564171006953,Q4,0,-142.6438000000001,2026-07,CRWV
SKHX,2026-07-30,10.74213,-59.89697999999764,-0.11980864130297708,tag_bb,1,1,5.182341650671794,520800.0,1.8749537514977943,38.82120787281747,4.0,0.8790740740740732,2.156429942418429,1.0,0.9955096852699226,14.631463146314632,19.687568756875688,0.1620473848904778,8344245.666666667,19.95089024707096,-55.22131499785131,14.262443023582206,3.100743917854448,0.0,0.0,0.9034080004386694,1.3626264228065408,3.0,30.0,3333.3333333333335,-3.993131999999843,0.387186600463908,Q4,0,-3.993131999999843,2026-07,
SPCQ,2026-08-05,26.47,0.0,0.0,no_fill,0,0,5.9282371294851774,140643.0,2.470099599600115,124.0332006284768,3.0,0.8750000000000014,2.496099843993762,1.0,1.21910012777027,24.95126705653022,25.035087719298243,0.0155726855096158,1232282.0,12.37693761811354,-18.6031746031746,8.385251520317038,1.0932237913075091,0.0,0.0,0.58600080380641,1.4877390935815862,2.0,5.0,3333.3333333333335,0.0,0.38025254520056373,Q4,0,0.0,2026-08,SPCX
SKDD,2026-08-05,13.24963,-576.2880199999987,-1.1527869080117685,tag_bb,0,1,3.184230477634584,128121.0,1.557938252866922,48.64222589223298,2.0,0.424761904761907,-1.680060652009088,1.0,-0.1946922560830133,5.183413078149924,14.23524720893142,0.1176964875917309,16412763.125,22.53581407382716,-39.74417542256739,16.731071347163965,0.4510517177161783,0.0,0.0,0.58600080380641,1.4877390935815862,2.0,5.0,3333.3333333333335,-38.41920133333325,0.3077808094905405,Q4,0,-38.41920133333325,2026-08,
IRE,2026-08-11,10.19048,-2086.3010299999996,-4.173061524089149,stop,0,1,3.827037773359839,272226.0,1.9504109478680551,41.52244744093356,2.0,0.658441558441556,-0.313121272365817,1.0,0.0564831219223314,7.363927427961594,14.407684098185698,0.0148148148148145,8917951.4,19.19973576976557,-26.50550478152556,20.062190188355107,0.5430209005175785,0.0,0.0,0.1940416283973455,0.522579010923855,1.0,11.0,3333.3333333333335,-139.0867353333333,0.39476587395482116,Q4,0,-139.0867353333333,2026-08,IREN
BTDR,2026-08-11,9.35,0.0,0.0,no_fill,0,0,3.4351145038167887,774574.0,1.5840610250272529,88.90948270688885,3.0,0.5873015873015898,0.5452562704471179,1.0,0.4734629482569342,5.462909718228863,30.82231167337549,0.0055970149253733,11300257.7,10.817423303755888,-29.407236335642807,9.401026218198824,2.8011014297488104,0.0,0.0,0.1940416283973455,0.522579010923855,1.0,11.0,3333.3333333333335,0.0,0.381257656633629,Q4,0,0.0,2026-08,BTDR
UMAC,2026-08-12,27.56244,-724.928819999997,-1.4499079181668908,tag_bb,0,1,5.347985347985351,166644.0,1.9301824882586187,56.20663807811594,3.0,0.6472602739726026,-1.2271062271062303,1.0,0.6267829144693793,5.121293800539091,12.01386214863304,0.0801282051282051,3701906.45,10.678414708264846,-5.339805825242715,8.66561833293086,1.4709385754467132,0.0,0.0,0.5385693521594802,0.5675097152765646,2.0,12.0,3333.3333333333335,-48.328587999999804,0.3027597024561653,Q4,0,-48.328587999999804,2026-08,UMAC
SSPC,2026-08-18,10.94,0.0,0.0,no_fill,0,0,3.1583836507199243,900354.0,1.5065108200602144,32.962378030213486,3.0,0.8235294117647096,1.0682768230376238,1.0,1.0180860650679662,7.542457542457551,15.834165834165844,0.3438485804416401,20609730.15,16.937557973724676,-56.34630981346309,13.66339899840947,1.175989148019,0.0,0.0,-0.5138027877360211,0.5540418841828245,1.0,18.0,3333.3333333333335,0.0,0.35393233752100955,Q4,0,0.0,2026-08,SPCX
CRCD,2026-08-18,4.28,0.0,0.0,no_fill,0,0,3.597122302158282,18453.0,0.7735757639176237,54.20934954458188,3.0,0.9199999999999972,2.3501199040767355,1.0,1.564176759608415,5.303030303030303,14.3939393939394,0.2280701754385962,1134128.4,12.83424994383672,-39.03508771929825,8.336492345514461,0.9561712765503448,0.0,0.0,-0.5138027877360211,0.5540418841828245,1.0,18.0,3333.3333333333335,0.0,0.555880842192909,Q5,1,0.0,2026-08,CRCL
SPCG,2026-08-18,18.53,0.0,0.0,no_fill,0,0,2.9120879120879186,56723.0,1.0869795768812047,96.13560353896672,2.0,0.8490566037735817,1.3736263736263736,1.0,1.0699432986488124,7.5650118203309535,15.898345153664287,0.3382899628252791,1940898.3,16.716503055950366,-56.30252100840336,13.410184008157184,0.9638815181609464,0.0,0.0,-0.5138027877360211,0.5540418841828245,1.0,18.0,3333.3333333333335,0.0,0.4703903326087731,Q5,1,0.0,2026-08,
SMCX,2026-08-25,11.94573,2100.074850000003,4.200747882297698,eod,1,1,4.905825667980731,463799.0,1.8457037966420655,38.3809940577362,3.0,0.9464285714285726,4.073587385019726,1.0,2.298310691979512,5.499075785582244,15.618299445471346,0.4141665187289186,8253336.65,12.769449394932163,-27.339274347549345,12.334199743532563,0.6969143806826297,0.0,0.0,0.35233866425661,0.5643599680202932,1.0,25.0,3333.3333333333335,140.00499000000022,0.30054969359798306,Q4,0,140.00499000000022,2026-08,SMCI
GDXD,2026-08-26,15.24,0.0,0.0,no_fill,0,0,2.103879026955952,148862.0,0.9617138654417934,71.85372929440533,2.0,0.3437499999999979,-1.1834319526627315,1.0,-0.3632177991067072,6.363636363636364,12.027972027972032,0.0290697674418608,1998720.95,9.569456229413827,-71.54349859681946,9.975723387796052,2.217971948510371,0.0,0.0,-0.1540650990325169,0.4596209459501499,2.0,26.0,3333.3333333333335,0.0,0.4186704910792787,Q5,1,0.0,2026-08,
IREG,2026-08-27,8.154189399999998,-1178.1292813999917,-2.356572683975169,eod,0,1,2.872499999999989,38071.0,1.084912259325241,53.02657045880701,2.0,0.2610966057441246,-0.5000000000000004,0.0,-0.5506831749655983,5.124835742444148,11.366622864651776,0.1156069364161855,910549.55,15.97913850028728,-32.375316990701606,10.016902504635786,1.1497924522613845,0.0,0.0,0.3158939014202118,0.4482326602905905,3.0,27.0,3333.3333333333335,-78.54195209333278,0.28634008882293394,Q3,2,-78.54195209333278,2026-08,IREN
SHMD,2026-08-31,3.355,0.0,0.0,no_fill,0,0,5.076923076923078,96604.0,1.7617273884847204,143.97734838244148,3.0,1.0,3.23076923076923,1.0,2.9283637836294414,8.153078202995012,15.307820299500833,0.0326086956521732,725003.55,10.100402736364252,-43.86776973695574,8.632830497322502,1.0097385040390492,0.0,0.0,-0.2625593033079849,0.6763375247037948,0.0,31.0,3333.3333333333335,0.0,0.5437793957796729,Q5,1,0.0,2026-08,SHMD
BRNX,2026-09-02,3.95,0.0,0.0,no_fill,0,0,1.7994858611825266,35849.0,0.582394138412758,46.48555169146119,2.0,0.4414285714285686,0.5372750642673444,0.0,-0.4934556543299279,10.51136363636364,16.193181818181827,0.4210526315789475,1918645.35,28.807350000996635,-62.45173745173744,143.4065170045992,1.2532706995589362,0.0,0.0,0.0879519021239823,0.6725941561710829,2.0,2.0,3333.3333333333335,0.0,0.32417550623532604,Q4,0,0.0,2026-09,BRNX
