symbol,date,entry_price,pnl,pnl_pct,exit_reason,win,entered,range_size_pct,range_total_volume,range_avg_bar_range_pct,range_volume_stddev_pct,bars_green_in_range,range_close_position,range_return_pct,last_bar_green,range_vwap_distance_pct,gap_pct,prev_day_range_pct,prev_day_close_position,avg_daily_volume_20d,avg_daily_range_pct_20d,price_vs_20d_high_pct,return_volatility_20d,prev_day_volume_vs_20d,spy_range_pct_5min,spy_return_5min_pct,spy_gap_pct,spy_3d_range_pct,day_of_week,days_since_month_start,vol_open5,n_prior,rvol_open5,ratr,ratr_tier,_rp_position,_rp_pnl,_composite,_quintile,_q_rank,_rvol_key,_sized_pnl,month,_anchor
MSTZ,2025-01-07,16.07809,-2062.8836800000004,-4.126858351955986,stop,0,1,3.821656050955424,724838.0,2.023656391167438,27.85015029458969,2.0,0.5834999999999977,0.5101910828025468,1.0,0.5583956257571597,6.73011556764105,36.16519374575119,0.0732908513317921,250048374.0,17.742965727385336,-45.69503438161517,423.61183517065416,0.095972813644451,0.1389284100229384,-0.0753226319401322,0.3460091373286659,1.2950402815366315,1.0,7.0,1089767.0,14.0,1.7831303644137306,0.1149982838479826,narrow,3333.3333333333335,-137.5255786666667,0.304790333514907,Q4,0,-1.7831303644137306,-137.5255786666667,2025-01,MSTR
GDS,2025-01-14,23.5,0.0,0.0,no_fill,0,0,2.354452054794524,157532.0,0.7684617387884938,70.00636839734847,1.0,0.090909090909092,-1.5410958904109566,0.0,-1.0720142710010336,6.715395157606208,21.37962539972592,0.0662393162393166,1788590.3333333333,7.495082104747214,-19.917723688721296,8.14866312791569,2.174714873221388,0.2156352683461101,-0.0616100766703199,0.5108446997712426,1.0963599200950664,1.0,14.0,186382.0,14.0,2.577202552561896,,unknown,3333.3333333333335,0.0,0.26110959337352135,Q3,2,-2.577202552561896,0.0,2025-01,GDS
ARQQ,2025-01-16,23.86137,9002.197091939994,18.00815063007697,scale_eod,1,1,7.428825622775792,109456.0,2.367766447603143,58.52490520314221,4.0,0.8862275449101809,4.982206405693955,1.0,3.333897672508748,9.179213210296265,25.88635259834872,0.0956848030018764,1294414.1,24.12943322500364,-57.416177306308015,18.30061229943164,1.0320507170000697,0.1582012184859707,-0.0858325759870731,0.2353318263099264,1.0145048394102745,3.0,16.0,109456.0,14.0,1.213110341628232,0.2186016235283359,narrow,3333.3333333333335,600.1464727959996,0.3274901844733177,Q4,0,-1.213110341628232,600.1464727959996,2025-01,ARQQ
NTRB,2025-01-23,8.49541,-918.38276702858,-1.836931304248849,stop,1,1,6.500000000000005,123163.0,2.366486125007297,55.66966199688503,5.0,1.0,5.875000000000008,1.0,3.891165454198969,8.99182561307902,26.839237057220704,0.5736040609137056,319032.93333333335,9.903021011227516,-2.200488997555009,13.364142806332044,13.617625473984504,0.0660283922086459,0.0165070980521661,-0.1055339357562331,0.5870477597970133,3.0,23.0,123163.0,10.0,3.4018417447410285,0.93182697422506,wide,3333.3333333333335,-61.22551780190534,0.15506691641180417,Q2,3,-3.4018417447410285,-61.22551780190534,2025-01,NTRB
PDYN,2025-01-23,10.320869999999998,-2468.1723955799957,-4.936908163472921,stop,0,1,6.599999999999984,614192.0,2.958620841944104,43.00096187001729,3.0,0.8610606060606065,1.982999999999997,1.0,2.5504180506301166,5.152471083070455,25.657202944269187,0.0368852459016392,15734920.2,23.77533164655521,-33.11036789297658,20.947669532721765,1.958326614201704,0.0660283922086459,0.0165070980521661,-0.1055339357562331,0.5870477597970133,3.0,23.0,614192.0,14.0,0.9481637000787316,0.339766579235128,normal,3333.3333333333335,-164.5448263719997,0.273952277594467,Q3,2,-0.9481637000787316,-164.5448263719997,2025-01,PDYN
NVTS,2025-01-28,3.19,0.0,0.0,no_fill,0,0,3.662420382165597,222353.0,1.2452858652282044,84.05344553179425,1.0,0.0434782608695643,-1.9108280254777088,0.0,-1.4167944676246225,5.0167224080267525,13.37792642140468,0.05,5023384.5,10.276936663988572,-30.989010989010985,7.873843360254712,1.1566482716980953,0.2320602044553864,-0.1714894608904087,0.2085523132622587,0.7303052824008065,1.0,28.0,248864.0,14.0,0.7857943837548029,0.3048120950559826,normal,3333.3333333333335,0.0,0.15869841299513632,Q2,3,-0.7857943837548029,0.0,2025-01,NVTS
KC,2025-02-04,16.31,0.0,0.0,no_fill,0,0,2.4927176944530447,617314.0,1.6877490839404583,67.72234056441734,3.0,0.7120835405270998,0.3669042454291727,0.0,0.5780827230472392,6.571994715984155,11.690885072655217,0.322033898305085,2715816.5,6.615333101022936,-1.2545899632802833,7.334032500121578,4.16844437022899,0.1505352960856477,0.0301104048176754,0.0100373053181088,1.364199540683512,1.0,4.0,617314.0,14.0,3.3687103170504207,0.3689517614190833,normal,3333.3333333333335,0.0,0.30774370874139445,Q4,0,-3.3687103170504207,0.0,2025-02,KC
CRML,2025-02-07,6.46,0.0,0.0,no_fill,0,0,7.528641571194762,31158.0,2.8319958432308923,67.30950382261493,4.0,0.9565217391304356,5.400981996726678,1.0,3.5037982855855034,6.260869565217398,62.782608695652165,0.0969529085872575,166106.45,15.184568887903987,-38.22042467138524,10.3465071623442,5.697202005099741,0.1499448005404738,0.0502562243569779,0.094009763821074,0.8076316014152966,4.0,7.0,31158.0,14.0,4.468698458228756,0.4481030940636977,normal,3333.3333333333335,0.0,0.31023978713218014,Q4,0,-4.468698458228756,0.0,2025-02,CRML
BZAI,2025-02-12,3.74,0.0,0.0,no_fill,0,0,6.12299465240642,42322.0,2.168971458614428,129.3385841783524,1.0,0.4755458515283831,-3.2112299465240723,0.0,-0.9869858322050556,16.510903426791284,21.49532710280374,0.0,479970.9,24.48353831236813,-80.57142857142857,14.069277503393316,1.601405418536832,0.1985881881748334,0.0684211404635896,-1.0094001420759446,0.789295802300032,2.0,12.0,42322.0,14.0,1.5302455074664645,0.2798003105504171,narrow,3333.3333333333335,0.0,0.25601609961645466,Q3,2,-1.5302455074664645,0.0,2025-02,BZAI
BKSY,2025-02-19,21.01285,-1049.842512782147,-2.100123104943616,stop,0,1,4.197169350902877,304616.0,2.0755089421233186,72.64108826185517,3.0,0.988372093023258,2.1961932650073344,1.0,2.1511668272739866,8.700265251989373,17.931034482758616,0.5118343195266275,2098334.6,10.66184776103057,-0.0487804878048856,8.75515310675867,1.961672366266085,0.0735477314450614,0.012686860739577,-0.2305843104547855,0.6429700152781618,2.0,19.0,304616.0,14.0,2.9916059290228896,0.522521698608544,normal,3333.3333333333335,-69.98950085214314,0.273383789739213,Q3,2,-2.9916059290228896,-69.98950085214314,2025-02,BKSY
CYD,2025-02-21,23.0,0.0,0.0,no_fill,0,0,4.444444444444445,249949.0,1.8171288886436272,161.9142435893605,3.0,0.4200000000000017,-0.3555555555555479,0.0,-0.3599820412542559,18.54583772391992,29.08324552160168,0.2318840579710147,131074.6,6.732199786247728,-3.100775193798445,7.229567276409632,11.711849587944574,0.12558795089893,-0.0877624268646371,-0.0360431206789258,0.6238237461169069,4.0,21.0,249949.0,13.0,9.220776235623296,0.7565058848263868,wide,3333.3333333333335,0.0,0.1547491636986009,Q2,3,-9.220776235623296,0.0,2025-02,CYD
HMR,2025-03-27,3.4459067999999995,1222.6196480388032,2.445402562831944,lock,1,1,5.149560117302059,47035.0,1.8659276268440617,49.94324124519087,1.0,0.5546697038724389,-1.5425219941348969,1.0,-0.4635742719602191,7.911392405063291,13.924050632911388,0.2272727272727275,8798889.55,22.90620603222046,-28.95833333333333,24.27739003573155,0.0841376625758417,0.2803244005641805,-0.1622002820874599,-0.24798184983909,0.9807998975028132,3.0,27.0,47035.0,14.0,0.3689604570360455,0.2072838978216278,narrow,3333.3333333333335,81.50797653592022,0.21998140843971167,Q3,2,-0.3689604570360455,81.50797653592022,2025-03,HMR
TSLG,2025-04-14,4.46,0.0,0.0,no_fill,0,0,2.293577981651368,131919.0,1.0171370367217925,68.77696775785232,2.0,0.5,1.146788990825684,0.0,-0.1897434044091731,5.060240963855421,12.771084337349391,0.6509433962264157,2087958.0,16.032006477500545,-26.9277825263546,14.858537030510824,1.0313109746460418,0.0,0.0,1.8934711765366707,5.933838140197816,0.0,14.0,148883.0,14.0,2.536747855274704,0.1091894385319878,narrow,3333.3333333333335,0.0,0.16059628106443988,Q2,3,-2.536747855274704,0.0,2025-04,TSLA
SMCZ,2025-05-07,17.91,0.0,0.0,no_fill,0,0,2.3661971830986013,31189.0,0.7006151786774687,81.56481284402479,1.0,0.5238095238095274,-0.2253521126760515,0.0,-0.3329641148520201,11.84625078764966,11.405166981726532,0.2872928176795577,385972.1,14.291440867222748,-21.28603104212861,12.549455907838864,1.8881546101389195,0.2196018923502823,0.0178523609747429,0.2415891195418795,1.0267214158535585,2.0,7.0,31189.0,14.0,2.413702370883844,0.1654922879682442,narrow,3333.3333333333335,0.0,0.37643113459750516,Q4,0,-2.413702370883844,0.0,2025-05,SMCI
OMER,2025-05-13,4.232659999999999,2072.1496300000063,4.144615915287328,eod,1,1,5.213270142180089,209452.0,2.3135398961453912,118.04281113156622,3.0,0.3409090909090921,-3.436018957345962,1.0,0.1463279405487474,11.198945981554672,55.59947299077734,0.0023696682464454,833396.3,8.471887087675546,-44.98044328552803,9.019965204699012,8.908669260950642,0.1285435162650396,0.0034278271003979,0.0720424020995144,1.1284371830928306,1.0,13.0,209452.0,14.0,9.00998915357978,0.3905407975654594,normal,3333.3333333333335,138.14330866666708,0.18020888345744143,Q2,3,-9.00998915357978,138.14330866666708,2025-05,OMER
CONI,2025-05-19,5.6,0.0,0.0,no_fill,0,0,3.214285714285709,185010.0,1.2564762946462826,61.20348441537297,3.0,0.4444444444444455,-1.7857142857142794,0.0,0.1306528738898637,5.26315789473683,20.11278195488722,0.1308411214953276,1654345.45,9.060932816438918,-61.24567474048443,12.3601816613589,6.8130045027778205,0.2482570991327873,0.1887434109845287,-1.0265903736115822,0.819816810036342,0.0,19.0,258523.0,14.0,3.925729080458897,0.1415910627046975,narrow,3333.3333333333335,0.0,0.34471480796805454,Q4,0,-3.925729080458897,0.0,2025-05,COIN
EDBL,2025-05-28,3.5204297,4924.447529903989,9.84945793674834,scale_eod,1,1,4.139999999999994,31462.0,1.9465788551144905,88.97937635757057,2.0,0.8329882677708762,-0.408571428571428,1.0,0.8185779981326194,5.421686746987957,25.602409638554207,0.1411764705882349,10413362.3,14.203168174041492,-44.35612082670906,21.20352218081344,0.0926152353308594,0.1250063390638505,0.0743614449684679,0.0693563393385719,1.381843170072817,2.0,28.0,31462.0,14.0,0.0830231910703154,0.2075283381109283,narrow,3333.3333333333335,328.2965019935993,0.4320453471346174,Q5,1,-0.0830231910703154,328.2965019935993,2025-05,EDBL
LTBR,2025-06-03,16.4434,0.0,0.0,no_fill,0,0,6.63529411764706,495409.0,2.754774008687872,40.85417365564225,3.0,0.8721487444891683,3.720190779014304,0.0,2.226875504137586,10.661505981703016,18.015482054890924,0.2031250000000005,2519704.05,10.672173151635022,-11.15819209039548,10.815933783832422,0.9304620516842048,0.1941621366107222,0.0269946314616593,-0.0624251320207191,1.284018278628749,1.0,3.0,495409.0,14.0,3.1666974095611007,0.6460989750382843,wide,3333.3333333333335,0.0,0.21239450679273222,Q3,2,-3.1666974095611007,0.0,2025-06,LTBR
TSLR,2025-06-06,17.5108,0.0,0.0,no_fill,0,0,4.091068301225925,637649.0,2.121259566539279,36.94390613925796,2.0,0.4138127853881311,-0.1751313485113694,1.0,-0.0816257934173388,9.73734785393978,42.79308135810379,0.2260479041916167,4287774.1,9.656464719397938,-36.15355944837868,9.259567179803968,2.848608792146956,0.1866365990144492,0.0684874300509426,0.9459573391788236,0.876904076273353,4.0,6.0,637649.0,14.0,3.9099541032661183,0.2973992153445226,narrow,3333.3333333333335,0.0,0.13198584045169978,Q2,3,-3.9099541032661183,0.0,2025-06,TSLA
ALAR,2025-06-10,12.36699,-894.4663126146453,-1.788941907333271,stop,0,1,4.09356725146199,115112.0,1.4813447025501116,46.4920003680348,3.0,0.836734693877551,2.339181286549702,1.0,2.2245726588022383,5.648720211827013,18.270079435127982,0.8454106280193235,206121.55,8.571894115367998,2.7467811158798305,9.983070976130646,7.534297117404755,0.1266202392456084,0.0258238645829816,0.0900480256136735,0.8211298870771674,1.0,10.0,115112.0,14.0,7.126322725001437,0.6035201596680775,wide,3333.3333333333335,-59.63108750764302,0.10891303139011929,Q2,3,-7.126322725001437,-59.63108750764302,2025-06,ALAR
ARAI,2025-06-12,9.07715,-639.5889599999927,-1.279256154189351,tag_bb,1,1,4.501657458563545,41364.0,1.3718193676597867,103.09979492828325,0.0,0.1408934707903763,-3.867403314917142,0.0,-2.0132137633686287,6.470588235294127,18.11764705882354,0.2142857142857142,2609381.210526316,35.626081857052625,-77.375,19.265378915603875,0.8942989972436094,0.1716609446351742,-0.0449985000499953,-0.2244911533856629,0.7164449607976284,3.0,12.0,41364.0,14.0,1.2925990326087198,0.1942391652306585,narrow,3333.3333333333335,-42.63926399999951,0.1209965404207712,Q2,3,-1.2925990326087198,-42.63926399999951,2025-06,ARAI
UMAC,2025-06-13,9.11727,-495.238104,-0.990493864939834,tag_bb,0,1,6.704545454545452,468270.0,2.341643126094407,42.1195912342598,4.0,0.966101694915255,3.068181818181813,1.0,3.2740396756739973,6.796116504854374,11.650485436893192,0.1041666666666664,4022651.7,11.331646666960712,-12.870424459648108,9.207104307575092,1.5103537301029566,0.3692564745196385,0.2172096908938938,-0.8695652173913043,0.7965701787192377,4.0,13.0,468270.0,14.0,1.915554408859532,0.5848903216719937,normal,3333.3333333333335,-33.015873600000006,0.3433380769196397,Q4,0,-1.915554408859532,-33.015873600000006,2025-06,UMAC
SBET,2025-06-16,10.95276,793.6811256000003,1.587382906226377,lock,1,1,3.40073529411764,1574131.0,2.174779232653495,27.929142356207016,3.0,0.8108108108108096,-0.2757352941176574,1.0,0.8231083456266282,18.132464712269268,28.013029315960907,0.062015503875969,9191941.8,34.52681328899192,-91.2342893973574,106.9324343354306,4.560091535827609,0.22151898734176,0.1882078614257154,0.5695142378559426,0.9101468021546336,0.0,16.0,1574131.0,14.0,3.3260693933960166,0.0150524460455803,narrow,3333.3333333333335,52.912075040000026,0.3875178029192193,Q4,0,-3.3260693933960166,52.912075040000026,2025-06,SBET
XTIA,2025-06-17,3.39014,-632.5505688000032,-1.2651571911484547,tag_bb,1,1,6.441717791411042,577171.0,3.0130278326131403,54.24927164952873,3.0,0.7380952380952394,1.9938650306748589,1.0,1.5218561637004655,17.68953068592057,40.7942238267148,0.2212389380530973,5787361.3,20.96589264099533,-56.12382234185733,20.43673751800552,1.2638258820993258,0.154943187497909,0.0349871713704846,-0.4098360655737562,0.8231625986803217,1.0,17.0,577171.0,14.0,2.8648129488904,0.2543681611295286,narrow,3333.3333333333335,-42.17003792000022,0.13988395120489808,Q2,3,-2.8648129488904,-42.17003792000022,2025-06,XTIA
SBET,2025-06-20,11.02,0.0,0.0,no_fill,0,0,2.917046490428444,665030.0,1.871266570277626,45.56538517124948,2.0,0.1609375000000022,-1.9917958067456751,0.0,-1.1480307134540104,9.700000000000006,27.00000000000001,0.1777777777777778,13245281.65,36.80441808141797,-91.16177892362232,107.17994650525875,1.4052958247210998,0.1621043484073711,-0.0116982519469317,0.1573379753615326,0.7773428115393068,4.0,20.0,665030.0,14.0,1.1271442467692914,0.0190121813410375,narrow,3333.3333333333335,0.0,0.12442569893876931,Q2,3,-1.1271442467692914,0.0,2025-06,SBET
LIMN,2025-06-30,11.3339,3254.4484170999976,6.509699753587002,scale_lock,1,1,4.545454545454546,40927.0,2.584431766947348,129.35364216121363,2.0,0.1999999999999993,-0.909090909090906,0.0,-1.4285190590114731,16.033755274261598,90.18987341772151,0.056140350877193,689756.4,36.76711476987765,-67.32026143790848,47.15945614865781,0.9920473372918324,0.1669528314111741,-0.1133860308410077,0.4016847994015428,0.6845970298556153,0.0,30.0,40927.0,14.0,4.749643555820816,0.0748529839134218,narrow,3333.3333333333335,216.96322780666654,0.10741866787268244,Q2,3,-4.749643555820816,216.96322780666654,2025-06,LIMN
SY,2025-07-03,3.5806097,1414.0566443492005,2.828133999078426,lock,1,1,5.963068181818187,222174.0,2.2195736806159667,85.34933644247666,2.0,0.9290138161029068,0.9943181818181858,1.0,2.0744679774347268,5.705705705705704,22.072072072072068,0.6326530612244897,1996005.8,14.816939064566933,-2.222222222222224,12.238876753366858,1.9127063658833048,0.1686882480520633,0.1429994377058336,0.3223466838584897,0.6125981299498948,3.0,3.0,222174.0,14.0,1.33203888151826,0.5349016430321962,normal,3333.3333333333335,94.27044295661338,0.11863870776709722,Q2,3,-1.33203888151826,94.27044295661338,2025-07,SY
ALTS,2025-08-12,7.2,0.0,0.0,no_fill,0,0,2.5352112676056424,681333.0,1.190022603432923,51.49946070921233,1.0,0.161111111111115,-0.7183098591549193,0.0,-0.4061620481271589,7.575757575757576,56.66515151515152,0.1550576218615469,3143501.05,11.312469374216464,-27.25409836065574,9.180850887699492,18.43802851600765,0.234223224916965,0.1723381588017833,0.3726883884765387,0.844076861170053,1.0,12.0,681333.0,14.0,6.11798201420161,0.2093807297134351,narrow,3333.3333333333335,0.0,0.17699757371261357,Q2,3,-6.11798201420161,0.0,2025-08,ALTS
NCNA,2025-08-21,3.37008,2368.706766719999,4.737555008202675,scale_lock,1,1,3.267267267267268,35499.0,0.800599842688564,50.59674915749724,2.0,0.0808823529411757,-2.1021021021021107,0.0,-1.769094508372741,7.073954983922837,13.4823151125402,0.1430956355831147,129275877.8,16.211881398273174,-41.578947368421055,3078.472860456794,0.0043774910650809,0.1980260262777379,-0.0601621927453282,-0.286784410211412,0.737875434498428,3.0,21.0,35499.0,14.0,0.0139421009475257,0.1667740052218545,narrow,3333.3333333333335,157.91378444799994,0.20352725326735363,Q3,2,-0.0139421009475257,157.91378444799994,2025-08,NCNA
CRWU,2025-09-09,14.575896899999998,-172.9985669999977,-0.3460294782957702,tag_bb,0,1,5.591390261115025,27505.0,1.9305420916448883,45.30114180228587,4.0,0.962514199166982,2.347212420606912,1.0,2.7361881067848404,14.18211120064464,14.82675261885576,0.6358695652173914,381181.55,16.16770224350225,-60.59510567296997,13.684158385819778,1.5651387114617694,0.0955374753451683,0.0331299309664568,0.0215773006796828,0.8810368794476895,1.0,9.0,27505.0,14.0,1.3896577732707318,0.4362256975981203,normal,3333.3333333333335,-11.533237799999847,0.21446404504833444,Q3,2,-1.3896577732707318,-11.533237799999847,2025-09,CRWV
OPAD,2025-09-09,4.59,0.0,0.0,no_fill,0,0,5.234460196292262,457446.0,2.161548415377014,21.09912537983879,3.0,0.7500000000000019,-1.199563794983636,1.0,1.8654920129604835,7.882352941176469,39.05882352941177,0.1144578313253014,22086673.55,24.1820673171515,-27.79527559055117,36.408451601301394,0.6468921165360367,0.0955374753451683,0.0331299309664568,0.0215773006796828,0.8810368794476895,1.0,9.0,729815.0,14.0,0.996730538951363,0.1954553478106764,narrow,3333.3333333333335,0.0,0.3108545941600586,Q4,0,-0.996730538951363,0.0,2025-09,OPAD
ZONE,2025-09-12,4.55362,-418.7772000000031,-0.8375753795881142,tag_bb,0,1,2.941176470588233,167219.0,1.3376272767976043,44.69587959705439,4.0,1.0,2.714932126696835,1.0,1.466264435494346,11.055276381909549,12.814070351758788,0.7647058823529418,2077944.65,17.652942726842703,-43.47826086956522,15.880493352925008,1.6924445027926995,0.0517039492693063,0.0106449307319053,-0.0045618356826745,0.6271730946410605,4.0,12.0,167219.0,14.0,1.794235156973906,0.1110101998043872,narrow,3333.3333333333335,-27.91848000000021,0.2994333124835822,Q4,0,-1.794235156973906,-27.91848000000021,2025-09,ZONE
IMRX,2025-09-23,9.65,0.0,0.0,no_fill,0,0,2.6595744680851063,37819.0,1.1707026638155575,121.96791448916392,2.0,0.6400000000000006,1.7021276595744694,0.0,0.1547536301413636,7.6746849942726225,15.807560137457052,0.0217391304347834,993074.4,11.52911489301673,-6.746031746031743,7.86483232756604,1.4278678415232533,0.0854944428612044,0.0502467339622808,-0.0179953212164843,0.6984047345561558,1.0,23.0,37819.0,14.0,0.7269529447947102,0.2928708850787832,narrow,3333.3333333333335,0.0,0.49940604476297973,Q5,1,-0.7269529447947102,0.0,2025-09,IMRX
DBGI,2025-09-24,5.16545,14757.969920349997,29.51807072070725,scale_eod,1,1,8.74791666666667,131868.0,4.399500338799411,41.12075171548359,4.0,0.8571088354370077,6.041666666666668,1.0,2.611805558215303,9.71428571428571,120.1142857142857,0.0247383444338724,364848.4,20.81760134184792,-59.32203389830509,11.479852837817235,13.663850519832346,0.1203912716328168,-0.0564334085778781,0.196016344747509,0.7352644870480297,2.0,24.0,131868.0,14.0,6.449101357134124,0.2589160974321504,narrow,3333.3333333333335,983.8646613566665,0.11594976196539421,Q2,3,-6.449101357134124,983.8646613566665,2025-09,DBGI
ORBS,2025-10-10,11.01,0.0,0.0,no_fill,0,0,3.725579282144481,635283.0,1.831183342466759,37.41279380582881,2.0,0.7317073170731722,-0.954111767378468,0.0,0.4775470093150384,30.390995260663523,33.649289099526065,0.1584507042253518,4939723.65,18.1563261723854,-42.949714878175214,12.58394563554918,2.2314908243905505,0.1353884607373416,0.0520724848989827,0.1445258954645729,0.6874094913850299,4.0,10.0,635283.0,14.0,4.169064881408019,0.2297045404115316,narrow,3333.3333333333335,0.0,0.3579038708149985,Q4,0,-4.169064881408019,0.0,2025-10,ORBS
INV,2025-10-13,4.095,0.0,0.0,no_fill,0,0,3.086419753086409,48827.0,1.0132370699416182,73.61879964861107,0.0,0.2799999999999986,-1.1111111111111094,0.0,-0.7225872735249645,17.05202312138728,39.30635838150288,0.0073529411764704,183144.35,12.089855269909483,-41.04803493449782,8.33099454812246,4.193446317071753,0.1725573299023668,0.0090819647317125,1.168417506355088,1.4999423864715038,0.0,13.0,48827.0,11.0,6.467541694262147,0.1950438355845837,narrow,3333.3333333333335,0.0,0.3492519911163344,Q4,0,-6.467541694262147,0.0,2025-10,INV
LABX,2025-10-15,19.08,0.0,0.0,no_fill,0,0,4.769392033542959,85708.0,1.814448365364944,65.39436946380451,2.0,0.1538461538461511,-4.035639412997901,1.0,-0.7581264292823442,11.644236395552946,38.970157987126974,0.051051051051051,572878.45,15.148967559351576,-62.38911886457718,12.637060889154217,4.557975605470934,0.1402177499175108,-0.0404906871419716,0.6931126647841432,1.9843699107227115,2.0,15.0,85708.0,14.0,1.8950387405912323,0.1796971679571168,narrow,3333.3333333333335,0.0,0.1450283861732927,Q2,3,-1.8950387405912323,0.0,2025-10,ALAB
KOD,2025-10-24,19.77916,-1111.2839104825068,-2.2233710217507565,stop,0,1,5.90386624869383,90377.0,2.382141081513812,94.90826585641908,2.0,0.7964601769911499,1.8286311389759555,1.0,1.88357079871263,11.864406779661024,15.721800116890716,0.3197026022304829,986371.0,11.083460248125988,-0.5714285714285685,9.760928853408684,0.8672142631930582,0.1744375129349944,0.0533217041657971,0.6996546385613978,0.827319133385449,4.0,24.0,90377.0,14.0,2.839613897360973,0.6923332472228728,wide,3333.3333333333335,-74.08559403216712,0.20016638993293429,Q3,2,-2.839613897360973,-74.08559403216712,2025-10,KOD
VIVO,2025-11-03,3.37,0.0,0.0,no_fill,0,0,3.9039039039039007,87569.0,1.3744447752466928,79.00336103340531,1.0,0.1538461538461507,-2.1021021021021107,0.0,-1.3917652935516631,12.881355932203387,62.81016949152543,0.1079389065788764,553090.35,10.787339755313331,-40.9752379601893,8.691270659664049,3.927703674453912,0.1779307528512548,-0.1400110842108221,0.5292789490660665,0.9161990937076744,0.0,3.0,87569.0,14.0,5.660647252478333,0.2669893578731472,narrow,3333.3333333333335,0.0,0.17667286548803052,Q2,3,-5.660647252478333,0.0,2025-11,VIVO
CRWG,2025-11-12,5.466349999999999,-473.4884199999948,-0.947067055713583,tag_bb,0,1,3.8602941176470575,517218.0,1.879456345528716,31.64037397954187,2.0,0.7619047619047628,-0.7352941176470594,0.0,1.1154780334101329,7.722772277227734,27.52475247524752,0.0359712230215826,4153025.9,13.435430521456803,-65.6782334384858,10.562922679773711,3.6090244464885233,0.1365342211708443,-0.0846950248974061,0.2620790629575349,1.0765456215938356,2.0,12.0,1165339.0,14.0,6.591169432657723,0.1470870971522807,narrow,3333.3333333333335,-31.565894666666317,0.44380160771605937,Q5,1,-6.591169432657723,-31.565894666666317,2025-11,CRWV
ENGN,2025-11-13,9.27775,-480.6866747500016,-0.961415752741778,tag_b1,0,1,1.7297297297297312,186848.0,0.8969026115468648,118.3647509754132,1.0,0.2812499999999993,-1.2432432432432454,1.0,-0.2805049641451096,6.566820276497699,13.594470046082968,0.050847457627119,2901904.7,12.025888733963892,-16.965888689407542,11.580961119984073,0.7569421559570857,0.1366622092254432,-0.0661268754316682,-0.4214346337323298,0.781802620775999,3.0,13.0,186848.0,14.0,1.7133922963003718,0.1482452134664894,narrow,3333.3333333333335,-32.04577831666677,0.3665168939771738,Q4,0,-1.7133922963003718,-32.04577831666677,2025-11,ENGN
DGNX,2025-11-17,12.035999999999998,4865.184354000009,9.730846687189294,scale_eod,1,1,3.092783505154634,101030.0,1.738583657332477,86.84434261826735,2.0,0.5555555555555545,1.718213058419238,0.0,-0.1900858572490493,10.541310541310551,26.59069325735993,0.0642857142857141,871494.85,15.132239891582364,-52.48979591836734,11.564023779551077,1.7651934489343224,0.3314917127071863,0.215021651485731,-0.3318798089086519,1.3236019825297742,0.0,17.0,101030.0,14.0,1.5480203481245405,0.1282302347404555,narrow,3333.3333333333335,324.34562360000064,0.39079688918241645,Q4,0,-1.5480203481245405,324.34562360000064,2025-11,DGNX
BMNG,2025-11-20,4.79,0.0,0.0,no_fill,0,0,3.1645569620253235,42711.0,1.0641725471038912,104.6567205728864,2.0,0.0,-2.109704641350222,0.0,-1.548330905301906,7.239819004524893,27.375565610859727,0.0826446280991732,413710.27777777775,15.426051708688432,-72.68011527377521,12.575033144632918,3.1604653551834785,0.0,0.0,1.5513936887855926,1.477851981162809,3.0,20.0,153351.0,14.0,12.736340661817923,0.101612429235884,narrow,3333.3333333333335,0.0,0.1890119309274099,Q2,3,-12.736340661817923,0.0,2025-11,BMNR
BMNG,2025-11-24,3.93176,-2867.0765200000005,-5.734581968380573,stop,0,1,5.660377358490566,52867.0,1.5322574423704634,13.569027748518488,3.0,0.7928571428571435,4.487870619946095,0.0,0.7724373207286201,6.627579467724318,18.210036213140192,0.7013888888888888,523365.55,16.660045214573465,-78.61671469740634,12.375854439189444,2.618909479234925,0.0,0.0,0.555361667905874,2.334445398042689,0.0,24.0,52867.0,14.0,2.17074093518027,0.162021983974152,narrow,3333.3333333333335,-191.1384346666667,0.14380808899763833,Q2,3,-2.17074093518027,-191.1384346666667,2025-11,BMNR
BMNG,2025-11-28,5.63686,880.4197018000068,1.7608764453969188,lock,0,1,3.804347826086956,82836.0,1.28184835569332,63.28606890929023,3.0,0.8090476190476199,1.0851449275362453,0.0,1.4239948078150866,11.740890688259093,17.55060728744939,0.7612456747404845,812948.95,18.575155026971206,-59.14137675795708,16.53094435756502,2.5862472668179226,0.1116251744143503,0.0940001468752274,0.1736111111111205,1.245667988268423,4.0,28.0,82836.0,14.0,2.394855528572137,0.1736441718286576,narrow,3333.3333333333335,58.69464678666713,0.19794540411144065,Q3,2,-2.394855528572137,58.69464678666713,2025-11,BMNR
BMNG,2025-12-02,4.62383,-1710.6176812999922,-3.421408226513502,stop,0,1,3.1158129175946527,168240.0,1.3695611271284789,36.53077204494591,4.0,0.6426018584703307,1.5590200445434164,1.0,0.1841379213346562,11.414392059553348,15.900744416873447,0.0780274656679155,1093552.5,19.01844780360941,-60.85440278988666,17.00132365669539,3.209729756916106,0.0821210699202339,-0.0146644767714554,0.2425507519073275,0.6068606674853394,1.0,2.0,168240.0,14.0,3.383209492797236,0.1241907102724481,narrow,3333.3333333333335,-114.04117875333282,0.45861729496914677,Q5,1,-3.383209492797236,-114.04117875333282,2025-12,BMNR
LGHL,2025-12-05,4.9147,-2231.9561999999937,-4.46415854477383,stop,0,1,4.115226337448563,68114.0,1.494017438778456,22.39489859605729,1.0,0.2,-2.469135802469138,0.0,-0.638023204299149,10.958904109589051,29.22374429223745,0.0625,161518.25,18.47497668593308,-43.79423601794884,345.9770305599701,5.868773342950409,0.1721496826901962,0.0904515281931584,0.1578047604436127,0.6704349328866847,4.0,5.0,68114.0,14.0,11.368845227592455,0.1955112275172421,narrow,3333.3333333333335,-148.7970799999996,0.20530741107822334,Q3,2,-11.368845227592455,-148.7970799999996,2025-12,LGHL
CAPR,2025-12-05,28.084,-1619.9037485714343,-3.24048670315585,stop,0,1,6.5818997756170585,808162.0,2.4953411643363173,19.142246321541627,4.0,0.9205113636363632,4.188855646970834,1.0,3.0130373165820927,5.275590551181102,29.7244094488189,0.311258278145695,5435692.05,14.30348546546995,-33.762695070596976,83.46545623438021,1.594820479206507,0.1721496826901962,0.0904515281931584,0.1578047604436127,0.6704349328866847,4.0,5.0,808162.0,14.0,3.25662044835181,0.5218658398142977,normal,3333.3333333333335,-107.99358323809562,0.200907897063863,Q3,2,-3.25662044835181,-107.99358323809562,2025-12,CAPR
CRCA,2025-12-16,4.132359999999999,4248.58804800001,8.497613954253765,eod,1,1,4.125000000000001,662479.0,1.4547961611080014,24.49096332558786,5.0,0.9393939393939408,2.750000000000008,1.0,1.7289717800950697,6.10079575596817,27.58620689655171,0.0865384615384614,11742769.55,15.360276666737072,-28.31541218637993,11.177210800620587,1.1251998043340634,0.2473425399723138,0.0500574188039101,-0.2203516812833282,1.1359946700144068,1.0,16.0,662479.0,14.0,1.4412356575024483,0.2388255959849435,narrow,3333.3333333333335,283.23920320000065,0.5054295915252254,Q5,1,-1.4412356575024483,283.23920320000065,2025-12,CRCL
CCUP,2025-12-16,4.4323573,4009.4771280000064,8.019436970931936,eod,1,1,4.204225352112677,61858.0,1.1960592020639242,75.88329882694134,4.0,1.0,3.73474178403757,1.0,2.6021148454324936,5.44554455445544,27.97029702970297,0.0796460176991149,1651657.9,15.27811088641767,-28.871969545181337,11.247478505015248,0.8575613630401309,0.2473425399723138,0.0500574188039101,-0.2203516812833282,1.1359946700144068,1.0,16.0,61858.0,14.0,1.080954372125244,0.2437169629598739,narrow,3333.3333333333335,267.29847520000044,0.5979319641024795,Q5,1,-1.080954372125244,267.29847520000044,2025-12,CRCL
SUPX,2025-12-29,16.21,0.0,0.0,no_fill,0,0,7.468518518518525,55202.0,2.590280267158681,42.31910859779188,2.0,0.4214397884122651,-4.259259259259256,1.0,-0.5466595189791414,8.724832214765094,30.201342281879185,0.0044444444444443,385774.3,15.65195225053372,-48.50603941513032,8.993067713739892,1.3040293249187414,0.1308995709402919,0.0741764235328326,-0.4012689950891602,0.4715023496087657,0.0,29.0,62865.0,14.0,1.9016864554185888,0.5131678538512812,normal,3333.3333333333335,0.0,0.12584841120439724,Q2,3,-1.9016864554185888,0.0,2025-12,SUPX
FLYE,2025-12-30,6.810369999999999,-639.4010999999899,-1.2789319816691112,tag_bb,1,1,3.6927621861152153,89564.0,2.121570122790858,92.87268239784656,2.0,0.2399999999999984,-2.5110782865583445,1.0,-0.4914073097256917,28.098391674550605,14.57521286660359,0.0068804361936908,1164721.35,18.38457465841568,-68.94495412844037,10.07139057910823,0.5535117906098312,0.0903629354862236,-0.0160011637209998,-0.058879116086352,0.4133836869528436,1.0,30.0,89564.0,14.0,71.26838695009663,0.3750643460644624,normal,3333.3333333333335,-42.62673999999933,0.2188468229858024,Q3,2,-71.26838695009663,-42.62673999999933,2025-12,FLYE
XRPT,2026-01-06,8.26,0.0,0.0,no_fill,0,0,1.4568651275820104,318474.0,0.525439608768548,61.056505823665816,1.0,0.6663886572143509,-0.1215066828675551,0.0,0.2720815999840565,6.33074935400517,17.829457364341085,0.8623188405797105,2159293.25,7.903521158005988,3.7831021437578896,10.11638896076487,2.5537485471229995,0.1162909016905723,0.0639599959298263,0.0305356831268427,0.7682394674400229,1.0,6.0,318474.0,14.0,3.9452556617580696,0.2066738598968127,narrow,3333.3333333333335,0.0,0.184544702588177,Q2,3,-3.9452556617580696,0.0,2026-01,
RGTX,2026-01-22,14.563559999999995,-1982.7634799999817,-3.9657885846592102,stop,0,1,3.672316384180788,276295.0,1.9442403320304804,9.00211234182491,3.0,0.507884615384614,0.7351694915254164,0.0,-0.2599303145831038,6.626506024096392,34.26204819277108,0.3142857142857143,3303337.2,15.704463098592436,-27.158995041050225,8.111899395538396,2.335497568943309,0.1333623251431411,0.013046314416182,0.6492559089582792,1.11915555070652,3.0,22.0,633847.0,14.0,5.197019016216786,0.2221771249672677,narrow,3333.3333333333335,-132.1842319999988,0.18445586486134266,Q2,3,-5.197019016216786,-132.1842319999988,2026-01,RGTI
NBIG,2026-01-26,8.804033099999998,-1968.4214691945456,-3.9369922311108656,stop,0,1,5.606807511737074,86555.0,2.35966308774753,46.0260281099726,4.0,0.6698764915218743,1.1737089201877893,1.0,-0.2826566232736223,8.535031847133757,11.210191082802549,0.181818181818181,648919.65,12.396938237498704,-21.294029616354592,8.975230446498541,1.183974009725241,0.2034845829652391,0.1173113965849269,0.1828127040320344,0.9029780243208204,0.0,26.0,86555.0,14.0,2.294232469551158,0.3638557902762647,normal,3333.3333333333335,-131.22809794630305,0.22956808399165268,Q3,2,-2.294232469551158,-131.22809794630305,2026-01,NBIS
CRMX,2026-02-03,17.90355,6215.5506792,12.434406025620618,eod,1,1,9.422492401215807,71677.0,3.426216672962738,107.93374137231388,4.0,0.7870967741935473,6.504559270516719,0.0,1.270429624752667,13.6049723756906,40.01381215469613,0.0507421470486711,648964.2142857143,34.50160596135346,-65.80752442319684,25.56773403737804,1.8332859868236184,0.1867252696743896,-0.0172361787391741,0.1150400483168301,31.02747003056668,1.0,3.0,71677.0,14.0,2.0246065196382057,,unknown,3333.3333333333335,414.37004528,0.14184417331497748,Q2,3,-2.0246065196382057,414.37004528,2026-02,CRML
SPAI,2026-02-24,4.2,0.0,0.0,no_fill,0,0,6.638095238095247,73310.0,2.7004015576825005,60.52115706736111,2.0,0.5885939741750363,-2.730952380952381,1.0,0.77574297113759,6.060606060606066,20.454545454545457,0.0864197530864195,417774.95,12.150081903897998,-34.984520123839005,7.312845653926557,5.047564484179819,0.2445373221880068,-0.1627804663440407,-0.071806444994799,1.0987018495256498,1.0,24.0,102702.0,14.0,0.558713515101447,0.5379493259232541,normal,3333.3333333333335,0.0,0.17760764085440364,Q2,3,-0.558713515101447,0.0,2026-02,SPAI
SHLS,2026-02-25,7.43,0.0,0.0,no_fill,0,0,4.450625869262857,630273.0,2.097779616873543,82.15125662276593,3.0,0.7187499999999999,2.0862308762169604,0.0,0.7261763374530668,5.193855157278718,23.262618873445497,0.0597484276729558,5196040.4,8.135890365726862,-35.544598834603306,8.25595434904137,4.745264297791064,0.1651719091844254,0.0941769657630474,0.4117261948061289,1.2780416373223291,2.0,25.0,742287.0,14.0,3.815617716302411,0.3414934632045344,normal,3333.3333333333335,0.0,0.34846837459618163,Q4,0,-3.815617716302411,0.0,2026-02,SHLS
MST,2026-02-25,3.5104999999999995,2720.087602000008,5.440551581358414,scale_eod,1,1,2.325581395348839,71770.0,0.6954834357746622,65.80988131551823,2.0,0.6250000000000028,0.8720930232558213,0.0,0.2782532793496834,6.172839506172831,11.728395061728392,0.7631578947368424,623451.2,14.52661717225125,-44.87179487179488,16.083316632435842,1.2662835519444025,0.1651719091844254,0.0941769657630474,0.4117261948061289,1.2780416373223291,2.0,25.0,71770.0,14.0,2.221991251619866,0.1394335809559909,narrow,3333.3333333333335,181.3391734666672,0.20775072957981008,Q3,2,-2.221991251619866,181.3391734666672,2026-02,MSTR
RBNE,2026-02-27,4.2,0.0,0.0,no_fill,0,0,2.6442307692307767,92963.0,1.77583392119265,39.06946627660549,2.0,0.2327272727272706,-1.0673076923077027,1.0,-0.6964220207548676,7.493540051679587,15.50129198966409,0.099849974995833,532583.95,14.121837879506996,-21.36105860113421,7.828526667094085,2.08270076482778,0.1991040318566471,0.1074868971979183,-0.9009139706948968,1.0099039711767417,4.0,27.0,92963.0,14.0,4.839824328495301,0.202812557487703,narrow,3333.3333333333335,0.0,0.21587586766146313,Q3,2,-4.839824328495301,0.0,2026-02,RBNE
ANTX,2026-03-09,3.09927,24238.75590996,48.480009859084014,scale_eod,1,1,3.973509933774824,239287.0,1.938367795666738,63.79415659881855,2.0,1.0,2.3178807947019817,1.0,2.453857684109699,5.964912280701752,49.12280701754386,0.9142857142857144,515058.2,8.95512723495218,1.6835016835016776,16.666831459037926,13.54804563833757,0.2836177013460565,-0.0060024910337735,-0.8908652845117357,1.1635763397409702,0.0,9.0,239287.0,10.0,24.75246193313472,0.6323120828953426,wide,3333.3333333333335,1615.9170606640002,0.10905223437515178,Q2,3,-24.75246193313472,1615.9170606640002,2026-03,ANTX
ANNA,2026-03-20,4.112299999999999,28245.7251101,56.49445188341748,scale_eod,1,1,6.281407035175867,237204.0,2.3534206956692114,35.98195659670956,3.0,0.8000000000000004,1.758793969849242,0.0,2.077967909331317,5.0131926121372015,17.150395778364114,0.2923076923076922,678720.85,20.72526744705013,-26.972477064220183,13.879716882153728,3.0071110972942705,0.2574218214497785,-0.2208648763918364,-0.4986359502879606,1.059983856148861,4.0,20.0,237204.0,14.0,5.328092184323723,0.2929322769970872,narrow,3333.3333333333335,1883.0483406733333,0.20923705133927362,Q3,2,-5.328092184323723,1883.0483406733333,2026-03,ANNA
CWVX,2026-03-31,17.873459999999998,-618.5006099999865,-1.2371974984138223,tag_bb,0,1,4.006968641114991,149174.0,1.7548889468216926,33.13818388875405,4.0,0.9710144927536238,3.3681765389082576,1.0,2.012501065261416,10.882163554410814,26.0785576303928,0.2419753086419749,1704604.35,12.868792542636497,-33.8328530259366,9.814222478187132,1.1912412402326673,0.0,0.0,1.1029004541354854,1.6055119409962268,1.0,31.0,149174.0,14.0,2.2864243431460456,0.228494424336881,narrow,3333.3333333333335,-41.2333739999991,0.45821665592961386,Q5,1,-2.2864243431460456,-41.2333739999991,2026-03,CRWV
UGRO,2026-04-06,20.9,0.0,0.0,no_fill,0,0,2.904972919743968,36683.0,1.5695473286866422,32.35114189118293,1.0,0.4067796610169526,1.1816838995568784,0.0,-0.6414611533404354,6.894736842105257,18.30421052631578,0.2092702283052501,15128572.8,28.971603793509345,-45.10810810810811,101.06324016618706,0.0633043190961146,0.0,0.0,0.0045743561593664,1.641148893365774,0.0,6.0,36683.0,14.0,0.0556501005427695,0.0896797189944937,narrow,3333.3333333333335,0.0,0.2722999367702742,Q3,2,-0.0556501005427695,0.0,2026-04,UGRO
FLZH,2026-04-06,20.9,0.0,0.0,no_fill,0,0,2.904972919743968,36683.0,1.5695473286866422,32.35114189118293,1.0,0.4067796610169526,1.1816838995568784,0.0,-0.6414611533404354,6.894736842105257,18.30421052631578,0.2092702283052501,15128572.8,28.971603793509345,-45.10810810810811,101.06324016618706,0.0633043190961146,0.0,0.0,0.0045743561593664,1.641148893365774,0.0,6.0,36683.0,14.0,0.052404205503767,0.0896797189944937,narrow,3333.3333333333335,0.0,0.2722999367702742,Q3,2,-0.052404205503767,0.0,2026-04,FLZH
ALOY,2026-04-09,9.0,0.0,0.0,no_fill,0,0,7.947805456702254,185843.0,2.315624567339063,18.80858689848252,4.0,0.9253731343283572,6.168446026097267,1.0,3.694867331208272,5.506883604505625,13.08886107634543,0.3721552878179391,1650340.15,13.450909650793635,-52.26500566251416,8.355877068449066,0.9283225642907617,0.0,0.0,-0.1730743628052778,0.9219109964888992,3.0,9.0,185843.0,14.0,1.803264281491431,0.576802719247403,normal,3333.3333333333335,0.0,0.19245419489871443,Q2,3,-1.803264281491431,0.0,2026-04,ALOY
UGRO,2026-04-10,17.849387999999998,-244.15756799998545,-0.4883528779809975,tag_bb,1,1,4.802325581395352,36066.0,1.779152215577812,60.591029741815625,4.0,0.5447941888619886,1.2790697674418745,1.0,0.5711409632680431,11.111111111111104,19.767441860465105,0.1405228758169934,15249521.4,30.53203143301972,-53.51351351351351,101.76232904054554,0.0384923555699262,0.0,0.0,0.2073803885808536,1.0717481862668985,4.0,10.0,36066.0,14.0,0.0541512424111161,0.1113864207308733,narrow,3333.3333333333335,-16.27717119999903,0.2901622318325762,Q4,0,-0.0541512424111161,-16.27717119999903,2026-04,UGRO
XNDU,2026-04-15,17.3,0.0,0.0,no_fill,0,0,3.077816492450645,308891.0,1.195719131761598,48.45432062482852,3.0,0.8867924528301846,0.1161440185830405,0.0,0.4706890015905716,16.115981119352654,27.039784221173303,0.6334164588528678,837551.5,16.522976570416713,5.644171779141092,13.847969265615898,4.060945506037539,0.0,0.0,0.1151974195777949,0.980016594646664,2.0,15.0,438097.0,14.0,9.268741546715026,0.2739952155064845,narrow,3333.3333333333335,0.0,0.28148633436209386,Q3,2,-9.268741546715026,0.0,2026-04,XNDU
SMU,2026-04-15,13.95173,1430.6367934599984,2.861900423818405,lock,1,1,6.320091673032843,92907.0,2.7440566973416254,29.06307668350229,3.0,0.8428623232201126,5.271199388846444,0.0,1.317129501524691,9.5397489539749,23.808368200836824,0.2444553794242729,657077.15,13.116957907314124,-32.63688760806916,9.286276336376652,3.4436641115887228,0.0,0.0,0.1151974195777949,0.980016594646664,2.0,15.0,121339.0,14.0,4.085399786921399,0.4706505238547698,normal,3333.3333333333335,95.37578623066656,0.2277527091606448,Q3,2,-4.085399786921399,95.37578623066656,2026-04,SMR
ROLR,2026-04-16,6.4192,7468.734191600005,14.937722682990964,scale_eod,1,1,3.90625,68642.0,2.1344557523921006,83.5911159905868,2.0,0.5199999999999996,-1.8750000000000016,0.0,0.4928869353967669,6.666666666666672,26.16666666666667,0.1273885350318472,4881645.4,13.246168267956843,-45.48551959114139,13.13179959040546,0.830959782535618,0.0,0.0,0.1600137154613096,1.0939355559281985,3.0,16.0,151729.0,14.0,0.4016543377297991,0.2554259775517055,narrow,3333.3333333333335,497.9156127733337,0.2777027364469595,Q3,2,-0.4016543377297991,497.9156127733337,2026-04,ROLR
HOOG,2026-04-17,29.13715,-1065.4401706928577,-2.1309080687615056,stop,0,1,4.446816079686944,117210.0,1.7921295870331893,36.227032862179534,3.0,1.0,3.344005691924586,1.0,2.575154815673288,7.3720397249809,13.636363636363638,0.5210084033613444,636634.45,9.981257012159348,0.7888131946934345,9.176188877843476,3.119344232785392,0.0,0.0,0.6384858763503717,0.8236033436002577,4.0,17.0,244884.0,14.0,6.289709527277798,0.5452095648346544,normal,3333.3333333333335,-71.02934471285718,0.3034864304632566,Q4,0,-6.289709527277798,-71.02934471285718,2026-04,HOOD
FLYX,2026-04-20,3.01,0.0,0.0,no_fill,0,0,3.322259136212613,66872.0,1.2222977541457491,36.148670520059234,1.0,0.0,-3.322259136212613,0.0,-1.8783361244635337,5.614035087719287,24.73684210526316,0.0921985815602836,745321.9,10.99095276451922,-13.753581661891127,9.45803752926918,3.990167201580954,0.0,0.0,-0.1915115329371692,0.80265702484049,0.0,20.0,66872.0,14.0,2.133894951815687,0.3382803941430508,normal,3333.3333333333335,0.0,0.13263707990116394,Q2,3,-2.133894951815687,0.0,2026-04,FLYX
LITZ,2026-05-14,16.007779699999997,-43.0652330999841,-0.0861437392219666,tag_bb,0,1,4.200769724182166,136033.0,1.7529855729822317,170.41795579317204,2.0,0.6642235455794789,0.9621552277100728,1.0,1.2701392568403576,5.766621438263226,13.696065128900942,0.4160887656033288,529569.6,16.85243304898854,-48.6156888595913,12.642882819351382,3.607684429015563,0.0,0.0,0.1805175735205011,0.8912219870426187,3.0,14.0,136033.0,14.0,3.8991423558291753,0.1661122782655012,narrow,3333.3333333333335,-2.87101553999894,0.22961741333764657,Q3,2,-3.8991423558291753,-2.87101553999894,2026-05,LITE
FRMM,2026-05-18,4.0654,0.0,0.0,no_fill,0,0,1.635000000000009,68293.0,0.3770000000000006,129.82984608252002,0.0,0.0,0.0,0.0,-0.3931977413116289,8.108108108108103,39.99999999999999,0.0,968788.6,12.96899275973091,-31.85689948892675,8.47438373110033,0.8722645993150622,0.0,0.0,0.0892893380413276,0.8930053638776971,0.0,18.0,68293.0,14.0,3.5275830516979294,0.1197994318419916,narrow,3333.3333333333335,0.0,0.3220561548331755,Q4,0,-3.5275830516979294,0.0,2026-05,FRMM
YSS,2026-05-18,26.51932,-1993.4880182982104,-3.9878598899109807,stop,0,1,5.700712589073639,148208.0,1.8540310467323744,41.51507793167555,3.0,0.7916666666666664,3.4837688044338835,0.0,0.9259318126391975,5.162364696086603,17.73522064945878,0.1478873239436618,2687021.3,12.688259492620228,-43.28693309384823,9.224913762487596,1.7184143646349213,0.0,0.0,0.0892893380413276,0.8930053638776971,0.0,18.0,155501.0,14.0,2.5644935952861685,0.365109475613497,normal,3333.3333333333335,-132.8992012198807,0.3547793169412901,Q4,0,-2.5644935952861685,-132.8992012198807,2026-05,YSS
OKLL,2026-05-26,10.5292,0.0,0.0,no_fill,0,0,6.686947988223749,1715140.0,2.129209436972896,37.248135718125305,2.0,0.839741708247726,2.2571148184494643,1.0,2.194221243733051,18.76456876456876,13.98484848484848,0.1499291607633969,14275534.1,15.931090124669812,-24.935543278084715,14.727968302931762,1.0912732855298213,0.0,0.0,0.5860737084920343,0.9100944110308964,1.0,26.0,2464088.0,14.0,3.580263918796005,0.3893687316048989,normal,3333.3333333333335,0.0,0.20488907284779373,Q3,2,-3.580263918796005,0.0,2026-05,OKLO
AAOG,2026-06-10,10.982849999999996,-4064.70839999998,-8.130403310616058,stop,0,1,8.02644003777148,266435.0,2.651553620443261,100.45077004912235,2.0,0.6705882352941183,0.7554296506137872,0.0,1.8109192858986696,11.946215076269311,71.52295478810558,0.0481673071238544,527883.7,27.35998266619627,-53.91584746537161,19.54999435275761,4.343074052106553,0.0,0.0,-0.4965741808561113,2.203481733745452,2.0,10.0,266435.0,14.0,9.529708724965955,0.244556791362647,narrow,3333.3333333333335,-270.98055999999866,0.1879704413387941,Q2,3,-9.529708724965955,-270.98055999999866,2026-06,AAOI
ATOM,2026-06-18,8.97,0.0,0.0,no_fill,0,0,5.877739331026537,89449.0,2.084298331219017,135.7523420314021,1.0,0.4464285714285726,0.2064590542099298,0.0,0.4897025759638069,6.119951040391677,11.872705018359838,0.041237113402061,1460590.8,11.961294220646629,-29.882733522038013,9.541159406276948,0.8532862181522709,0.0,0.0,0.9177283524076812,1.0459477176034118,3.0,18.0,94160.0,14.0,2.0569762960258275,0.5075336719173803,normal,3333.3333333333335,0.0,0.21021822916186167,Q3,2,-2.0569762960258275,0.0,2026-06,ATOM
BEZ,2026-06-23,12.93,0.0,0.0,no_fill,0,0,6.067961165048544,86434.0,2.086263672243276,55.39721464651949,4.0,0.5666666666666677,1.9822006472491989,1.0,1.2381814687768529,21.35493372606773,12.547864506627397,0.1588419405320822,2113778.15,15.924490910292432,-51.49136577708007,224.6513533965457,0.2797138384650253,0.0,0.0,-1.4212979755235886,1.0924426803184577,1.0,23.0,142881.0,14.0,3.636633693966559,0.1809010420478857,narrow,3333.3333333333335,0.0,0.2143318790107346,Q3,2,-3.636633693966559,0.0,2026-06,BE
AIBZ,2026-06-24,9.91,0.0,0.0,no_fill,0,0,4.306722689075632,74770.0,1.7539856707601422,38.739969365614,5.0,0.9756097560975616,3.991596638655471,1.0,1.4775499757486177,5.895439377085643,12.05895439377087,0.5903514435937643,617528.7,17.452165037866198,-7.121951219512199,13.430521437961724,1.0969757357026484,0.0,0.0,0.2167452765887726,0.8438346425717425,2.0,24.0,75370.0,10.0,1.4657863261992046,,unknown,3333.3333333333335,0.0,0.2737456750111199,Q3,2,-1.4657863261992046,0.0,2026-06,AIBZ
SNDG,2026-06-25,27.33175,-1934.586145035713,-3.86996402666182,stop,0,1,3.6466165413533793,66088.0,1.5176101653166014,49.80624759472976,3.0,0.8969072164948437,2.06766917293232,1.0,1.4370597662489109,31.683168316831694,16.584158415841575,0.4179104477611938,745103.95,15.160154404326306,-13.636363636363631,13.633759375694538,1.993904340461489,0.0,0.0,0.773280235666352,1.0626808321527643,3.0,25.0,66088.0,14.0,1.1314348744299914,0.2408559921271319,narrow,3333.3333333333335,-128.97240966904755,0.3651595797030532,Q4,0,-1.1314348744299914,-128.97240966904755,2026-06,SNDK
MUZ,2026-06-26,10.47,0.0,0.0,no_fill,0,0,4.284323271665056,850844.0,1.7280300775399473,47.11149557313862,2.0,0.6136363636363649,0.2921129503408095,0.0,0.1463267069760069,13.10572687224669,33.559471365638764,0.3174061433447099,5701982.666666667,16.866506473751087,-57.06216578937466,16.867222608311508,5.568919068384868,0.0,0.0,-0.7292659675881662,1.1904923894065988,4.0,26.0,850844.0,11.0,3.288682307608787,,unknown,3333.3333333333335,0.0,0.20953630978312796,Q3,2,-3.288682307608787,0.0,2026-06,MU
MUD,2026-06-26,10.01,0.0,0.0,no_fill,0,0,2.300706357214932,1538611.0,0.9146141304753044,28.234085807923165,2.0,0.6710526315789501,0.2522704339051498,0.0,0.4990574172601379,6.330472103004291,13.251072961373405,0.336032388663968,19621996.25,7.189274933999632,-32.16974674880218,7.965021982736305,2.14526806873689,0.0,0.0,-0.7292659675881662,1.1904923894065988,4.0,26.0,2046884.0,14.0,1.7408540448871528,0.174923338435529,narrow,3333.3333333333335,0.0,0.31470479196851314,Q4,0,-1.7408540448871528,0.0,2026-06,MU
CORD,2026-07-01,7.0,0.0,0.0,no_fill,0,0,5.105105105105103,566097.0,2.148117917096079,57.3373501216227,3.0,0.3823529411764704,1.9519519519519504,0.0,-0.5460905083233116,21.311475409836063,13.479052823315122,0.0405405405405408,4989898.25,14.763205508131136,-6.197183098591543,9.120121108114647,0.4332755682944036,0.0,0.0,-0.237020769447083,1.6564814443894391,2.0,1.0,2705600.0,14.0,12.276244010702952,0.4379198867759383,normal,3333.3333333333335,0.0,0.1564271379394655,Q2,3,-12.276244010702952,0.0,2026-07,CRWV
IREG,2026-07-06,11.35396,1758.0078249999972,3.5166144675514035,eod,1,1,5.483271375464683,43015.0,1.5719791153346536,60.45937939417302,3.0,0.5,2.4628252788104144,0.0,0.0782613326242746,16.073354908306367,32.740021574973035,0.1911037891268533,428122.85,18.780674948694926,-60.88695019992729,11.742198900670656,1.647172067550237,0.0,0.0,0.5317006364295546,1.1386683490743703,0.0,6.0,57398.0,14.0,4.209916385506821,0.2193153557001633,narrow,3333.3333333333335,117.20052166666649,0.2422885471749677,Q3,2,-4.209916385506821,117.20052166666649,2026-07,IREN
IREX,2026-07-06,20.31075,1669.1486400000058,3.3393153871718297,eod,1,1,6.328451882845193,66803.0,2.206206666461945,57.90225623429438,2.0,0.5371900826446295,2.981171548117156,0.0,0.1721303350688353,15.738498789346256,33.11138014527846,0.1974405850091407,787747.35,18.977309865052234,-60.16666666666667,11.81470974366916,1.9290195009859443,0.0,0.0,0.5317006364295546,1.1386683490743703,0.0,6.0,92115.0,14.0,3.025563183010431,0.2490223118416203,narrow,3333.3333333333335,111.27657600000039,0.16785897817023798,Q2,3,-3.025563183010431,111.27657600000039,2026-07,IREN
AMPU,2026-07-09,4.225,0.0,0.0,no_fill,0,0,5.357142857142849,21425.0,0.6771762226037257,91.30454312333896,3.0,0.3995555555555566,-2.6214285714285737,1.0,1.1621488928139492,12.000000000000004,13.474666666666655,0.5145458143677023,367816.3,18.32146710588683,-64.97080900750626,11.372375747283506,2.886601273516155,0.0,0.0,0.2616045076469071,0.7751141466417582,3.0,9.0,21425.0,14.0,2.45085222165934,0.2212096642894905,narrow,3333.3333333333335,0.0,0.12818378207742653,Q2,3,-2.45085222165934,0.0,2026-07,AMPX
LITZ,2026-07-13,17.773159999999997,-2178.3713145871448,-4.357099991544237,stop,0,1,5.191873589164776,27079.0,2.7878811245009856,47.77232887698354,3.0,0.3804347826086941,-3.216704288939054,1.0,-0.0448901229195002,6.1077844311377225,11.568263473053907,0.0993322635747192,565640.8,14.309239880198438,-25.85774058577406,10.488722352459067,0.9412598949722156,0.0,0.0,-0.3284985760646424,0.903043027364542,0.0,13.0,27079.0,14.0,1.030534994413833,0.3036790433167027,normal,3333.3333333333335,-145.22475430580965,0.11242693450015977,Q2,3,-1.030534994413833,-145.22475430580965,2026-07,LITE
IONX,2026-07-14,28.053909999999995,-2495.851379999989,-4.992494807319173,stop,0,1,4.613733905579396,57805.0,1.89340046381199,41.21734948061755,1.0,0.3255813953488387,-3.075822603719597,0.0,-0.0565712361944466,6.880733944954132,19.80122324159021,0.0791505791505791,919549.1,15.439987748695918,-62.72,9.442684508317452,1.6731689476940383,0.0,0.0,0.2322570311144345,0.86909065150585,1.0,14.0,91651.0,14.0,2.291013169923437,0.1797115817566225,narrow,3333.3333333333335,-166.39009199999927,0.2145255355539414,Q3,2,-2.291013169923437,-166.39009199999927,2026-07,IONQ
JLHL,2026-07-17,10.16039,-4230.583699999992,-8.461289379639938,stop,0,1,8.453608247422684,105856.0,3.2821747730334097,43.130363535278654,4.0,0.7682926829268278,2.4742268041237137,1.0,2.386475370169024,14.928909952606634,19.520142180094776,0.1881638846737474,6270544.25,52.24658404469517,-76.83078591407327,76.89850272447408,0.1255283383097089,0.0,0.0,-1.1508951406649597,0.7421292664490987,4.0,17.0,174101.0,14.0,1.490445828714062,0.1851431433113044,narrow,3333.3333333333335,-282.0389133333328,0.11698497847778891,Q2,3,-1.490445828714062,-282.0389133333328,2026-07,JLHL
MUU,2026-07-20,30.34075,-265.1011199999989,-0.5305076506019111,tag_bb,0,1,3.782505910165488,1578700.0,1.6415517693722004,34.808640092543705,3.0,0.8392857142857146,1.553529213103684,0.0,1.312443815482068,8.700440528634365,23.78781204111601,0.4537022747615663,10346831.05,13.930930120649052,-97.63649425287358,24.41394299631435,6.784876612052151,0.0,0.0,0.5072044558651377,0.8256839081936249,0.0,20.0,2195855.0,14.0,4.553828236873365,0.0076348860814112,narrow,3333.3333333333335,-17.673407999999927,0.25167638433858636,Q3,2,-4.553828236873365,-17.673407999999927,2026-07,MU
IREX,2026-07-20,14.874489999999998,4501.320080000008,9.003871729383679,eod,1,1,8.752735229759294,79678.0,2.251716052083637,53.80375096448006,5.0,0.9333333333333332,7.585703865791387,1.0,3.3409574320468485,16.482582837723037,16.227697536108753,0.5078534031413606,843775.8,17.609541370452913,-68.35012015873419,10.972840599824982,0.8989959181100002,0.0,0.0,0.5072044558651377,0.8256839081936249,0.0,20.0,158566.0,14.0,3.697014308934424,0.3722210841927802,normal,3333.3333333333335,300.08800533333385,0.12277003879877084,Q2,3,-3.697014308934424,300.08800533333385,2026-07,IREN
SNDU,2026-07-21,26.228449999999995,3361.288180000005,6.723729385457407,eod,1,1,3.4562211981566766,449388.0,1.7307609514990496,34.76066386898323,1.0,0.2333333333333346,-2.2273425499231885,0.0,-0.6373628042952968,17.88139429606156,11.144409234947942,0.1713380453326838,5583312.7,19.68609862058946,-67.0379746835443,19.185112940003805,1.4035896646089694,0.0,0.0,0.5659690873074602,0.9123923193810656,1.0,21.0,588064.0,14.0,2.807553789392953,0.0940342896606605,narrow,3333.3333333333335,224.085878666667,0.1569571267941113,Q2,3,-2.807553789392953,224.085878666667,2026-07,SNDK
CRCD,2026-07-22,5.26,0.0,0.0,no_fill,0,0,2.4952015355086354,52903.0,0.7161718472918797,65.36543861773845,1.0,0.4230769230769212,-0.4798464491362832,0.0,0.0266499922311123,6.981519507186855,15.913757700205329,0.3806451612903228,1989275.35,14.94381269510149,-29.68960863697706,12.750293687845287,1.3829337401682475,0.0,0.0,-0.2218420911958048,0.8318406509250134,2.0,22.0,81383.0,14.0,0.8544082909014555,0.1230443557362836,narrow,3333.3333333333335,0.0,0.28063232014842987,Q3,2,-0.8544082909014555,0.0,2026-07,CRCL
RGTX,2026-07-27,11.06309,-1765.8999623707152,-3.532216464193744,stop,0,1,7.615311004784687,80164.0,3.699730798808946,45.4903786084499,3.0,1.0,5.550239234449761,1.0,3.780524435813239,12.972972972972965,11.008648648648649,0.0392811548659522,765843.4,12.515076402388209,-46.11179867986799,8.503894866793795,0.7095902373775108,0.0,0.0,0.8092782807573138,0.7847407894679208,0.0,27.0,237579.0,14.0,7.445500271978188,0.552481242827743,normal,3333.3333333333335,-117.72666415804768,0.2770358546609571,Q3,2,-7.445500271978188,-117.72666415804768,2026-07,RGTI
ARMG,2026-07-31,19.53,0.0,0.0,no_fill,0,0,2.9595015576324,77977.0,1.9079822657408936,118.89691034036372,3.0,0.4210526315789444,-0.3115264797507906,0.0,-0.5591195322697123,15.053763440860235,27.240143369175623,0.2368421052631575,861235.45,15.6269019448859,-51.72932330827067,10.891291414229444,2.067680795071777,0.0,0.0,0.4031333845676624,1.280202843790082,4.0,31.0,90641.0,14.0,1.6039187482857689,0.14975092132549,narrow,3333.3333333333335,0.0,0.2330956200329204,Q3,2,-1.6039187482857689,0.0,2026-07,ARM
SMU,2026-07-31,6.19,0.0,0.0,no_fill,0,0,3.50584307178631,45695.0,1.6451357454600326,17.46416456085804,4.0,0.9047619047619024,3.005008347245404,1.0,1.596270800701818,5.087719298245615,17.982456140350866,0.9463414634146344,1643244.1,15.26205317836438,-39.16929013912866,11.792776212259682,1.5666053509639863,0.0,0.0,0.4031333845676624,1.280202843790082,4.0,31.0,77089.0,14.0,1.34125475048903,0.2387919887173336,narrow,3333.3333333333335,0.0,0.12475321208916743,Q2,3,-1.34125475048903,0.0,2026-07,SMR
BIOA,2026-08-03,9.73913,-1071.1031099999984,-2.142593845651508,tag_bb,0,1,4.302203567681009,119681.0,2.5440416574786617,113.19945241381777,2.0,0.5121951219512171,-0.2098635886673617,1.0,0.0477661500355958,5.420353982300888,23.89380530973452,0.180555555555555,1057360.3,7.830941052105852,-63.28260450780196,14.9445803379161,9.439006741599812,0.0,0.0,0.3226108723880007,1.4742238069491285,0.0,3.0,123869.0,14.0,4.223574740861975,0.1633069978528544,narrow,3333.3333333333335,-71.4068739999999,0.20319601249043065,Q3,2,-4.223574740861975,-71.4068739999999,2026-08,BIOA
CBRZ,2026-08-05,10.78,0.0,0.0,no_fill,0,0,6.15234374999999,148046.0,1.890157007501804,130.39271183505022,2.0,0.4761904761904753,2.050781249999991,0.0,-1.192622418230888,6.224066390041489,15.871369294605802,0.248366013071896,411069.4,24.58887708131989,-62.07407407407407,16.928776149290158,1.3447753590999476,0.0,0.0,0.58600080380641,1.4877390935815862,2.0,5.0,148046.0,14.0,6.597961379538668,0.1491121601860064,narrow,3333.3333333333335,0.0,0.14564541742038095,Q2,3,-6.597961379538668,0.0,2026-08,CBRS
CIFU,2026-08-11,12.878519999999998,-625.9724999999893,-1.2520848668946218,tag_bb,0,1,5.491803278688525,59310.0,2.4127561020642463,107.8017520306742,4.0,1.0,5.245901639344267,1.0,1.0771734099556451,8.734402852049898,16.04278074866311,0.1222222222222225,414042.5,23.04075990838274,-65.32120523024446,21.628781355574382,2.150752640127523,0.0,0.0,0.1940416283973455,0.522579010923855,1.0,11.0,65292.0,14.0,3.5858259747290298,0.12502790152561,narrow,3333.3333333333335,-41.731499999999286,0.4402492646533624,Q5,1,-3.5858259747290298,-41.731499999999286,2026-08,CIFR
CRCD,2026-08-18,4.28,0.0,0.0,no_fill,0,0,3.597122302158282,18453.0,0.7735757639176237,54.20934954458188,3.0,0.9199999999999972,2.3501199040767355,1.0,1.564176759608415,5.303030303030303,14.3939393939394,0.2280701754385962,1134128.4,12.83424994383672,-39.03508771929825,8.336492345514461,0.9561712765503448,0.0,0.0,-0.5138027877360211,0.5540418841828245,1.0,18.0,101967.0,14.0,1.901171036913033,0.2067290848429453,narrow,3333.3333333333335,0.0,0.555880842192909,Q5,1,-1.901171036913033,0.0,2026-08,CRCL
SNK,2026-08-18,18.0,0.0,0.0,no_fill,0,0,3.165630299604288,223239.0,1.401255388323724,82.11543432493923,3.0,0.8214285714285685,1.1871113623515956,1.0,1.2011774903588064,7.537993920972656,15.62310030395136,0.346303501945525,3062712.95,16.750082158330084,-56.450024618414574,13.504237559808129,1.5739960220561968,0.0,0.0,-0.5138027877360211,0.5540418841828245,1.0,18.0,223239.0,14.0,1.3291522478473303,0.1168862924783267,narrow,3333.3333333333335,0.0,0.405061551028703,Q5,1,-1.3291522478473303,0.0,2026-08,
SPCQ,2026-08-18,13.63,0.0,0.0,no_fill,0,0,3.1416853094705472,68189.0,1.2304488998684202,67.04600528946102,3.0,0.8338476145264652,1.118568232662195,1.0,0.6350185961300735,8.582995951417008,15.86963562753036,0.280575539568345,1683331.85,16.862971992359206,-57.42857142857143,14.00201778249435,1.517631238308715,0.0,0.0,-0.5138027877360211,0.5540418841828245,1.0,18.0,68189.0,14.0,0.976034827203334,0.1126091147337655,narrow,3333.3333333333335,0.0,0.46953740436911673,Q5,1,-0.976034827203334,0.0,2026-08,SPCX
GDXD,2026-08-26,15.24,0.0,0.0,no_fill,0,0,2.103879026955952,148862.0,0.9617138654417934,71.85372929440533,2.0,0.3437499999999979,-1.1834319526627315,1.0,-0.3632177991067072,6.363636363636364,12.027972027972032,0.0290697674418608,1998720.95,9.569456229413827,-71.54349859681946,9.975723387796052,2.217971948510371,0.0,0.0,-0.1540650990325169,0.4596209459501499,2.0,26.0,523663.0,14.0,3.521781508067696,0.1116204320681193,narrow,3333.3333333333335,0.0,0.4186704910792787,Q5,1,-3.521781508067696,0.0,2026-08,
SMST,2026-08-26,30.3165,0.0,0.0,no_fill,0,0,3.177240684793556,27345.0,1.2092616687470903,53.34997243449814,2.0,0.010565240359216,-1.3763007720711653,0.0,-1.6883617610060182,5.397229740487174,17.760795343982732,0.1562749003984066,356499.9,11.913908826099014,-53.75659733002174,8.787964624895524,2.770014802248191,0.0,0.0,-0.1540650990325169,0.4596209459501499,2.0,26.0,47555.0,14.0,2.397218841592073,0.1473695153074294,narrow,3333.3333333333335,0.0,0.13634990352515053,Q2,3,-2.397218841592073,0.0,2026-08,MSTR
SHMD,2026-08-31,3.355,0.0,0.0,no_fill,0,0,5.076923076923078,96604.0,1.7617273884847204,143.97734838244148,3.0,1.0,3.23076923076923,1.0,2.9283637836294414,8.153078202995012,15.307820299500833,0.0326086956521732,725003.55,10.100402736364252,-43.86776973695574,8.632830497322502,1.0097385040390492,0.0,0.0,-0.2625593033079849,0.6763375247037948,0.0,31.0,142082.0,14.0,4.121715202174877,0.34482483529726,normal,3333.3333333333335,0.0,0.5437793957796729,Q5,1,-4.121715202174877,0.0,2026-08,SHMD
PFSA,2026-08-31,3.15945,2321.377953750017,4.642914114798496,scale_lock,1,1,3.2258064516129057,42343.0,1.8012477585272284,35.18379395686213,3.0,0.3000000000000022,-0.6451612903225812,1.0,-0.6554926524734206,5.802047781569963,47.440273037542646,0.1366906474820143,3220365.2,25.781410751622868,-89.05367231638418,144.8134473393062,0.2002005859459666,0.0,0.0,-0.2625593033079849,0.6763375247037948,0.0,31.0,363621.0,14.0,2.808141285964408,0.0236031093805018,narrow,3333.3333333333335,154.75853025000112,0.24616198918687712,Q3,2,-2.808141285964408,154.75853025000112,2026-08,PFSA
ALMS,2026-09-02,10.571619999999998,-388.3454799999904,-0.7767967444913645,tag_bb,0,1,5.808961102904957,945826.0,3.1423205806109737,46.769601722111176,2.0,0.8643837938633692,3.003446578040389,1.0,2.020191289673345,7.233368532206956,24.39281942977825,0.3116883116883119,2213957.7,7.028711365033276,-64.43979101592593,12.829979508103811,12.821445504582131,0.0,0.0,0.0879519021239823,0.6725941561710829,2.0,2.0,1045520.0,14.0,7.851472317344251,0.2631132360318789,narrow,3333.3333333333335,-25.88969866666603,0.1485834973988671,Q2,3,-7.851472317344251,-25.88969866666603,2026-09,ALMS
MSTZ,2026-09-04,4.0,0.0,0.0,no_fill,0,0,4.497499999999999,2130621.0,2.012022194491656,48.06956315653351,2.0,0.5275152862701501,-2.124999999999999,1.0,0.8668817634462337,10.19283746556474,42.97245179063362,0.0128213347009423,22192427.85,14.80234033112435,-66.87370600414079,13.070112051649357,3.111979566489837,0.0,0.0,-0.1500316877271451,0.7155304972793932,4.0,4.0,4137311.0,14.0,3.9262868251519696,0.1440839807434785,narrow,3333.3333333333335,0.0,0.2039177413635946,Q3,2,-3.9262868251519696,0.0,2026-09,MSTR
