symbol,day,und,und_articles
SMST,2025-01-07,MSTR,3
PLTU,2025-01-15,PLTR,2
TSLL,2025-01-15,TSLA,10
MSTU,2025-01-17,MSTR,1
AVL,2025-01-30,AVGO,2
UBRL,2025-02-10,UBER,0
PLTD,2025-02-20,PLTR,11
ROBN,2025-02-26,HOOD,2
TSLS,2025-03-04,TSLA,10
CONL,2025-03-11,COIN,2
AVGX,2025-03-12,AVGO,1
AVL,2025-03-12,AVGO,1
TSL,2025-03-12,TSLA,22
PLTU,2025-03-12,PLTR,4
ROBN,2025-03-14,HOOD,2
PLTU,2025-03-14,PLTR,6
CONL,2025-03-14,COIN,2
SMCL,2025-03-14,SMCI,2
MSTZ,2025-03-18,MSTR,5
TSLG,2025-03-24,TSLA,13
TSL,2025-04-08,TSLA,10
AAPB,2025-04-08,AAPL,9
MSFU,2025-04-08,MSFT,4
GGLL,2025-04-08,GOOGL,2
AAPU,2025-04-08,AAPL,9
METU,2025-04-08,META,5
FBL,2025-04-08,META,5
MSTX,2025-04-08,MSTR,2
MUU,2025-04-08,MU,2
IONX,2025-04-09,IONQ,0
FIAT,2025-04-10,COIN,0
MSTX,2025-04-11,MSTR,0
TSMX,2025-04-11,TSM,1
ROBN,2025-04-22,HOOD,0
ROBN,2025-04-23,HOOD,0
AMZU,2025-04-23,AMZN,5
TSLQ,2025-04-30,TSLA,10
LLYX,2025-05-02,LLY,1
MSTU,2025-05-02,MSTR,10
ROBN,2025-05-08,HOOD,0
CONL,2025-05-12,COIN,2
SMCL,2025-05-13,SMCI,0
SMCX,2025-05-13,SMCI,0
NVDG,2025-05-14,NVDA,10
TSLG,2025-05-14,TSLA,8
CONI,2025-05-15,COIN,4
SMCL,2025-05-16,SMCI,2
TEMT,2025-05-29,TEM,2
SMCL,2025-06-06,SMCI,0
CONL,2025-06-06,COIN,2
RIOX,2025-06-06,RIOT,0
SMCZ,2025-06-13,SMCI,0
GMEU,2025-06-16,GME,0
RDTL,2025-06-16,RDDT,1
TEMT,2025-06-24,TEM,0
AMDL,2025-06-24,AMD,6
RDTL,2025-06-30,RDDT,2
MSTU,2025-07-02,MSTR,1
RIOX,2025-07-14,RIOT,2
RIOX,2025-07-16,RIOT,0
CWVX,2025-07-21,CRWV,2
DJTU,2025-07-22,DJT,3
IONZ,2025-08-01,IONQ,0
SMCZ,2025-08-01,SMCI,0
SMCL,2025-08-04,SMCI,1
AAPB,2025-08-07,AAPL,24
SMST,2025-08-25,MSTR,4
CRWG,2025-08-27,CRWV,2
CRWG,2025-09-05,CRWV,0
CRWU,2025-09-09,CRWV,2
CRCG,2025-09-15,CRCL,1
CRCA,2025-09-15,CRCL,1
CCUP,2025-09-15,CRCL,1
MVLL,2025-09-18,MRVL,0
CRCG,2025-09-18,CRCL,0
CCUP,2025-09-18,CRCL,0
CRCA,2025-09-18,CRCL,0
SMU,2025-09-19,SMR,0
IONZ,2025-09-22,IONQ,1
CRCA,2025-09-24,CRCL,0
CRCG,2025-09-24,CRCL,0
BMNU,2025-10-02,BMNR,0
MRAL,2025-10-02,MARA,0
CCUP,2025-10-02,CRCL,1
CRCG,2025-10-02,CRCL,1
CRCA,2025-10-02,CRCL,1
SMU,2025-10-06,SMR,0
SMCL,2025-10-13,SMCI,0
BMNU,2025-10-13,BMNR,2
MRAL,2025-10-13,MARA,1
BABO,2025-10-13,BABA,4
SMUP,2025-10-13,SMR,1
CCUP,2025-10-13,CRCL,0
CRCA,2025-10-13,CRCL,0
QUBX,2025-10-13,QUBT,0
CRCG,2025-10-13,CRCL,0
SMU,2025-10-13,SMR,1
CRWU,2025-10-13,CRWV,1
MSTZ,2025-10-14,MSTR,2
CRDU,2025-10-15,CRDO,0
SMCL,2025-10-15,SMCI,1
ARCX,2025-10-16,ACHR,1
RGTZ,2025-10-16,RGTI,3
HIMZ,2025-10-20,HIMS,0
MSTX,2025-10-20,MSTR,0
ARCX,2025-10-20,ACHR,1
IRE,2025-10-23,IREN,1
UPSX,2025-10-24,UPST,0
LABX,2025-10-24,ALAB,0
QUBX,2025-10-27,QUBT,0
NVDG,2025-10-29,NVDA,26
IONZ,2025-10-30,IONQ,0
QBTZ,2025-10-30,QBTS,0
RGTZ,2025-10-30,RGTI,0
SMU,2025-10-31,SMR,0
LABX,2025-10-31,ALAB,0
MST,2025-10-31,MSTR,8
CRCG,2025-10-31,CRCL,0
CRCA,2025-10-31,CRCL,0
HIMZ,2025-10-31,HIMS,0
UPSX,2025-10-31,UPST,0
BMNU,2025-10-31,BMNR,1
TSDD,2025-11-04,TSLA,11
SMCZ,2025-11-04,SMCI,1
MRAL,2025-11-05,MARA,4
HIMZ,2025-11-05,HIMS,0
NBIL,2025-11-05,NBIS,1
BMNU,2025-11-05,BMNR,1
IONZ,2025-11-07,IONQ,1
MVLL,2025-11-10,MRVL,1
LABX,2025-11-10,ALAB,0
CWVX,2025-11-12,CRWV,2
CRWU,2025-11-12,CRWV,2
CRWG,2025-11-12,CRWV,2
AMDL,2025-11-12,AMD,19
SMCZ,2025-11-17,SMCI,0
PTIR,2025-11-20,PLTR,5
IRE,2025-11-20,IREN,1
BAIG,2025-11-20,BBAI,1
HIMZ,2025-11-20,HIMS,0
RIOX,2025-11-20,RIOT,1
ASTX,2025-11-21,ASTS,0
OPEX,2025-11-21,OPEN,0
TSLR,2025-11-24,TSLA,8
ASTX,2025-11-24,ASTS,0
MRAL,2025-11-24,MARA,0
NBIL,2025-11-24,NBIS,0
BMNG,2025-11-24,BMNR,2
BMNU,2025-11-24,BMNR,2
NVD,2025-11-25,NVDA,16
SMCZ,2025-11-25,SMCI,1
RGTZ,2025-11-25,RGTI,0
BMNZ,2025-11-25,BMNR,1
QBTZ,2025-11-25,QBTS,0
BMNG,2025-11-26,BMNR,0
BMNU,2025-11-26,BMNR,0
MSTX,2025-11-28,MSTR,0
MRAL,2025-11-28,MARA,0
BMNG,2025-11-28,BMNR,0
CCUP,2025-11-28,CRCL,0
BMNU,2025-12-02,BMNR,2
SMU,2025-12-02,SMR,1
QUBX,2025-12-02,QUBT,1
BMNG,2025-12-02,BMNR,2
CCUP,2025-12-02,CRCL,1
CRCA,2025-12-02,CRCL,1
MSTP,2025-12-02,MSTR,5
OKLS,2025-12-05,OKLO,7
MRAL,2025-12-08,MARA,0
CCUP,2025-12-16,CRCL,1
CRCA,2025-12-16,CRCL,1
LABX,2025-12-17,ALAB,0
BEX,2025-12-18,BE,0
AVGG,2025-12-18,AVGO,3
IONX,2025-12-18,IONQ,1
CWVX,2025-12-18,CRWV,1
AMDL,2025-12-18,AMD,1
CRWU,2025-12-18,CRWV,1
QSU,2025-12-18,QS,0
LABX,2025-12-18,ALAB,0
MSTX,2025-12-19,MSTR,2
BMNU,2025-12-19,BMNR,1
NEBX,2025-12-19,NBIS,0
BMNG,2025-12-19,BMNR,1
IRE,2025-12-19,IREN,0
IREX,2025-12-19,IREN,0
NBIL,2025-12-19,NBIS,0
AMDL,2025-12-22,AMD,1
BMNZ,2025-12-24,BMNR,0
NBIG,2026-01-02,NBIS,0
NBIL,2026-01-02,NBIS,0
BMNG,2026-01-02,BMNR,0
PLTG,2026-01-05,PLTR,1
RIOX,2026-01-05,RIOT,2
BEX,2026-01-07,BE,1
AMDL,2026-01-13,AMD,4
BMNG,2026-01-14,BMNR,2
RIOX,2026-01-16,RIOT,2
SMU,2026-01-16,SMR,0
LABX,2026-01-16,ALAB,0
CRWU,2026-01-16,CRWV,3
RGTZ,2026-01-20,RGTI,1
IONZ,2026-01-20,IONQ,1
BMNZ,2026-01-20,BMNR,2
ARMG,2026-01-21,ARM,2
ORCX,2026-01-22,ORCL,0
RGTU,2026-01-22,RGTI,1
NBIG,2026-01-26,NBIS,0
NBIL,2026-01-26,NBIS,0
QBTX,2026-01-27,QBTS,4
CRWU,2026-01-27,CRWV,6
CRWG,2026-01-27,CRWV,6
OKLL,2026-02-03,OKLO,0
SMU,2026-02-03,SMR,0
CRMX,2026-02-03,CRML,1
BMNZ,2026-02-04,BMNR,2
LLYX,2026-02-04,LLY,8
IREZ,2026-02-04,IREN,1
DAMD,2026-02-04,AMD,24
QBTZ,2026-02-05,QBTS,0
MSTZ,2026-02-05,MSTR,2
CRWU,2026-02-06,CRWV,0
HOOX,2026-02-06,HOOD,1
HOOG,2026-02-06,HOOD,1
CWVX,2026-02-06,CRWV,0
CONY,2026-02-06,COIN,4
OKLL,2026-02-06,OKLO,0
ELIL,2026-02-06,LLY,1
QSU,2026-02-06,QS,0
MSTY,2026-02-06,MSTR,9
HOOW,2026-02-06,HOOD,1
RIOX,2026-02-06,RIOT,1
LLYX,2026-02-06,LLY,1
CONL,2026-02-06,COIN,4
SMCX,2026-02-06,SMCI,0
CIFU,2026-02-06,CIFR,0
ROBN,2026-02-06,HOOD,1
NEBX,2026-02-06,NBIS,0
SMCL,2026-02-06,SMCI,0
CRDU,2026-02-06,CRDO,0
LUNL,2026-02-06,LUNR,0
SOFX,2026-02-06,SOFI,0
RGTU,2026-02-06,RGTI,0
NBIL,2026-02-06,NBIS,0
SMU,2026-02-06,SMR,0
NBIG,2026-02-06,NBIS,0
CLSX,2026-02-06,CLSK,6
MSTZ,2026-02-09,MSTR,6
RGTZ,2026-02-09,RGTI,0
APPX,2026-02-10,APP,2
BMNZ,2026-02-10,BMNR,2
MST,2026-02-13,MSTR,1
QBTZ,2026-02-17,QBTS,0
IREZ,2026-02-19,IREN,0
CORD,2026-02-20,CRWV,3
BMNZ,2026-02-23,BMNR,4
MSTZ,2026-02-23,MSTR,3
MST,2026-02-25,MSTR,6
IONZ,2026-02-27,IONQ,2
CRCD,2026-02-27,CRCL,0
IREZ,2026-02-27,IREN,0
BMNZ,2026-02-27,BMNR,0
RGTZ,2026-02-27,RGTI,0
MSTZ,2026-03-03,MSTR,2
CRCD,2026-03-03,CRCL,1
IREZ,2026-03-03,IREN,0
CORD,2026-03-03,CRWV,0
QBTZ,2026-03-03,QBTS,1
IONZ,2026-03-03,IONQ,1
RGTZ,2026-03-03,RGTI,2
OKLS,2026-03-03,OKLO,0
NBIG,2026-03-04,NBIS,2
CRDU,2026-03-04,CRDO,0
IREZ,2026-03-05,IREN,5
DUOG,2026-03-05,DUOL,0
CORD,2026-03-05,CRWV,2
IREZ,2026-03-06,IREN,0
MVLL,2026-03-06,MRVL,17
IRE,2026-03-11,IREN,0
IREX,2026-03-11,IREN,0
IREZ,2026-03-12,IREN,0
NBIZ,2026-03-12,NBIS,1
NBIG,2026-03-13,NBIS,0
APLX,2026-03-13,APLD,0
BEX,2026-03-16,BE,0
MST,2026-03-16,MSTR,1
HOOG,2026-03-16,HOOD,1
CCUP,2026-03-16,CRCL,3
CRCG,2026-03-16,CRCL,3
RGTX,2026-03-16,RGTI,0
NBIZ,2026-03-17,NBIS,9
MSTZ,2026-03-18,MSTR,2
SMCX,2026-03-19,SMCI,1
CRCD,2026-03-19,CRCL,0
LUNL,2026-03-23,LUNR,0
ROBN,2026-03-25,HOOD,6
ARMG,2026-03-25,ARM,11
HOOG,2026-03-25,HOOD,6
GLWG,2026-03-25,GLW,0
ASTN,2026-03-26,ASTS,0
APLX,2026-03-31,APLD,0
IONL,2026-03-31,IONQ,1
IREX,2026-03-31,IREN,0
LITX,2026-03-31,LITE,1
NBIL,2026-03-31,NBIS,3
CRWU,2026-03-31,CRWV,3
LUNL,2026-03-31,LUNR,0
CWVX,2026-03-31,CRWV,3
NEBX,2026-03-31,NBIS,3
NBIG,2026-03-31,NBIS,3
IRE,2026-03-31,IREN,0
IONX,2026-04-01,IONQ,0
LUNL,2026-04-01,LUNR,1
BMNZ,2026-04-02,BMNR,2
CORD,2026-04-02,CRWV,1
CRCD,2026-04-02,CRCL,0
MSTX,2026-04-06,MSTR,1
SMU,2026-04-08,SMR,1
TEMT,2026-04-10,TEM,2
CCUP,2026-04-10,CRCL,0
NBIG,2026-04-14,NBIS,1
NBIL,2026-04-14,NBIS,1
NOWL,2026-04-15,NOW,0
SMU,2026-04-15,SMR,0
SOUX,2026-04-17,SOUN,0
SOFX,2026-04-17,SOFI,0
HOOG,2026-04-17,HOOD,0
OKLL,2026-04-17,OKLO,2
ROBN,2026-04-17,HOOD,0
SMU,2026-04-17,SMR,1
CRMX,2026-04-22,CRML,0
RGTX,2026-04-22,RGTI,0
OKLL,2026-04-22,OKLO,0
CRWG,2026-04-22,CRWV,1
IRE,2026-04-22,IREN,0
IREG,2026-04-22,IREN,0
CCUP,2026-04-22,CRCL,0
SMU,2026-04-22,SMR,0
APLX,2026-04-22,APLD,0
RDTL,2026-04-22,RDDT,1
CONL,2026-04-22,COIN,3
ROBN,2026-04-22,HOOD,2
QBTX,2026-04-22,QBTS,0
HOOG,2026-04-22,HOOD,2
AVXX,2026-04-22,AVAV,0
RCAX,2026-04-22,RCAT,0
CRCD,2026-04-23,CRCL,1
SMCX,2026-04-24,SMCI,0
CRWU,2026-04-29,CRWV,0
IREX,2026-04-30,IREN,0
IRE,2026-04-30,IREN,0
MRAL,2026-04-30,MARA,1
RDWU,2026-05-05,RDW,0
GLWG,2026-05-06,GLW,5
ASTX,2026-05-06,ASTS,0
RGTX,2026-05-06,RGTI,0
NOWL,2026-05-07,NOW,0
OKLS,2026-05-07,OKLO,0
CRCD,2026-05-07,CRCL,0
GLWG,2026-05-08,GLW,5
QCML,2026-05-08,QCOM,4
BMNZ,2026-05-12,BMNR,2
OKLS,2026-05-12,OKLO,4
CORD,2026-05-12,CRWV,0
OKLS,2026-05-14,OKLO,0
RGTZ,2026-05-15,RGTI,0
SMCZ,2026-05-15,SMCI,1
QBTZ,2026-05-15,QBTS,0
BMNZ,2026-05-15,BMNR,1
IONZ,2026-05-15,IONQ,0
APLZ,2026-05-15,APLD,2
CORD,2026-05-15,CRWV,1
MSTZ,2026-05-18,MSTR,3
BMNZ,2026-05-18,BMNR,2
CORD,2026-05-19,CRWV,0
GLWG,2026-05-20,GLW,0
QUBX,2026-05-21,QUBT,2
NBIG,2026-05-21,NBIS,4
CRWU,2026-05-26,CRWV,0
HIMZ,2026-05-27,HIMS,0
ASTN,2026-05-29,ASTS,1
SMCY,2026-05-29,SMCI,1
CRMG,2026-05-29,CRM,1
QBTZ,2026-06-01,QBTS,1
CRMG,2026-06-01,CRM,2
PLTZ,2026-06-02,PLTR,1
MSTZ,2026-06-02,MSTR,2
CRCD,2026-06-02,CRCL,1
OKLS,2026-06-03,OKLO,0
ASTN,2026-06-03,ASTS,0
NBIZ,2026-06-05,NBIS,0
BMNZ,2026-06-05,BMNR,3
IREZ,2026-06-05,IREN,0
SMCZ,2026-06-05,SMCI,0
RGTZ,2026-06-05,RGTI,0
CRCD,2026-06-05,CRCL,1
GLXU,2026-06-08,GLXY,0
BMNG,2026-06-08,BMNR,2
MSTZ,2026-06-09,MSTR,4
NBIG,2026-06-09,NBIS,6
SNXX,2026-06-09,SNDK,2
CRWU,2026-06-12,CRWV,3
FUTG,2026-06-12,FUTU,0
ASTX,2026-06-15,ASTS,0
CRCG,2026-06-15,CRCL,0
CRCA,2026-06-15,CRCL,0
BMNG,2026-06-15,BMNR,1
CWVX,2026-06-15,CRWV,0
SMCX,2026-06-15,SMCI,2
CRWU,2026-06-15,CRWV,0
RDTL,2026-06-15,RDDT,0
ONDG,2026-06-15,ONDS,1
QBTX,2026-06-15,QBTS,0
FUTG,2026-06-15,FUTU,0
OKLL,2026-06-15,OKLO,0
RGTX,2026-06-15,RGTI,0
RGTZ,2026-06-16,RGTI,1
AVGG,2026-06-17,AVGO,2
GLWG,2026-06-18,GLW,0
QCML,2026-06-18,QCOM,0
TSDD,2026-06-23,TSLA,13
CRCD,2026-06-23,CRCL,1
QBTX,2026-06-25,QBTS,0
IONL,2026-06-29,IONQ,0
MSTX,2026-06-29,MSTR,10
IRE,2026-06-29,IREN,2
PLTG,2026-06-29,PLTR,3
RDWU,2026-06-29,RDW,1
MSTZ,2026-06-30,MSTR,9
CRCD,2026-06-30,CRCL,0
BMNG,2026-07-02,BMNR,1
MULL,2026-07-06,MU,9
IREG,2026-07-06,IREN,1
APLX,2026-07-06,APLD,0
IREX,2026-07-06,IREN,1
BEZ,2026-07-07,BE,4
IREZ,2026-07-07,IREN,1
PLTZ,2026-07-08,PLTR,1
PLTZ,2026-07-09,PLTR,1
AAOX,2026-07-09,AAOI,0
LITX,2026-07-09,LITE,0
