symbol,day,sized_pnl,exit_reason,prev_vol,pm_volume,pm_dollar_vol,pm_range_pct,pm_n_bars
LAES,2025-01-02,943.327980000001,eod,0.0,12037603.0,86136080.84455705,17.467248908296934,330.0
KULR,2025-01-02,299.71591842003744,target,0.0,2246180.0,8427942.567386001,7.349081364829403,305.0
CRNC,2025-01-03,20575.357980891316,eod,0.0,9786467.0,101689788.84050305,30.20446096654275,93.0
ONDS,2025-01-03,-2662.977750000002,stop,0.0,9882844.0,31459714.348751016,23.114197530864192,323.0
DFNS,2025-01-06,887.9736634999994,eod,0.0,28031.0,690085.86165,6.5306122448979655,62.0
AMPG,2025-01-06,537.7981452500012,lock,0.0,2781473.0,12357600.307373995,23.07692307692308,292.0
LAES,2025-01-06,318.46646024999893,stop,0.0,17370788.0,148226251.39019004,21.714922048997785,330.0
PDYN,2025-01-06,80.46997387500096,target,0.0,955469.0,10419790.016556006,7.055998973672874,296.0
AUR,2025-01-07,309.1640200000024,target,8933722.2,17335630.0,160279568.80014712,43.77067254685777,330.0
SMST,2025-01-07,-273.9065174999996,stop,24148895.2,1649469.0,7541810.159117,5.376344086021505,279.0
SANA,2025-01-08,1088.1647775000013,tag_bb,6107611.5,30932146.0,180748178.19576803,56.27062706270626,330.0
KITT,2025-01-10,-152.2704717749989,tag_bb,26258144.285714287,793593.0,2593988.870838001,20.766109708954982,235.0
AMPX,2025-01-10,2864.863606529224,eod,6399507.428571428,109841.0,349613.81119800004,7.086956521739135,68.0
MYSE,2025-01-10,-1831.8989722879064,stop,24078170.666666668,3374086.0,13140952.609242998,37.499999999999986,184.0
GRRR,2025-01-13,-381.2686474999989,stop,5877391.875,1342060.0,17162551.499867003,33.43239227340267,197.0
SBIT,2025-01-13,6.096329987499534,stop,5678199.125,1286579.0,15439818.804329999,7.920792079207914,268.0
BTCZ,2025-01-13,-135.18471374999936,stop,786529.5,106686.0,645456.2286340002,4.075409836065569,51.0
ETHT,2025-01-14,-92.58308141249915,stop,1012445.2222222222,233564.0,4572942.525194,5.612244897959172,89.0
WKEY,2025-01-15,199.02430999999973,tag_bb,1987119.8,166903.0,1308978.8875010004,13.41614906832298,95.0
MSTU,2025-01-17,223.4542050000016,eod,52183548.16666666,6324795.0,77645491.77160701,6.096582704957483,330.0
RGTIW,2025-01-21,229.5134328750001,lock,1952746.3846153845,37087.0,162636.51028400002,7.573033707865183,36.0
KROS,2025-01-21,-78.14771841250031,eod,2372828.6923076925,170636.0,1981551.0251769999,8.413672217353206,63.0
NNE,2025-01-21,-126.19589237499972,tag_bb,4275605.307692308,127875.0,3321924.9174940004,6.412213740458014,127.0
MOB,2025-01-22,49.93181875000013,eod,474943.5714285714,76531.0,233924.67306099998,12.337261777215037,45.0
RCAT,2025-01-22,-5251.941269999982,stop,11379439.5,1067001.0,9622325.808385001,8.417697366944262,279.0
TSSI,2025-01-22,6083.392254750003,eod,970718.2142857144,55527.0,761463.2214249998,6.12023038156947,52.0
XCUR,2025-01-23,292.6863275,target,143986.6,138732.0,1918228.5983489996,21.38157894736842,117.0
PDYN,2025-01-23,-1708.432120545241,stop,10140560.266666668,851276.0,8310598.136292002,12.644710578842327,201.0
NTRB,2025-01-23,2217.8616182250057,lock,319032.93333333335,23285.0,177890.10169199997,9.192546583850945,35.0
QBTS,2025-01-28,17.784000000001647,target,106170384.22222222,2568187.0,14860797.392307006,4.753820033955862,312.0
AVL,2025-01-30,-2953.457542500001,stop,478459.4,91977.0,2636417.974233,4.085135599038784,94.0
KC,2025-02-03,118.79102964749976,lock,2268704.55,929574.0,13874504.815421995,19.78537894030851,212.0
NVDQ,2025-02-03,11.470497600001217,target,61445086.65,5415452.0,20613680.383378,7.08762886597938,307.0
ETHT,2025-02-04,-410.6101869365101,tag_bb,1330705.45,390701.0,5117151.226182998,10.490820532034471,163.0
ETHU,2025-02-05,-76.26275999999982,stop,30291754.95,8327884.0,39976369.58320797,7.377049180327876,329.0
NVNI,2025-02-05,-3630.9590131500017,stop,22983062.2,58504.0,355838.010853,8.589951377633701,74.0
KC,2025-02-06,112.72163625000177,tag_bb,3169843.35,252394.0,4257655.969899999,3.6406341749853257,146.0
PGY,2025-02-07,221.09212125000005,tag_bb,1587034.2,603340.0,7460214.715508001,11.55737704918033,252.0
TNXP,2025-02-07,687.1656000000005,lock,113674660.25,734294.0,9697288.044798998,21.203228173147473,100.0
ETHU,2025-02-10,4.02856750000065,target,34046611.85,5781296.0,24932995.747114006,4.624277456647403,324.0
GRRR,2025-02-10,162.5835250155394,eod,2554437.7,221889.0,4485147.107920999,11.497064579256367,121.0
SUUN,2025-02-10,-316.93063144301414,tag_bb,169841.6,71853.0,359183.896641,9.800000000000004,50.0
TSLT,2025-02-13,92.7717887999998,lock,2767006.95,430947.0,11262005.569604995,5.1242829827916,242.0
DOMH,2025-02-13,181.09309369725077,lock,3422982.2,784561.0,6567588.880605004,17.244525547445257,200.0
OPTU,2025-02-13,-5118.264000000003,stop,3298619.05,460251.0,1246357.8282319999,19.33333333333332,48.0
AIFF,2025-02-18,133.2685472000002,target,17373190.65,1420468.0,14440356.163791997,14.093959731543631,277.0
ETHU,2025-02-19,-8.941463474999882,stop,38392180.15,4582662.0,20423694.230818,4.48430493273541,322.0
BKSY,2025-02-19,-1129.4420560558565,stop,2098334.6,234967.0,4780307.974021002,7.410243902439033,148.0
GRRR,2025-02-19,-1094.678582843968,stop,2617633.95,107485.0,2958699.388569001,4.201668480232137,102.0
PLTD,2025-02-20,126.62496123750032,lock,3500114.75,1870284.0,27422275.197370004,6.5045992115637326,292.0
TUYA,2025-02-20,843.4561500000005,eod,4935103.6,468899.0,1529824.4499289999,7.999999999999993,99.0
BILI,2025-02-21,76.25629933999997,lock,8186895.25,1234144.0,28734247.404303007,7.46268656716418,275.0
CENX,2025-02-24,-162.69667750000045,eod,2018699.2,33799.0,613527.8400910001,7.049180327868848,20.0
KOLD,2025-02-24,-56.85781057875016,tag_b1,7809072.85,1955011.0,45083747.086049,4.882379050155339,315.0
SOUN,2025-02-26,119.53294666250082,eod,47280235.65,1062040.0,9802362.232837997,4.029692470837742,244.0
NVDX,2025-02-26,32.757448750001785,tag_bb,17058514.5,1005555.0,11824619.044718992,3.302286198137176,274.0
PDYN,2025-02-26,56.18579094000038,lock,4969483.85,159917.0,1013111.958482,7.718789076369699,134.0
ASPI,2025-02-26,-64.9112625000004,tag_bb,2006425.35,59192.0,262343.184879,6.236080178173724,37.0
LAES,2025-02-27,-259.58539407752704,stop,19467865.75,1841854.0,5900831.786816,10.638297872340429,240.0
EXFY,2025-02-28,182.57104687500023,eod,357141.8,18736.0,65162.532494,12.53644314868805,18.0
MLGO,2025-02-28,-161.7379499999989,stop,34729739.45,450499.0,2084370.5703619986,16.088005739504755,232.0
IBRX,2025-02-28,92.55755671875065,lock,5493054.4,549130.0,1713334.0654580002,5.862295081967224,175.0
CAPR,2025-03-04,-3405.41982,stop,1117339.5,556664.0,8629910.159122001,17.545514511873343,127.0
TSLS,2025-03-04,-1533.5053407000007,stop,10952848.7,2069735.0,23400643.681324992,5.139328054633669,241.0
JFIN,2025-03-05,-42.16316778749998,tag_bb,181970.15,7316.0,69495.400921,4.761904761904773,13.0
XNET,2025-03-05,503.7856339622743,eod,2949952.6,46450.0,183223.32878999997,4.773869346733678,49.0
UVXY,2025-03-10,-24.43905325000045,tag_bb,24367889.95,726862.0,18537152.357728988,6.741573033707859,247.0
FNGD,2025-03-10,195.98142000000055,eod,5545923.65,158304.0,2756905.7387469998,5.691487242531346,96.0
BTCZ,2025-03-10,-208.1363990650112,tag_bb,667861.35,18896.0,130447.40847399997,6.493506493506483,32.0
SKBL,2025-03-10,2058.094633447561,eod,1226600.9,21762.0,202615.00407599998,10.355648535564855,29.0
AVGX,2025-03-12,-167.34168,stop,1109970.4,243293.0,4947526.892865,9.644422795908428,123.0
FNGU,2025-03-12,-159.38719249999886,stop,738058.5,279564.0,4266232.023607,5.943152454780361,86.0
AMTM,2025-03-12,-52.92908887500025,tag_b1,2077702.15,1585153.0,27834689.135702,5.793871866295261,93.0
AVL,2025-03-12,-159.1103737500009,stop,542547.15,73988.0,1633475.9642900003,7.96064400715564,79.0
TSLT,2025-03-14,-183.48032000000023,stop,5439538.9,323529.0,3926553.907533002,3.8834951456310574,225.0
MLGO,2025-03-14,-118.84644987457474,tag_b1,36144841.0,365279.0,1579603.736976,11.888111888111883,99.0
ROBN,2025-03-14,552.2082300000002,eod,1039834.05,88838.0,940171.2609529998,6.0344827586206975,72.0
FNGU,2025-03-14,-99.61523249999922,stop,857575.3125,32653.0,483259.27426500013,2.4999999999999947,35.0
MSTZ,2025-03-18,-234.9878999999993,stop,23326167.4,1901296.0,29803393.06121799,6.475716064757167,299.0
VG,2025-03-19,-4043.3027250000014,stop,8929341.1,134558.0,1567428.8591590002,6.3203463203463235,93.0
HMR,2025-03-27,615.5691192380633,lock,8798889.55,268308.0,924957.6324360003,13.529411764705882,143.0
BIYA,2025-03-28,-439.7828139771862,tag_b1,998628.2,2578.0,16807.148992,3.7537537537537538,7.0
HERE,2025-03-28,707.7243654390508,lock,124151.75,11000.0,34997.56982,4.761904761904759,11.0
EBS,2025-03-31,-1699.826277599995,tag_bb,1402949.55,36755.0,175275.810461,8.847736625514417,36.0
GDXD,2025-04-04,743.5750317749996,eod,4252267.45,1043193.0,6983961.990587999,9.315866084425032,167.0
JDST,2025-04-04,480.25495999999913,eod,1288697.1,54325.0,935879.7188040001,4.628571428571422,48.0
TSL,2025-04-08,-155.4176249999972,stop,1104420.0,150085.0,1379987.0034200002,5.229455709711849,138.0
BYRN,2025-04-08,-159.39884880000005,stop,646420.0,12807.0,212799.234481,3.5119047619047614,18.0
CUK,2025-04-08,-40.489829999999486,tag_bb,1908193.8,137552.0,2109692.899043,5.768025078369906,113.0
PCN,2025-04-08,-148.02269787499932,stop,295719.6,10111.0,123153.057709,3.982926829268296,10.0
CDE,2025-04-09,346.8965812500006,eod,20418207.2,229009.0,1141426.795314,4.940711462450594,87.0
DRIP,2025-04-10,284.0814375000004,eod,1912959.3,26794.0,357702.111032,6.1940298507462686,28.0
SRTY,2025-04-10,47.6886637122002,lock,4297620.75,164821.0,4684408.247965999,7.6277116864940515,106.0
SPXS,2025-04-10,-47.42934567499995,tag_b1,96742256.8,3993578.0,29534204.96982201,6.266666666666663,307.0
FNGD,2025-04-10,-162.3553404999992,stop,6099927.05,665609.0,10090099.133383999,7.031250000000002,160.0
MSTX,2025-04-11,733.5405,eod,12535778.35,1571447.0,35132287.671408005,7.76173285198557,317.0
BBAR,2025-04-14,20.574783459998866,lock,701765.0,54843.0,1065543.8652100002,6.564102564102569,48.0
IOTR,2025-04-14,2306.609839794316,eod,0.0,41177.0,150158.02978899996,19.658119658119645,50.0
USAR,2025-04-16,551.4627402196041,lock,1831996.1,232494.0,3374643.5700639994,9.387755102040822,169.0
ROBN,2025-04-22,184.7694374999992,eod,3035302.95,40602.0,444236.26808599994,6.539509536784731,44.0
ETHU,2025-04-22,-29.47127999999968,tag_bb,30350396.95,146037.0,3951669.0919960006,7.042772861356933,159.0
ROBN,2025-04-23,-63.1382410999987,tag_bb,3047712.95,122664.0,1651459.2058600008,4.94737788971845,93.0
CADL,2025-04-24,-55.318735000000565,tag_bb,1078225.9,698949.0,3658152.3059279993,25.131736526946113,144.0
PONY,2025-04-28,2234.7682612500003,eod,5483873.15,864666.0,6545114.946058002,10.000000000000002,273.0
TMC,2025-04-28,1513.1224092899938,lock,13374452.85,339722.0,1084756.198503,9.146341463414629,118.0
TSLQ,2025-04-30,-173.16610320000035,stop,19633661.35,2800166.0,76333948.91419102,7.106963388370426,287.0
PONY,2025-05-02,778.272,eod,10288955.5,266312.0,2350074.4018359995,3.3557046979865857,156.0
OMH,2025-05-02,97.8769411949996,lock,4667500.05,8201.0,25321.520483,7.15312500000001,16.0
FETH,2025-05-09,-27.512407325000176,tag_bb,1505804.45,62901.0,1474944.9711749998,9.884959522795059,55.0
ALVO,2025-05-09,-175.92224639999864,stop,150482.45,91556.0,941820.2698999998,7.2549019607843155,35.0
ETHE,2025-05-09,-114.98961617443489,tag_bb,4247586.15,575670.0,11289916.084283998,11.629098360655735,180.0
SMCL,2025-05-13,1321.8173774999996,eod,1403729.05,119553.0,1195640.0695580004,6.376811594202899,98.0
SMCX,2025-05-13,1290.4167378375014,eod,3806626.15,324535.0,8810026.173970003,7.183279742765274,191.0
UPC,2025-05-13,107.1603401724996,lock,767487.3,715722.0,4010851.0868219985,93.92033542976941,187.0
NVDG,2025-05-14,-47.11255211250054,tag_bb,320588.6,44354.0,489642.58125200006,3.9963669391462266,60.0
ETHD,2025-05-14,-16.89203999999962,tag_bb,378669.7,175810.0,2721907.8683410003,6.752411575562693,126.0
CONI,2025-05-15,194.52777000000088,eod,689749.05,419825.0,2514448.7275510016,5.500733431124151,194.0
BNGO,2025-05-15,-459.8462429999989,stop,95023.05,51854.0,226416.49786799998,12.735849056603774,66.0
ETHT,2025-05-16,-21.4648587500008,tag_bb,4593534.3,189446.0,1699043.1084170004,6.2011173184357515,105.0
RPAY,2025-05-16,-107.93657965187523,tag_b1,2052041.45,18682.0,75828.50041699999,9.004952723998198,14.0
SMCL,2025-05-16,468.8882433886321,lock,1900798.85,283041.0,4822604.213131,9.375000000000005,151.0
ASST,2025-05-22,27129.826125,eod,36772934.9,1504452.0,14014032.481986,13.104048291640268,268.0
BKKT,2025-05-27,-159.1101674999994,eod,504675.5,14342.0,161486.486463,8.784383318544812,27.0
EDBL,2025-05-28,154.7291922750001,eod,10413362.3,93459.0,314038.01122299995,11.396011396011394,52.0
ALZN,2025-06-03,463.2702721212748,lock,4501816.85,1358920.0,5737096.894021998,44.23592493297587,289.0
UEC,2025-06-03,1262.0847899999987,eod,14673708.15,916526.0,5630984.038865,8.400646203554127,197.0
SXTP,2025-06-05,-807.8014495758243,stop,244033.55,16883.0,49587.47825400001,11.111111111111114,26.0
SPCE,2025-06-06,-222.8222637500002,stop,10452157.15,722290.0,2477389.909483999,12.60744985673352,225.0
SMCL,2025-06-06,-114.03538437499977,stop,2065828.8,111573.0,1569675.5787819999,3.2462949894142614,83.0
TWAV,2025-06-09,859.3147550000008,eod,177228.15,38442.0,131303.86929500004,12.753623188405793,36.0
QTRX,2025-06-10,-464.2616699999869,tag_bb,733925.9,22397.0,125811.05658,5.84070796460177,22.0
HERE,2025-06-10,16298.687160000009,eod,591104.6,57009.0,413944.959566,4.211956521739137,44.0
RGTIW,2025-06-11,118.78563030124972,lock,500973.35,29653.0,130241.40323499999,17.286652078774626,36.0
LAES,2025-06-11,-3757.329180000003,stop,18798505.95,1285507.0,5242951.730388,5.072463768115952,253.0
FMST,2025-06-11,-6298.093230000003,stop,1628635.2,65615.0,242190.25710900006,11.780821917808224,54.0
ARAI,2025-06-12,-959.3834399999888,tag_bb,2609381.210526316,77250.0,686453.8409970001,6.58636510789359,79.0
UMAC,2025-06-13,-61.904763,tag_bb,4022651.7,662663.0,5856483.310438999,7.045454545454535,229.0
SMCZ,2025-06-13,-100.39053020796528,tag_bb,3701432.5,253995.0,1881073.471387,2.684563758389264,145.0
SBET,2025-06-16,99.21014070000004,lock,9191941.8,4674466.0,52648146.54358004,20.718232044198896,321.0
RBNE,2025-06-17,2758.111640625,lock,5407783.4,652571.0,4441852.207018,28.04698972099852,229.0
XTIA,2025-06-17,-948.8258532000048,tag_bb,5787361.3,3610933.0,13904234.165739,73.17073170731709,306.0
AISP,2025-06-24,-266.0224999999997,stop,1121471.05,65382.0,356903.2365599998,6.3063063063063005,98.0
AMPX,2025-06-24,-159.0155877375006,stop,4613296.25,110937.0,405930.98575199983,9.80926430517712,57.0
TEMT,2025-06-24,-292.03774803750014,stop,1131339.35,36510.0,913295.392584,5.043685464654486,61.0
AISP,2025-06-25,-279.4470470999988,stop,1171038.05,169077.0,975295.9611439998,5.263065560253326,153.0
MFI,2025-06-26,75.90731975750026,lock,2625885.2,27740.0,140033.80428500002,11.474469305794617,29.0
SERV,2025-06-26,2816.2827000000125,eod,5722147.5,347818.0,3704946.0627830005,4.24044734389562,159.0
BDMD,2025-06-27,-88.44151875000058,tag_bb,213308.7,11902.0,57396.95688,15.106382978723405,23.0
NKTR,2025-06-30,-268.9746537500005,stop,4826590.45,65764.0,1765455.4744769994,7.325275530250059,85.0
MSTU,2025-07-02,-121.268979699999,stop,38150718.4,3877144.0,29977254.139211006,3.741935483870968,293.0
PRME,2025-07-03,-3539.7928462500013,stop,3547328.5,80859.0,262068.74102099997,6.48148148148148,43.0
DAIC,2025-07-07,634.6363541597337,lock,5656121.777777778,87922.0,562878.583152,12.283464566929124,90.0
XRPT,2025-07-14,45.60965325000012,lock,237055.65,331543.0,6902451.5038169995,7.398452611218557,210.0
NB,2025-07-14,-62.88172499999939,tag_bb,1474979.4,48634.0,157878.247357,7.902735562310023,32.0
BTCS,2025-07-15,-169.69253749999837,stop,10958589.8,597059.0,2543734.602503,5.244755244755236,187.0
ZEPP,2025-07-15,1459.7300417700085,lock,1099999.0,30729.0,316395.33309800003,7.418111753371864,33.0
SOLT,2025-07-16,-41.70766949999926,tag_bb,1265736.65,309940.0,5549898.936951001,6.485587583148549,227.0
RIOX,2025-07-16,-913.104989273074,eod,731478.0,29085.0,505539.95205300004,3.80249716231556,36.0
HELE,2025-07-16,-189.70179990806352,tag_bb,1103035.4,63431.0,1337588.3361230001,4.418625202907918,53.0
ZEPP,2025-07-17,61.44790056500033,lock,1272168.8,66660.0,911259.7654700002,10.537334263782274,66.0
XRPT,2025-07-18,-128.79349098750018,stop,469062.2,443494.0,12483878.57094499,14.700173555768078,257.0
DJTU,2025-07-22,-285.06360000000075,stop,314470.15,47999.0,615200.141384,5.378020265003893,57.0
ALMS,2025-07-25,-220.8659124999997,stop,747535.9,20239.0,82498.657863,4.15647921760391,21.0
OMER,2025-07-25,-5517.068444999995,stop,966140.15,163904.0,619917.500837,17.64705882352942,43.0
XRPT,2025-07-28,-1641.7651077000028,stop,991445.85,316932.0,7414515.003712004,9.199469261388758,176.0
FRMM,2025-07-29,-273.5493327499985,stop,6036893.9,,,,
QURE,2025-07-30,599.4706201500028,lock,1181097.25,136675.0,2029810.1709560005,9.38967136150235,83.0
ASST,2025-08-04,51.7459004425007,lock,7662928.3,55311.0,171605.18435399997,10.09463722397476,60.0
SMCL,2025-08-04,-14.339257799998252,eod,1106121.85,65925.0,1596933.2957089997,3.4156378600822976,63.0
PCT,2025-08-08,-353.457794999999,stop,3272662.25,35015.0,455954.661074,5.690440060698028,30.0
CYD,2025-08-08,907.9031888550096,lock,223001.8,32279.0,904885.6283169999,4.545454545454546,40.0
AXG,2025-08-11,-280.45870874999974,stop,443981.15,194523.0,886777.7034960003,9.761388286334059,45.0
MNTN,2025-08-11,-264.30637499999887,stop,824089.8,25805.0,578295.1535830001,14.957264957264957,20.0
UAMY,2025-08-11,-615.4035775392632,stop,6007334.95,437135.0,1699400.7506029995,7.532467532467534,126.0
NCNA,2025-08-12,53.220412151250336,lock,186988438.0,107192.0,490292.0035740002,13.080168776371309,104.0
ICHR,2025-08-12,-24.918894999999747,tag_bb,1031628.35,31747.0,525637.7543699999,4.381345926800474,31.0
SOLZ,2025-08-13,-30.479504999999744,tag_bb,851123.35,299034.0,6595292.942617001,3.587443946188344,116.0
SOLT,2025-08-13,-130.38149610448275,tag_bb,4058014.65,1818495.0,44134572.569358,7.6923076923076925,313.0
SY,2025-08-18,-118.06342249999852,stop,1783476.75,181764.0,731076.534073,4.962779156327548,75.0
WBTN,2025-08-18,86.2451543891349,tag_bb,1174219.6,40231.0,624965.835765,6.1946902654867175,58.0
TGEN,2025-08-18,-605.8590428795728,tag_bb,1035245.45,58520.0,510444.23333400016,4.494382022471914,52.0
SOLT,2025-08-20,-104.94399200000002,stop,4279617.85,544416.0,10498149.964482997,4.289909416255347,225.0
ALM,2025-08-20,-244.2036756249996,stop,1061886.7,34688.0,145683.002646,3.962703962703961,24.0
NCNA,2025-08-21,1134.4092220799937,lock,129275877.8,53152.0,177669.16432200003,4.477611940298504,63.0
HERE,2025-08-22,11.951026312500268,lock,582658.95,76518.0,649280.5444410001,5.029239766081868,49.0
LPTH,2025-08-22,-162.2962331123508,tag_bb,362828.3,49026.0,193459.047906,6.310606060606055,25.0
BTCZ,2025-08-25,-24.721035462499383,tag_bb,1525049.55,92454.0,283295.570419,4.224335847818958,42.0
SMST,2025-08-25,-155.78930054999978,stop,1445952.25,167561.0,4630425.140917,3.2140248356464536,101.0
CRWG,2025-08-27,-184.9857774999991,stop,1236361.8333333333,263556.0,1812443.8300349999,5.043227665706047,150.0
TONX,2025-08-28,-518.4210102315087,tag_bb,2062260.8,7807.0,122352.864041,6.881028938906743,11.0
CNTN,2025-08-29,457.712870477115,lock,30488577.1,1276420.0,8764330.708893,19.96927803379416,217.0
PMI,2025-09-02,4167.36926999999,eod,0.0,80618.0,377841.7593939998,6.185567010309275,80.0
LPTH,2025-09-03,-1604.982836099984,tag_bb,902390.55,973207.0,5697227.930849999,22.757475083056484,62.0
YDKG,2025-09-04,168.7434519375003,lock,1479553.6,11044.0,55510.291474,5.252525252525248,14.0
NAKA,2025-09-05,595.8698049999999,eod,1234409.4,1742297.0,6660731.818109003,48.857142857142854,260.0
SOLT,2025-09-08,-321.27365141511257,stop,6322702.5,1820156.0,46406440.027079985,8.77464244298415,292.0
TGEN,2025-09-09,-182.65140276249952,stop,859949.45,20364.0,141689.947407,2.4285714285714275,26.0
CRWU,2025-09-09,-87.10196641159804,tag_bb,381181.55,96026.0,1356824.1507359997,5.840957072484166,72.0
FCHL,2025-09-11,795.163302500002,eod,2771239.4,223295.0,1027061.250455,11.555555555555546,51.0
OPAD,2025-09-11,483.4631065557744,lock,22620370.05,743636.0,3189544.1197160003,12.348668280871687,180.0
PACS,2025-09-11,2978.606059935008,eod,757280.9,377541.0,3078013.115415,10.735826296743072,48.0
ZONE,2025-09-12,-210.84751302213868,tag_bb,2077944.65,1017840.0,4616270.705103998,24.378682196790137,277.0
CNTN,2025-09-12,-985.292655965932,stop,31263505.15,170454.0,587914.4368539996,8.059701492537313,112.0
CRCG,2025-09-15,-58.42903249999704,tag_bb,1032886.75,274749.0,2432551.4243360003,4.94266813671444,207.0
CRCA,2025-09-15,-75.55443999999903,tag_bb,2175192.8,533422.0,7508177.444008,4.770674079221685,241.0
CCUP,2025-09-15,-49.54195739999927,tag_bb,289014.95,140299.0,2071788.5631569999,5.08250825082508,133.0
USAR,2025-09-16,-4967.404734599983,stop,4541513.85,647656.0,9300825.030148,6.5068493150684885,108.0
DFNS,2025-09-18,73.14164962499993,eod,11506326.05,1688447.0,10112265.717585001,20.000000000000007,113.0
MVLL,2025-09-18,2.4284831999995085,eod,1572738.75,84954.0,1516379.2541949996,4.643449419568822,74.0
SMU,2025-09-19,-329.8627326750109,tag_bb,1056997.05,249649.0,6156486.463799998,8.192771084337346,197.0
IONZ,2025-09-22,-183.05403214016584,tag_bb,8479238.25,10566497.0,46011725.794656016,13.470319634703193,325.0
BKKT,2025-09-23,-1252.626959999986,tag_bb,2063301.3,233486.0,3589592.538023999,8.653846153846152,125.0
CRCA,2025-09-24,-196.00542499999952,stop,2978471.05,366060.0,5544723.946447002,5.522682445759368,224.0
CRCG,2025-09-24,-211.07773860000023,stop,1662999.95,166624.0,1593095.2037130003,5.90673575129534,133.0
FOFO,2025-09-24,1159.423871340004,lock,1604019.625,7655.0,128376.13767099999,9.216867469879514,18.0
HYPD,2025-09-26,-167.6340075000013,stop,1142077.8,12307.0,111336.58854200001,5.616740088105725,18.0
IONR,2025-09-26,695.7116442936122,lock,85248.0,144776.0,746087.9141589998,14.34343434343434,85.0
SOLT,2025-09-29,1589.5602729236286,eod,7420809.5,1327088.0,30309550.685697995,6.087340097044548,265.0
BKKT,2025-09-29,20762.19768000001,eod,2919208.7,71057.0,1325505.8576030002,5.1482059282371395,72.0
TONX,2025-09-30,-159.3289949999997,stop,993782.9,13198.0,95453.92483300001,2.203856749311297,15.0
BMNU,2025-10-02,-323.76382500000017,stop,0.0,355080.0,10441517.641555002,3.6872652782519695,217.0
RZLV,2025-10-02,-11.065885950000029,tag_bb,28861319.35,2826273.0,15174201.026829999,4.990757855822559,287.0
MRAL,2025-10-02,49.24753269738802,lock,626555.95,60344.0,1513318.753956,5.04930966469427,59.0
CCUP,2025-10-02,1269.03431865,eod,593003.65,45670.0,703805.5369789999,3.022508038585213,76.0
BTQ,2025-10-03,-27.251269100000016,tag_bb,5680126.4,707050.0,5027653.946069998,15.094339622641511,251.0
KULR,2025-10-03,4342.19298,eod,1578435.2,180625.0,899644.0995369995,5.3571428571428665,105.0
DGNX,2025-10-03,-2096.503919999972,tag_bb,607502.65,14947.0,248737.977345,7.59717314487632,16.0
KSCP,2025-10-06,284.0814375000012,eod,315703.7,47707.0,314693.787762,8.421052631578942,65.0
AISP,2025-10-06,592.6455625000012,eod,1078215.4,428994.0,2727889.422038,14.719999999999999,109.0
ALM,2025-10-07,-24.922914999999502,tag_bb,1282761.95,165245.0,1164831.3897189996,5.196629213483147,78.0
GMEX,2025-10-08,-919.4758208418036,stop,646696.2,407881.0,2460117.970935002,22.76801721046971,146.0
NMG,2025-10-08,1701.2816443972151,eod,238598.8,8038.0,25437.134751999998,3.7500000000000036,9.0
HIT,2025-10-08,-556.2754456771881,tag_bb,389835.8,32539.0,124855.66574899996,4.896907216494844,32.0
INFQ,2025-10-09,-1060.8667543283868,stop,4145825.2,473086.0,9512830.364358002,6.693108577094701,202.0
OMEX,2025-10-09,-704.363457324079,stop,2714456.4,415468.0,1311365.1653609998,14.826498422712941,114.0
SLI,2025-10-10,-78.24041999999945,tag_bb,4441559.05,125501.0,579439.5083640001,6.681034482758632,67.0
PDYN,2025-10-10,-71.28459300000071,tag_b1,2617470.2,126003.0,1235682.087688,5.120481927710841,126.0
HSDT,2025-10-13,-24.883840199999604,tag_bb,1967758.95,19248.0,285415.119206,10.269576379974325,21.0
ICHR,2025-10-13,294.7583999999995,eod,1134998.7,3623.0,69217.083984,6.510416666666667,9.0
FLNC,2025-10-13,383.9393675000008,eod,8464862.35,316991.0,4411582.070557001,6.389088298636028,184.0
STEM,2025-10-13,201.13454625000028,eod,429089.3,12985.0,289556.00758,6.801801801801808,30.0
MSTZ,2025-10-14,-166.64478749999893,stop,22274118.65,3876932.0,22100441.873980027,7.6182136602451935,294.0
QCLS,2025-10-15,-63.91198874999986,tag_bb,4113692.7,22001.0,98848.11139800001,9.586056644880165,24.0
CRDU,2025-10-15,-257.86046000000005,stop,216034.1,45475.0,731539.6450500004,10.174781523096124,59.0
OLOX,2025-10-16,-234.96532874999957,stop,4359740.35,154608.0,503857.17276100005,15.076923076923082,74.0
ARCX,2025-10-16,-510.1536412500007,stop,765774.7,38946.0,1055567.3824550002,8.23441682600383,56.0
DUST,2025-10-17,368.48629361250033,eod,12551934.9,2394584.0,21846815.095569998,8.043478260869568,235.0
OLOX,2025-10-17,-674.5730197391401,tag_bb,4515250.15,12872013.0,57520302.725347996,49.09090909090909,327.0
KZR,2025-10-17,4175.1996000000045,eod,137722.85,1240564.0,7212225.223049997,14.638447971781307,262.0
HIMZ,2025-10-20,-201.5600649999993,stop,5661324.45,1133135.0,18900227.204548005,4.466944609886838,283.0
HYMC,2025-10-20,169.59023250000092,eod,1639012.55,36104.0,294834.89249,6.354916067146296,22.0
BTCZ,2025-10-22,-34.980218749999835,tag_bb,2402644.85,64234.0,197736.90336199998,2.418300653594766,42.0
ETHD,2025-10-22,-109.45658249999866,stop,52888850.3,1874591.0,7574387.954008998,5.00625782227784,264.0
AVTX,2025-10-23,82.4182370399993,lock,523025.65,24627.0,446715.918936,16.011560693641616,13.0
SOLT,2025-10-23,-167.05117500000011,stop,9482816.0,1641861.0,28988926.67204901,7.500000000000008,285.0
QUBX,2025-10-27,107.84528580125048,lock,3375797.3,227024.0,3174536.7077159993,3.972303206997084,145.0
VELO,2025-10-27,145.7766023925012,lock,1160933.55,28843.0,159616.64762899996,5.026929982046667,24.0
BTQ,2025-10-27,-470.1468427402089,tag_bb,11118740.95,771110.0,7468021.533986999,8.157099697885183,217.0
NEUP,2025-10-28,62.915694367500826,lock,4603374.6,78143.0,379436.321646,7.708333333333337,68.0
FRMM,2025-10-28,-263.68309798907325,tag_bb,8113807.2,193833.0,4288208.836728,12.037470725995316,123.0
FRMI,2025-10-28,5868.055515000007,eod,8517018.631578946,249310.0,6338434.332090996,5.873201089070393,134.0
CLIK,2025-10-29,-328.90850999999844,stop,1460973.45,98950.0,828114.8405789997,21.179302045728047,81.0
NVDG,2025-10-29,-101.35076131606202,tag_bb,314987.4,67554.0,1643290.1965619999,3.485034850348509,77.0
IONZ,2025-10-30,-237.7681013000007,stop,75029839.2,3273096.0,12083155.646351991,8.201058201058203,270.0
QBTZ,2025-10-30,-296.93371499999887,stop,4814090.882352941,368282.0,4766157.902897997,9.050974512743627,126.0
SMU,2025-10-31,118.25043125000002,lock,5151872.1,182940.0,4557579.027413,3.3319951826575607,175.0
CORZ,2025-10-31,-160.9469562500007,stop,20344992.5,850743.0,18699937.093211,4.062072113190326,123.0
LABX,2025-10-31,149.82798371499996,lock,691852.8,36091.0,753978.285402,6.338028169014091,34.0
FRMI,2025-11-03,-44.19340624999945,tag_bb,5440657.2,110970.0,3012545.7496340014,4.891304347826092,89.0
NVA,2025-11-05,-239.86754000000045,stop,1539733.2,26977.0,180286.84342999998,9.479999999999999,32.0
MRAL,2025-11-05,95.23652039999914,lock,1152118.5,52167.0,977014.2527059999,6.982521186440682,51.0
VELO,2025-11-05,518.7314400000004,eod,1107472.85,10804.0,48631.37642099999,4.867256637168136,13.0
BW,2025-11-06,-197.38764039194373,eod,3253465.15,289188.0,1482214.0079259998,9.306930693069303,104.0
MSGM,2025-11-07,-1042.6065166272035,stop,741196.55,49778163.0,244857902.590358,37.14204083426737,330.0
RXRX,2025-11-10,-37.75880249999918,stop,68154997.15,1547693.0,7467633.487986999,2.65848670756646,257.0
VIVO,2025-11-10,-117.00694500000024,stop,604270.35,35575.0,120165.30114800001,7.017543859649117,27.0
VVPR,2025-11-10,-117.00694500000024,stop,604270.35,35575.0,120165.30114800001,7.017543859649117,27.0
NVDX,2025-11-10,6.074695000001493,tag_bb,11025325.45,787077.0,15754169.593075998,2.0781791192478876,209.0
XPEV,2025-11-11,-320.8203257276636,stop,10679941.5,3253505.0,88948799.87148602,3.938730853391691,285.0
CWVX,2025-11-12,-77.29138874999919,tag_bb,7089971.6,1409426.0,11378211.339809993,7.358262967430644,251.0
CRWU,2025-11-12,-258.923538375,stop,543510.5,147391.0,1456809.3264219996,6.9444444444444375,68.0
XXRP,2025-11-13,-177.5748375500006,stop,1659278.65,275024.0,5663049.987131,7.147786650892236,142.0
ENGN,2025-11-13,-60.0858343437502,tag_b1,2901904.7,251082.0,2316511.697846,9.78260869565218,90.0
XRPT,2025-11-13,-167.6068511249992,stop,1875664.9,465613.0,4667071.210849996,6.097560975609753,201.0
DGNX,2025-11-17,799.8578925000007,eod,871494.85,44045.0,526428.984447,10.508474576271187,54.0
SMCZ,2025-11-17,-46.4240325000002,tag_bb,9936155.95,87018.0,478374.51836499997,10.332749562171626,58.0
PACS,2025-11-17,5434.333732799194,eod,622806.2,123447.0,1581486.5425399998,22.041763341067284,20.0
SOLT,2025-11-18,146.17980881250082,tag_bb,11018466.15,1886015.0,16091078.304922,6.529359206396484,260.0
SOLZ,2025-11-18,-98.13698374999905,stop,1480135.5,248772.0,3542694.5042299996,2.990264255910985,70.0
SSK,2025-11-18,-37.993756249999,tag_bb,578125.5,61558.0,1293383.163901,7.135721421435706,22.0
ETHD,2025-11-19,1112.7562371998215,eod,50747953.2,4538199.0,24763644.760074012,7.001795332136439,254.0
ATLX,2025-11-19,-434.8880549999935,tag_bb,625675.65,122306.0,671307.7970309999,7.27272727272728,42.0
CLSK,2025-11-20,-214.08094415000008,stop,29734164.3,978689.0,10495870.783762999,4.859813084112146,200.0
AXTI,2025-11-20,-251.24395,stop,4162245.4,99605.0,1068742.3109910002,4.967846990312691,32.0
ORGO,2025-11-20,-367.4190743749988,stop,2943375.1,9008.0,48186.188428,5.656934306569336,11.0
ASTX,2025-11-21,-1932.3944134038427,stop,1036224.75,255124.0,6458910.475378002,23.2771822358346,137.0
OPEX,2025-11-21,770.9137500000204,eod,494418.9,24695.0,421071.13907999994,19.249862107004965,35.0
TSLR,2025-11-24,185.09414000000015,eod,2688307.55,121265.0,3136827.264232,2.9255319148936154,81.0
ASTX,2025-11-24,-51.32727374999968,tag_bb,1038009.8,43415.0,1088176.9290400003,6.770428015564196,62.0
XXRP,2025-11-24,-41.61587368749992,tag_bb,1854574.45,145890.0,2041740.179577,5.476802284082802,83.0
XRPT,2025-11-24,-25.46210187500021,tag_bb,2215566.3,419793.0,2844005.9612140013,5.743740795287183,148.0
NVD,2025-11-25,59.10815179500011,lock,34818404.7,3495255.0,32103856.77530397,5.513513513513511,315.0
SMCZ,2025-11-25,-780.6326238579707,stop,8287580.85,100947.0,657861.2035590002,7.132018209408204,80.0
RGTZ,2025-11-25,362.391831935711,lock,18402706.5,1296667.0,30278391.238901,7.971912432878975,263.0
BMNZ,2025-11-25,-1094.16888349133,stop,985972.0,573099.0,15593134.149511004,9.6022930849158,230.0
CMCT,2025-11-26,1517.1938896406086,eod,3394408.4,9099.0,27173.149584999996,7.6158940397351,13.0
BMNG,2025-11-26,-2763.3754565999925,stop,712626.55,219887.0,937088.227666,8.425720620842569,78.0
FLNC,2025-11-26,2559.347249999998,eod,7839622.3,191958.0,3325041.816079,6.267806267806256,83.0
KEEL,2025-11-28,436.1647499999998,eod,73329583.7,3363744.0,11009405.43806999,6.804733727810651,235.0
MSTX,2025-11-28,-710.908185431692,stop,22414130.3,2186811.0,12552641.073286997,6.100867678958791,258.0
MRAL,2025-11-28,97.50754955703609,eod,1103475.2,94365.0,738133.0446380001,6.208783156660642,66.0
OLOX,2025-12-01,-3665.804519999985,stop,18217280.15,460311.0,1693786.340196,24.857142857142872,214.0
FOSL,2025-12-02,-191.6625750000005,stop,1166606.5,107398.0,374279.64499100007,12.942318439862339,34.0
BMNU,2025-12-02,-214.2745863500002,stop,22421781.8,5610811.0,36928102.754076004,11.045167371102895,322.0
GME.WS,2025-12-03,52.476311370000666,lock,737027.65,103877.0,448399.637025,8.726415094339625,81.0
XXI,2025-12-03,-469.4749999999991,stop,293897.5,40143.0,538053.9958179999,12.615384615384606,41.0
RUBI,2025-12-03,-306.0426000000001,stop,87958105.3,684104.0,2121094.209004999,26.656666666666666,226.0
QCLS,2025-12-04,34987.79583000001,eod,2922456.05,6633992.0,36217149.263504006,26.363636363636367,160.0
OKLS,2025-12-05,-67.29933000000008,eod,464375.6666666667,177597.0,2049922.6319670004,6.055363321799317,137.0
XXI,2025-12-05,-129.33947999999936,tag_bb,389696.3,42721.0,644964.2975190001,9.204470742932283,50.0
LGHL,2025-12-05,-3347.934299999991,stop,161518.25,2669323.0,16324460.033601005,64.6817248459959,320.0
CAPR,2025-12-05,-4993.540800000008,stop,5435692.05,572516.0,15196750.358057,8.231922068190341,141.0
CMCT,2025-12-08,3404.1726286625008,eod,4124222.0,95805.0,393107.37238899997,11.63337541149972,56.0
MRAL,2025-12-08,-41.461594389131534,tag_bb,1209716.4,31824.0,267453.641863,2.741358760429087,25.0
XXI,2025-12-10,-120.91976749999957,stop,1064882.05,447642.0,5411216.865192002,21.219512195121943,160.0
AIRJ,2025-12-11,118.78595145000251,eod,375827.05,118191.0,391785.818486,12.312312312312317,63.0
ACIU,2025-12-12,83.96611910624969,lock,1230702.6,131583.0,445341.8252099999,11.403508771929815,105.0
PL,2025-12-12,43.7682855000017,target,10153413.0,889449.0,16054991.421200994,5.850487540628396,207.0
WHLR,2025-12-12,-1368.0628642896468,stop,5181647.65,2155767.0,7414591.766585998,33.73493975903614,267.0
AMCI,2025-12-15,5744.248526975,eod,837445.35,7197829.0,30015708.42816803,70.91412742382272,329.0
AIRJ,2025-12-15,-280.5661644625001,stop,447756.3,3640.0,13151.893868000001,6.14525139664805,8.0
ZDGE,2025-12-15,-541.631025000012,tag_bb,2608957.65,208054.0,575022.1558110003,13.99317406143345,112.0
CCUP,2025-12-16,525.694107,eod,1651657.9,247366.0,1038828.2607729998,10.849056603773583,108.0
CRCA,2025-12-16,518.9866050000015,eod,11742769.55,2292715.0,8961372.598971006,11.278195488721808,273.0
GALT,2025-12-17,-367.0101899999992,stop,482661.95,100.0,630.0,0.0,1.0
ULCC,2025-12-17,-228.63683249999963,stop,4936096.05,43572.0,238418.45789000008,7.299270072992707,39.0
LABX,2025-12-17,-762.6497399999989,tag_bb,863309.45,59508.0,745321.708538,8.486562942008486,59.0
CORZ,2025-12-18,72.66167187499916,tag_bb,11895124.6,499134.0,7108398.469087001,6.418219461697721,86.0
ETHE,2025-12-18,32.32808800000008,target,8076034.4,479871.0,11541477.275462998,4.934210526315787,107.0
SPIR,2025-12-18,-244.85110124999864,stop,614642.8,208468.0,1601344.629025999,16.576086956521735,116.0
BEX,2025-12-18,-90.0531562499992,tag_bb,700850.7,96128.0,796669.0192669999,13.133640552995379,53.0
XRPT,2025-12-19,24.06567159621222,lock,2415400.85,381592.0,1972347.7518580004,6.3583815028901745,128.0
MSTX,2025-12-19,-38.49876224999965,eod,42462571.85,2687210.0,12164993.377636002,4.872646733111844,287.0
AMDL,2025-12-22,5.871231750000002,target,9235618.8,982674.0,15855863.833619008,4.313487241798293,224.0
BMNZ,2025-12-24,-67.25137312500055,stop,5094734.35,388332.0,8021016.804385999,4.777830864787386,196.0
FJET,2025-12-24,-369.2771099999998,stop,0.0,973608.0,14499714.967475,26.056338028169012,273.0
ZSL,2025-12-29,212.7819085875005,lock,13383095.2,21231343.0,110566727.86261795,19.30783242258653,323.0
FLYE,2025-12-30,-321.92806045462044,tag_bb,1164721.35,1930929.0,15229167.953364003,53.7202380952381,282.0
AXTI,2025-12-30,-2590.278900000001,eod,3997276.45,184121.0,2793189.680858,5.04918032786885,43.0
ANGH,2025-12-31,340.3498999999997,target,112557.8,19435805.0,76984262.08438702,26.225490196078425,330.0
ULY,2025-12-31,2102.271692195469,tag_bb,484786.6,1394904.0,4734903.186579999,19.764011799410028,261.0
DFLI,2026-01-06,72.2735951699992,lock,5732792.3,42681.0,187675.84403300003,8.94495412844036,52.0
AIRO,2026-01-06,-3829.172192999984,stop,663463.35,80144.0,855259.8390310002,7.026875175578246,51.0
ZSL,2026-01-07,37.38288133926275,lock,52420857.4,35654847.0,151285450.59298408,8.07381776239909,298.0
BEX,2026-01-07,-440.09295849400047,tag_bb,633480.3,37804.0,510488.803285,12.639664804469279,28.0
SOLT,2026-01-12,79.85109687500062,eod,9916114.55,875070.0,7053804.618791003,6.398996235884565,226.0
AMDL,2026-01-13,1315.4077774901234,eod,7082608.45,1705399.0,26072567.61870101,7.40347490347491,275.0
DGXX,2026-01-13,-635.4941118253593,stop,4112122.05,409865.0,1326771.123736,11.65644171779141,147.0
BGDE,2026-01-13,-2638.674719999992,stop,528575.3,33425.0,148524.95960399997,11.409395973154359,43.0
MIGI,2026-01-13,-2638.674719999992,stop,528575.3,33425.0,148524.95960399997,11.409395973154359,43.0
BMNG,2026-01-14,1599.8749976100078,lock,7349622.45,878616.0,3739455.487200999,5.140186915887865,214.0
ZSL,2026-01-15,-143.86718749999957,stop,95547099.0,38095525.0,116161107.82548502,9.983896940418681,301.0
ROLR,2026-01-15,3815.116905600007,lock,4301329.15,4846887.0,110432926.87594001,34.7391304347826,318.0
RIOX,2026-01-16,-170.29477999999844,tag_bb,510904.3,118875.0,1538702.339321,15.060240963855422,35.0
SMU,2026-01-16,1770.935277400936,eod,2077606.05,248514.0,4550049.827234001,4.909983633387901,157.0
RGTZ,2026-01-20,-255.7749037499992,stop,5588566.4,1152770.0,18786215.45399801,8.803471791692509,284.0
ARMG,2026-01-21,-1624.3614000000107,eod,424543.1,142234.0,825763.1595740003,8.103448275862064,69.0
ORCX,2026-01-22,53.479760000000674,target,3675075.1,781507.0,11156328.108095,4.878048780487813,233.0
ROLR,2026-01-22,-176.76337143749856,tag_bb,6241357.2,2103908.0,22674729.90674202,33.604887983706725,300.0
RGTU,2026-01-22,-61.696696874999695,tag_bb,385342.6,48498.0,844077.7810849998,5.690140845070411,37.0
SPIR,2026-01-23,-172.21905625000096,tag_bb,811220.35,18008.0,224130.37306600003,4.453125000000002,31.0
SGML,2026-01-23,138.31379999999984,tag_bb,5037361.6,661926.0,9477621.656809,16.632752613240413,158.0
BNAI,2026-01-23,13082.169949508623,eod,19432066.1,1799031.0,19923283.073759012,32.51184834123222,260.0
NBIG,2026-01-26,-1464.9059320610083,stop,648919.65,87995.0,721238.61768,12.085308056872044,62.0
NAMM,2026-01-26,10497.614028599995,target,18126308.0,9289984.0,38242268.584332995,29.3103448275862,319.0
QBTX,2026-01-27,-273.279434799999,stop,1852616.25,325582.0,9290661.544671997,16.8807994289793,130.0
CRWU,2026-01-27,-111.19788749999812,tag_bb,1892845.8,77289.0,766669.5868689999,8.099999999999987,65.0
PHGE,2026-01-27,1549.179567508177,target,925660.25,6722432.0,49338237.51434402,75.88532883642496,329.0
ONDS,2026-01-28,463.12164090021633,tag_bb,110238606.15,8373357.0,108163646.372736,7.395993836671809,244.0
KRRO,2026-01-28,-910.3104300000022,tag_bb,224562.65,15045.0,173109.62305,5.810928013876842,18.0
NAMM,2026-01-29,-162.35982749999954,stop,24255870.0,5368815.0,40177961.18201601,20.405405405405403,315.0
VTIX,2026-01-29,-537.3388424131585,stop,0.0,1919911.0,31325999.458986007,83.600583090379,298.0
GLL,2026-01-30,652.1846229525077,lock,7567781.5,6505220.0,121639583.60610095,10.24128686327078,314.0
GLL,2026-02-02,-78.01095499999944,tag_bb,10609320.75,8120214.0,169319826.53795305,15.708812260536403,328.0
DPRO,2026-02-02,-230.05417499999905,stop,2556493.3,391212.0,3102679.0880649984,18.74197689345313,93.0
OPRA,2026-02-02,-311.2524599999995,eod,715514.0,132258.0,1782722.3228629997,9.712230215827335,82.0
UUUU,2026-02-03,-217.2280612500003,stop,18574697.4,526964.0,11567229.413565995,5.230496453900709,165.0
ASPI,2026-02-03,-200.00204750000012,stop,6960796.2,113929.0,720793.1585220001,5.946791862284819,65.0
PSLV,2026-02-03,-43.23662795250007,tag_b1,30782192.1,1291168.0,36280999.354998,6.391382405745054,232.0
BMNZ,2026-02-04,-205.5741030749992,tag_bb,3266431.25,176716.0,5079688.042050001,9.147507912768248,145.0
ANL,2026-02-04,-33.90579562499991,tag_bb,1270858.0,22479.0,226190.91034999996,8.41584158415843,30.0
PSLV,2026-02-04,-50.48914722499953,stop,31273953.9,916048.0,26214222.71979201,4.823914541695379,195.0
GDXD,2026-02-05,-399.3902651538728,tag_b1,16754775.75,1352910.0,6944969.8570610015,11.037453183520608,188.0
QBTZ,2026-02-05,-510.5824228490408,tag_bb,4763102.8,144331.0,2052450.1305000004,8.535739070090205,81.0
SLI,2026-02-06,143.91302812500004,eod,3519470.8,66010.0,268924.050837,5.450236966824634,32.0
CRWU,2026-02-06,1703.584026250001,eod,1687079.1,70247.0,365368.2119150001,17.83088235294117,55.0
XXRP,2026-02-06,131.01148710937483,lock,2277372.7,1671636.0,7421070.673138997,18.884120171673814,258.0
CNTN,2026-02-06,-114.7072674999998,tag_bb,1347403.4,39153.0,162978.354662,7.913669064748204,34.0
BOBS,2026-02-09,46.9478092500013,lock,0.0,4971.0,85571.86249500001,2.4207492795389145,7.0
MSTZ,2026-02-09,-227.78389604999936,stop,16033931.25,4524175.0,64851368.71532701,11.60409556313994,327.0
RGTZ,2026-02-09,0.0049900000015838,tag_bb,4898531.75,479953.0,11429204.989191998,11.147540983606568,217.0
KOLD,2026-02-09,-411.8380254451946,stop,19058337.55,2620698.0,54214058.84201699,5.288232491662694,264.0
INFQ,2026-02-10,-136.84802624999898,tag_bb,1982777.85,1131538.0,13389133.217861008,11.454102355808287,106.0
APPX,2026-02-10,694.7683200000014,target,2197245.3,484334.0,7359696.091115003,4.114134041141336,177.0
BMNZ,2026-02-10,-918.0251369999949,tag_bb,3014103.05,149292.0,3898794.4550349996,6.261643952102293,117.0
JAGU,2026-02-11,-232.2285468999998,stop,0.0,146728.0,474680.86867100006,18.79962961923735,83.0
VELO,2026-02-11,236.56964999999997,target,2480767.65,125247.0,1773220.317475,9.993201903467034,70.0
ETHT,2026-02-13,323.22950000000105,eod,2415886.45,238163.0,3405040.2826980003,5.654482758620681,110.0
MST,2026-02-13,-187.78524625000028,stop,622504.95,13601.0,45125.033746999994,5.373134328358214,17.0
DUST,2026-02-17,58.45453523874964,lock,94886366.2,1170821.0,5586217.275001002,4.1666666666666705,137.0
JFB,2026-02-18,1999.31456770248,eod,114634.25,43768.0,807801.3445529998,10.99309612320765,45.0
CGTL,2026-02-18,-1149.1400398499948,tag_bb,610083.6,5450.0,15720.986744000002,17.58957654723127,17.0
RBNE,2026-02-19,-1354.072960223435,stop,355626.2,255750.0,1234221.5145069994,18.278350515463913,121.0
CORD,2026-02-20,-249.74175779998623,tag_bb,1852313.75,315794.0,4495059.81182,8.870790378006868,150.0
BMNZ,2026-02-23,-1079.6849275417032,stop,1906140.25,99533.0,2760252.974327,6.693055055775457,107.0
MSTZ,2026-02-23,-1951.901009999996,stop,19415571.05,985309.0,13689681.330347002,4.594400574300076,268.0
BNAI,2026-02-24,7990.80240083664,eod,5248461.5,179166.0,3892349.483217,8.492366412213745,89.0
MNKD,2026-02-26,172.68376499999954,target,4642603.45,695981.0,2610576.777789001,9.729729729729726,109.0
IONZ,2026-02-27,-74.27895022499904,tag_bb,1703273.15,797877.0,12190687.874370998,7.096354166666666,236.0
CRCD,2026-02-27,-210.93723750000004,stop,656365.65,382425.0,4620503.961994003,12.843295638126007,176.0
IREZ,2026-02-27,-77.23100000000011,tag_bb,1935272.15,161554.0,4215534.8061,9.512761020881674,83.0
ZSL,2026-03-02,-104.98105559999928,tag_bb,242589567.9,3560503.0,58017808.635141,15.759312320916907,260.0
UMAC,2026-03-03,-65.86691249999939,tag_bb,2302523.0,210297.0,3098101.5737959994,5.894039735099329,127.0
GDXD,2026-03-03,-9.03915000000026,eod,5377905.05,426947.0,12352980.781183003,21.148135707087672,168.0
TOPS,2026-03-03,-219.8289249999997,stop,86969.0,278739.0,1570289.6102200001,35.55133079847909,182.0
KOLD,2026-03-04,-35.69780327749965,tag_b1,8720011.45,1351096.0,29033413.13471301,9.359774612901317,247.0
ETHT,2026-03-04,194.58661000000137,eod,2218868.8,613984.0,9278564.26414801,12.815533980582527,214.0
IREZ,2026-03-05,51.7188700000011,eod,2017555.7,432710.0,10816209.139942994,6.349206349206341,219.0
DUOG,2026-03-05,-332.55033625000027,stop,751590.2,121147.0,390862.39738,5.454545454545446,42.0
CORD,2026-03-05,3059.492714999988,eod,1597208.85,63057.0,1119825.3156609999,5.27472527472528,55.0
BOIL,2026-03-06,680.643402417815,eod,12528634.1,3471639.0,65464358.66817503,11.446409989594187,316.0
GTE,2026-03-06,-766.0464198252074,stop,730258.2,14222.0,108434.727988,5.141388174807203,23.0
MYGN,2026-03-10,-127.9040262500002,tag_bb,1750916.55,36689.0,183972.117678,7.514450867052033,32.0
IRE,2026-03-11,535.5607452999999,eod,23858848.0,2538056.0,11487337.166807003,5.844282343773685,277.0
IREX,2026-03-11,576.2060412500002,eod,3035572.1,67915.0,1616906.747474,5.102880658436222,74.0
IREZ,2026-03-12,70.54684809374967,lock,1806342.4,214880.0,5038001.293310999,4.192696323005325,130.0
AGH,2026-03-12,-100.83872999999916,stop,1678975.9,69928.0,339249.994513,8.865979381443294,75.0
PUSA,2026-03-12,-100.83872999999916,stop,1678975.9,69928.0,339249.994513,8.865979381443294,75.0
UVIX,2026-03-12,-684.6384653778547,stop,65311372.35,5443239.0,44132438.873321995,9.036144578313252,328.0
NBIG,2026-03-13,81.80234753999987,lock,1109911.55,136222.0,1197187.865607,9.73252340839683,85.0
BEX,2026-03-16,-85.20732082500017,tag_bb,906220.55,36033.0,876106.222812,5.9951080309824745,44.0
DFDV,2026-03-16,-238.1903099999997,stop,1150877.65,123392.0,562775.321544,7.625272331154696,62.0
NBIZ,2026-03-17,601.1074871339798,eod,654459.95,734209.0,6293028.87211,13.632584269662923,182.0
MSTZ,2026-03-18,619.4321145599931,lock,16954449.05,3195647.0,29670362.883449983,8.23774765380604,308.0
SMCX,2026-03-19,-26.419201874999565,tag_bb,2612091.3,14697.0,302846.79081000003,2.5728155339805707,10.0
NSP,2026-03-20,-533.389843785142,stop,1262003.95,2871.0,70661.020772,2.213279678068413,4.0
ANNA,2026-03-20,52591.8040653,eod,678720.85,6048140.0,27181794.687509995,26.80451127819549,187.0
SVIX,2026-03-23,-100.31222187499974,stop,8870759.6,2707872.0,44584726.883393995,16.301126259632483,264.0
VWAV,2026-03-24,-212.65582524107035,tag_bb,368943.65,53784.0,345002.29633299995,6.656346749226015,63.0
ROBN,2026-03-25,-267.3236887499993,eod,1234351.4,116151.0,2149300.7467569998,2.781701444622792,85.0
INFQ,2026-03-25,-101.8964274999993,stop,2887289.75,188352.0,2028643.5197629998,3.6832412523020297,88.0
ASTN,2026-03-26,-48.08992124999966,tag_bb,536659.7,116149.0,1550879.662963,4.589917231000749,90.0
SGML,2026-03-27,-276.1863349999999,eod,2475563.85,266686.0,2843051.5548260002,10.476190476190473,73.0
ANNA,2026-03-27,-1161.1315048499923,tag_bb,10518671.1,484519.0,3728476.0327780037,8.834827144686304,186.0
APLX,2026-03-31,83.65356675000048,lock,1072689.7,211523.0,1865808.4989700003,5.704697986577179,108.0
IONL,2026-03-31,68.45028124999986,lock,421743.85,37244.0,356126.61831699987,4.591836734693889,54.0
IREX,2026-03-31,-231.5990624999992,stop,1499074.1,142815.0,2210462.879343,8.82171499074645,93.0
PDYN,2026-04-01,-701.0031371270727,stop,4785558.85,148813.0,942527.30277,8.112324492979713,93.0
IONX,2026-04-01,-584.6071050000014,tag_bb,3088070.05,253653.0,5574356.893548999,6.427919708029192,195.0
AESI,2026-04-02,-210.5244037499988,stop,3281700.55,9487.0,116891.77000000002,3.0182684670373234,6.0
MSTX,2026-04-06,0.7979400000006551,tag_bb,52065484.45,163102.0,3141661.4051469974,4.045643153526977,151.0
TEMT,2026-04-10,-128.8453649999993,stop,230603.05,33851.0,600619.15609,7.250000000000011,51.0
UGRO,2026-04-10,-122.92936673326597,tag_bb,15249521.4,453724.0,8420250.670965001,34.762184380505005,186.0
SPIR,2026-04-10,1803.554632106093,eod,1538090.15,129912.0,2459846.3513819994,7.040000000000002,125.0
CCUP,2026-04-10,-197.57692258850315,eod,3161825.4,307820.0,1155500.347786,5.454545454545453,127.0
XNDU,2026-04-14,11875.85287500001,eod,708069.2,100087.0,1264176.6157210001,8.6682427107959,99.0
NBIG,2026-04-14,-355.34985239999514,tag_bb,1670045.8,107687.0,1795889.2939519996,6.092560046865842,110.0
NOWL,2026-04-15,349.9632725250001,eod,2049879.95,559234.0,2373072.9763599997,5.798143851508127,134.0
ALMU,2026-04-15,903.4295108266348,lock,1367871.3,92854.0,1380969.502866,5.073412698412706,91.0
SMU,2026-04-15,720.3023706615487,lock,657077.15,302618.0,3941619.4961929964,9.160305343511444,208.0
SMR,2026-04-15,385.7004440558004,lock,22817433.35,2453574.0,26353251.325142983,5.092592592592583,328.0
ROLR,2026-04-16,2877.068221177716,eod,4881645.4,308866.0,1906216.098402,12.116564417177916,194.0
SOUX,2026-04-17,-221.72252397500017,stop,138449.45,18868.0,399058.01159400004,8.224299065420553,42.0
ANNA,2026-04-20,-167.4763650000002,eod,12471551.95,239970.0,956234.6922359997,15.553571428571434,143.0
LZM,2026-04-21,-214.8369475000004,stop,679250.7,105066.0,624180.876264,11.604095563139927,69.0
ALMU,2026-04-21,-3672.511199999988,stop,1665671.35,235355.0,4272277.648037001,8.259423503325953,120.0
CRMX,2026-04-22,121.0332562937497,lock,379905.95,66236.0,1369836.6482490003,5.467625899280578,88.0
RGTX,2026-04-22,-232.71797499999957,stop,1015427.65,58252.0,1424494.5723739997,4.159869494290374,88.0
CRCD,2026-04-23,1458.4762799999835,eod,5359177.55,327712.0,1640527.3528849997,3.529411764705877,118.0
ATOM,2026-04-24,-89.8630412499994,tag_bb,878918.45,51836.0,336358.0756369999,5.855855855855851,32.0
SMCX,2026-04-24,2476.278414201828,eod,3838148.1,327789.0,3899235.0907349996,6.494923857868032,168.0
INDI,2026-04-24,378.1368834708047,lock,3306332.35,227688.0,842595.8113750002,11.89189189189189,96.0
EFOR,2026-04-27,828.9207549674677,eod,1145397.5,55379.0,1087771.0232449998,4.7499999999999964,48.0
INV,2026-04-27,-814.1718749999893,tag_bb,1870131.05,181250.0,1274515.883113,6.848728704734189,112.0
CRWU,2026-04-29,493.78297499999945,eod,1613091.75,58186.0,470238.8499170001,5.95382746051032,56.0
QURE,2026-04-30,2198.6410786833026,eod,1399898.05,95546.0,1731016.17661,12.477703455964335,72.0
PS,2026-05-01,-122.7391470874997,stop,0.0,39941.0,1179487.1181519998,6.022080963532956,61.0
INSG,2026-05-04,-1575.90835500001,tag_bb,167362.1,8845.0,187124.04359800002,5.9365303706061,23.0
ALMU,2026-05-05,-290.56638749999985,stop,2373332.5,45426.0,1080700.765629,4.388843314191962,60.0
RDWU,2026-05-05,-348.0166648182481,tag_bb,657755.35,55037.0,429331.88188799995,5.222929936305735,73.0
CHRN,2026-05-06,-42.510540000000105,tag_bb,79093.55,116314.0,1644033.11137,44.4254115372587,84.0
GLWG,2026-05-06,-76.76934374999996,tag_bb,456682.1,1306733.0,37065040.75522201,30.782548476454295,192.0
NOWL,2026-05-07,-110.77988249999932,eod,10446203.95,1906074.0,7853298.595022,6.489136704479908,231.0
GLWG,2026-05-08,-403.683165599999,tag_bb,708290.55,357043.0,10222802.120475998,5.700884955752219,191.0
REA,2026-05-08,-1033.8769125000013,tag_bb,0.0,69188.0,1718440.466054,5.571600000000004,85.0
QCML,2026-05-08,2023.0215178799992,lock,1488803.15,653314.0,19423761.788098995,10.982083609820831,239.0
APT,2026-05-11,-188.2789312499993,stop,113641.65,31331.0,214801.827415,6.853146853146856,40.0
HIMX,2026-05-11,4156.866000000007,eod,4593663.55,889879.0,17129425.826349996,7.974816369359915,234.0
BMNZ,2026-05-12,143.5355287500016,eod,1803182.25,67366.0,932024.9981210002,2.3571428571428577,58.0
OKLS,2026-05-12,-281.2289392499985,stop,869667.3,145705.0,2374864.104608001,5.700424499696794,112.0
ATEC,2026-05-12,-538.4864385524069,stop,4702975.55,18074.0,131727.154867,2.713704206241522,19.0
BRUN,2026-05-13,-215.532449999998,stop,867313.5,183942.0,3854658.779742001,18.29268292682927,149.0
ARRY,2026-05-13,-548.5551870444879,eod,5773101.05,85400.0,728183.379792,5.148741418764314,47.0
LWLG,2026-05-13,-78.86806499999004,tag_bb,10088539.6,365055.0,6048736.959753002,4.2086544161233,173.0
YANG,2026-05-14,-41.6388362500004,tag_bb,898715.2,135455.0,3468301.2095840005,2.596899224806208,143.0
OKLS,2026-05-14,-219.1748320759885,tag_bb,943162.95,192369.0,3862396.5726420013,6.788899900891978,149.0
RGTZ,2026-05-15,-193.16913749999856,stop,3250866.95,716590.0,7583050.439573998,5.882352941176477,230.0
SMCZ,2026-05-15,-113.54713499999924,tag_bb,730877.15,127313.0,1902722.1949569997,3.6496350364963432,51.0
YSS,2026-05-18,-363.8803999999998,stop,2687021.3,84836.0,2208505.281168999,15.725490196078438,118.0
MSTZ,2026-05-18,-166.96148076809175,tag_bb,26859011.95,3325142.0,17751940.089119013,4.936014625228512,304.0
ASTI,2026-05-18,-1359.6767249999832,tag_bb,1084932.3,106435.0,503695.098738,8.018633540372665,73.0
LMRI,2026-05-19,-545.3081433392672,tag_bb,899907.35,10568.0,74790.59047999998,4.551724137931036,2.0
CORD,2026-05-19,-299.081999999986,tag_bb,6086232.9,436514.0,2973156.5266780006,7.173601147776183,195.0
QUIK,2026-05-20,1456.7970150000228,eod,852141.25,5866.0,109234.69121,8.263157894736842,14.0
GLWG,2026-05-20,-341.73801750000445,tag_bb,1313500.2,114533.0,2905094.2908260007,6.093749999999995,146.0
QUBX,2026-05-21,514.4383126812131,lock,723612.1,711442.0,10821214.297397004,27.28485657104736,218.0
NBIG,2026-05-21,995.1368758818792,eod,1138659.5,225854.0,5682319.118819999,13.720215219062263,166.0
INFQ.WS,2026-05-22,-2122.616925000001,stop,174938.1,7300.0,62432.694882,11.647058823529424,9.0
CRWU,2026-05-26,-32.92397124999909,tag_bb,1643580.8,152010.0,1166383.3773569998,3.1168831168831197,106.0
PURR,2026-05-26,-260.3651420999994,stop,11208811.15,543575.0,4484858.197886001,5.476190476190475,166.0
IHRT,2026-05-26,78.18157499999998,eod,1808084.65,31373.0,148870.607914,9.740259740259743,14.0
HIMZ,2026-05-27,-188.56295668268507,tag_bb,978138.2,65585.0,1732211.4711060002,3.2830188679245325,88.0
ASTN,2026-05-29,-1210.8740770262332,stop,3836461.6,6894389.0,27430240.643289007,12.621665574407146,323.0
SMCY,2026-05-29,-194.3448544534457,eod,1097772.95,73743.0,580526.9260700002,3.8481338481338416,51.0
CRMG,2026-05-29,4102.303320000003,eod,2107427.0,623087.0,3460361.344231001,3.4050179211469445,169.0
HPQ,2026-05-29,-1551.566443199982,eod,20336188.9,742909.0,19610493.222858995,2.7611940298507536,258.0
ATPC,2026-06-01,87.88611837375059,lock,5920058.7,517650.0,2972404.382146002,36.86200378071834,152.0
QBTZ,2026-06-01,-125.15617833750056,tag_bb,3917054.6,571048.0,1937852.432679,6.8767908309455645,173.0
PLTZ,2026-06-02,517.7620028749617,eod,611025.05,41333.0,906423.799022,4.530892448512578,64.0
MSTZ,2026-06-02,425.1948885334997,lock,23370690.25,3281546.0,23523605.430937022,7.162162162162165,319.0
OKLS,2026-06-03,490.7973312000012,eod,750773.9,120324.0,1842306.2569179991,8.993710691823898,113.0
FABC,2026-06-03,-551.2242597564613,tag_bb,1455191.35,333460.0,1827401.3734760003,28.277683102679823,136.0
ATPC,2026-06-03,316.7370325782193,lock,6001130.05,271138.0,888148.2670340003,26.268656716417922,94.0
ASTN,2026-06-03,354.26470418332576,lock,6136178.45,2030619.0,7743302.290439997,8.074598874765577,272.0
RPGL,2026-06-04,131.89646658124994,lock,6363070.05,503300.0,2027780.6120269997,51.206434316353885,265.0
NBIZ,2026-06-05,150.8613293625007,lock,22822460.55,221900.0,2165515.033738999,5.294705294705306,113.0
SSG,2026-06-05,-27.2398687499996,tag_bb,753085.5,107961.0,1410519.381417,3.32326283987915,53.0
BMNZ,2026-06-05,333.60139000000004,eod,958108.4,113215.0,2463100.782925002,8.36800739713362,95.0
IREZ,2026-06-05,-35.2624499999989,tag_bb,11089611.2,1011525.0,5703463.419385,6.770833333333329,228.0
ETHE,2026-06-08,-55.44640799999871,stop,2707842.65,492868.0,6688987.658733998,2.930402930402933,156.0
TETH,2026-06-08,-24.923319999999357,tag_bb,499036.25,3167.0,26604.47,1.7793594306049865,6.0
ETH,2026-06-08,-55.92631999999869,stop,3144398.25,394311.0,6296672.656224002,3.1775700934579536,157.0
FABC,2026-06-09,-2015.675045432101,stop,1366536.5,108168.0,452608.17175599985,17.794486215538846,98.0
MSTZ,2026-06-09,1686.702864735758,eod,25544751.8,1865290.0,16853118.682554998,7.774227902023433,317.0
FABC,2026-06-11,1203.5234574799388,eod,1138775.65,15322.0,55406.7562,8.077994428969362,14.0
CRWU,2026-06-12,-1011.6151478999866,tag_bb,2483649.45,450241.0,2831009.497633999,9.265175718849841,209.0
FUTG,2026-06-12,-402.3974925000046,tag_bb,6778759.85,344932.0,1225595.940132,4.166666666666664,123.0
HAWK,2026-06-15,-190.00772264999944,stop,968821.0,26308.0,657747.1879910001,3.480000000000004,33.0
ASTX,2026-06-15,-136.28111624999994,tag_bb,7535050.55,947112.0,26920980.082267996,5.96641657734906,288.0
RGTZ,2026-06-16,-1111.9862570413552,stop,30537007.15,1092191.0,3274128.6155059994,8.412698412698418,239.0
SHMD,2026-06-17,183.8388075000013,eod,1241561.55,30867.0,197065.16243099998,6.441717791411042,32.0
AVGG,2026-06-17,31.186820186250067,lock,542177.25,73758.0,2126073.3942549992,5.410958904109584,49.0
GLWG,2026-06-18,-256.6348050000001,stop,1329169.7,150276.0,3614359.494127,5.29747351263244,92.0
QCML,2026-06-18,351.158092838956,lock,2275557.5,121773.0,3468081.5009749993,4.4574982722875,89.0
RGNX,2026-06-22,152.8916088000006,lock,1706583.45,1826637.0,16650751.290593011,31.408775981524233,166.0
TSLZ,2026-06-23,-36.9010132750004,tag_bb,3312084.05,282842.0,3523025.901808,4.365079365079357,190.0
TSDD,2026-06-23,701.6141651511851,eod,28582053.25,674737.0,5562036.634816001,4.321728691476605,234.0
CRCD,2026-06-23,-2848.70177249998,stop,3658904.35,131867.0,693549.6450710002,6.766917293233088,88.0
STAK,2026-06-24,-163.0720310758418,tag_bb,4208072.45,3327.0,12452.58687,8.919137466307282,11.0
QBTX,2026-06-25,-35.60191937499975,tag_bb,2718140.35,129430.0,1869111.3078799997,3.576488713426961,93.0
AIBZ,2026-06-25,-128.3906257144108,eod,627346.5454545454,20366.0,180956.89112699995,3.8648648648648587,24.0
EHGO,2026-06-25,-1825.814119486396,stop,13267298.75,7837182.0,40772875.59763903,44.08496732026143,329.0
AVEX,2026-06-26,-96.24847627499992,stop,2758417.3,144830.0,2407297.535373001,16.378244746600746,133.0
SOLT,2026-06-26,2403.9703897197023,eod,514514.15,152179.0,4338175.184819,8.493248045486853,99.0
IONL,2026-06-29,-411.2174676000006,stop,705545.15,49908.0,1222396.7720219996,4.195519348268844,74.0
PL,2026-06-29,340.3394625000004,eod,18644857.1,317977.0,9016380.462411001,4.748603351955305,207.0
MSTZ,2026-06-30,-1200.280476938891,stop,23929216.7,2772118.0,41822408.29636497,12.04819277108434,322.0
CAST,2026-06-30,390.8566078881183,lock,27218284.35,3995468.0,29196410.228098996,62.00644122383251,323.0
CRCD,2026-06-30,15786.448527600009,eod,3236467.9,188415.0,1028418.8400690003,7.908611599297015,75.0
TECS,2026-07-01,-154.80090648749885,stop,12775908.05,188255.0,1200664.987476,5.058551617873645,71.0
