symbol,date,entry_time_et,entry_price,stop_loss,target,shares,exit_time_et,exit_price,exit_reason,pnl,pnl_pct,partial_taken,partial_price,partial_shares,partial_pnl,daily_range_pct,avg_volume_20d,qf_vwap_dist_pct,qf_gap_pct,qf_gap_fading,qf_spy_return_pct,qf_pole_bars,qf_pole_gain_pct,qf_fill_vwap_dist_pct,conviction_mult,macd_zone_mult,conv_pole_gain,conv_flag_tightness,conv_vol_ratio,conv_spy_regime,conv_retracement,conv_raw_score,spy_3d_range,conv_vwap_dist,conv_gap_fading,intraday_change_at_entry,bk_ratio_at_fill,spy_3d_at_fill,planned_entry
DOMH,2025-01-31,10:23:00,3.62,3.49,3.81,6748,10:35:00,3.81,partial+target,1349.6,4.42,True,3.75,3374,438.62,33.85,337424,-9.4,-2.23,False,0.01,3,6.47,-7.92,2.9,1.0,0.3,0.3,0.3,0.0,0.0,2.9,1.053,0.0,0.0,30.63,0.199,1.053,
GMEX,2025-02-07,10:29:00,4.82,4.64,5.15,15940,10:39:00,4.63,stop,-3863.85,-4.02,False,,0,0.0,125.15,442828,-2.46,-13.69,False,0.01,2,6.21,-1.35,2.6,1.8,0.3,0.0,0.3,0.0,0.0,2.6,0.814,0.0,0.0,27.09,1.935,0.814,
RPID,2025-02-24,10:31:00,3.04,2.99,3.13,18000,10:54:00,3.03,partial+breakeven,459.9,0.67,True,3.09,9000,450.0,20.41,583313,5.03,-1.56,False,0.02,2,7.36,5.54,3.0,1.8,0.3,0.3,0.3,0.0,0.2,3.3,1.059,0.2,0.0,20.41,2.142,1.059,
CSAI,2025-02-26,10:18:00,8.66,8.47,9.02,20000,10:27:00,8.63,partial+breakeven,2460.3,0.95,True,8.85,10000,1900.0,22.45,1455089,-1.34,9.22,False,-0.13,2,4.14,-0.84,1.8,2.0,0.0,0.0,0.3,0.3,0.2,1.8,1.439,0.0,0.0,15.8,0.805,1.439,
EHTH,2025-02-26,09:52:00,8.52,8.24,8.87,11234,09:58:00,8.87,partial+target,5308.07,3.7,True,8.8,5617,1572.76,21.95,280864,1.01,-1.75,False,-0.13,2,4.69,2.72,2.1,2.0,0.3,0.0,0.3,0.3,0.2,2.1,1.439,0.0,0.0,16.05,0.357,1.439,
MEG,2025-02-27,09:40:00,20.46,19.78,21.73,9775,10:18:00,21.73,partial+target,14295.94,4.77,True,21.14,7443,5061.24,25.16,372173,2.46,8.49,False,0.05,2,8.76,3.29,2.1,2.0,0.3,0.0,0.3,0.3,0.0,2.1,1.271,0.2,0.0,16.28,0.197,1.271,
MSW,2025-02-27,09:47:00,5.09,4.8,5.59,16824,10:04:00,4.79,stop,-7681.84,-5.98,False,,0,0.0,24.41,420612,3.39,7.2,False,0.05,2,5.78,5.14,1.8,2.0,0.3,-0.3,0.3,0.3,0.0,1.8,1.271,0.2,0.0,17.78,0.147,1.271,
PMA,2025-02-27,09:47:00,5.09,4.8,5.59,16824,10:04:00,4.79,stop,-7681.84,-5.98,False,,0,0.0,24.41,420612,3.39,7.2,False,0.05,2,5.78,5.14,1.8,2.0,0.3,-0.3,0.3,0.3,0.0,1.8,1.271,0.2,0.0,17.78,0.147,1.271,
PCLA,2025-02-28,10:10:00,5.28,5.12,5.6,18000,10:16:00,5.1,stop,-4734.72,-3.32,False,,0,0.0,30.12,1782161,1.12,9.95,False,,2,5.0,1.62,1.9,1.8,0.3,0.0,0.3,0.3,0.0,1.9,1.668,0.0,0.0,41.89,0.393,1.668,
STAK,2025-02-28,10:16:00,3.52,3.41,3.62,18000,10:28:00,3.62,partial+target,2835.0,2.98,True,3.63,9000,990.0,44.6,869210,6.86,-0.83,False,,2,8.44,8.75,3.0,1.8,0.3,0.3,0.3,0.3,0.0,3.4,1.668,0.2,0.0,29.5,1.195,1.668,
MAXN,2025-03-04,10:04:00,3.22,3.1,3.47,10620,11:16:00,3.21,partial+breakeven,878.87,1.71,True,3.34,5310,637.2,26.49,295043,9.16,0.29,False,,3,6.73,9.53,2.1,1.8,0.3,0.0,0.3,0.3,0.0,2.1,2.468,0.2,0.0,28.73,2.319,2.468,
KAZR,2025-03-10,09:42:00,10.24,9.94,10.7,16666,11:24:00,10.7,partial+target,9500.0,3.71,True,10.54,10000,3000.0,18.14,1226600,2.68,10.27,False,,3,3.81,3.49,1.8,2.0,0.0,0.0,0.3,0.3,0.0,1.8,1.967,0.2,0.0,18.22,2.39,1.967,
SKBL,2025-03-10,09:42:00,10.24,9.94,10.7,16666,11:24:00,10.7,partial+target,9500.0,3.71,True,10.54,10000,3000.0,18.14,1226600,2.68,10.27,False,,3,3.81,3.49,1.8,2.0,0.0,0.0,0.3,0.3,0.0,1.8,1.967,0.2,0.0,18.22,2.39,1.967,
EWCZ,2025-03-11,09:56:00,4.13,3.97,4.48,15233,11:18:00,4.48,partial+target,5826.77,6.17,True,4.29,7616,1218.56,67.26,423153,8.44,-46.77,False,,2,49.63,6.14,3.0,1.8,0.0,0.3,0.3,0.3,0.2,3.3,2.118,0.2,0.0,51.08,3.756,2.118,
KBSX,2025-03-19,10:07:00,3.87,3.7,4.25,18000,10:11:00,4.25,partial+target,7425.0,7.11,True,4.04,9000,1530.0,41.5,2714018,1.25,-36.25,False,,2,10.83,1.78,2.6,1.8,0.0,0.0,0.3,0.3,0.0,2.6,1.537,0.0,0.0,21.33,0.829,1.537,
LSE,2025-03-20,10:24:00,9.45,9.14,10.04,18000,10:27:00,9.11,stop,-9110.34,-3.57,False,,0,0.0,35.85,788997,-5.04,-16.24,False,,2,5.64,-4.34,3.0,1.8,0.3,0.0,0.3,0.3,0.2,3.1,1.345,0.0,0.0,24.06,0.857,1.345,
QNTM,2025-03-28,10:16:00,10.42,10.16,10.72,19193,10:17:00,10.72,partial+target,8061.44,2.69,True,10.68,7102,1846.52,55.58,710285,-2.03,17.78,False,-0.01,2,6.02,-0.67,1.9,1.0,0.3,0.3,0.3,0.0,0.0,1.9,1.047,0.0,0.0,32.21,0.876,1.047,
WHLR,2025-03-31,10:44:00,3.51,3.42,3.68,26000,10:57:00,3.41,stop,-3910.14,-2.86,False,,0,0.0,21.98,2546969,5.06,-7.27,False,0.06,3,6.11,5.61,2.6,1.0,0.3,0.3,0.3,0.3,0.2,2.6,1.561,0.2,0.0,20.89,0.482,1.561,
TNXP,2025-04-07,09:56:00,17.19,16.82,17.89,9999,10:00:00,17.89,partial+target,5350.0,3.11,True,17.56,9000,3330.0,28.43,1700591,8.17,-6.97,False,-0.19,3,7.95,7.94,3.0,1.8,0.3,0.3,0.3,0.3,0.0,3.4,2.831,0.2,0.0,21.74,2.259,2.831,
TTGT,2025-04-07,10:19:00,9.96,9.65,10.36,9507,10:22:00,9.62,stop,-3222.4,-3.4,False,,0,0.0,21.57,264127,10.68,-5.09,False,-0.19,2,4.53,11.87,2.0,1.8,0.3,0.0,0.0,0.3,0.2,2.0,2.831,0.2,0.0,21.57,3.203,2.831,
FATN,2025-04-16,10:05:00,7.99,7.84,8.25,18000,10:07:00,7.97,partial+breakeven,1134.27,0.79,True,8.14,9000,1350.0,43.65,2650064,6.29,-13.14,False,,2,5.15,5.92,3.0,1.8,0.3,0.3,0.3,0.3,0.2,3.6,2.098,0.2,0.0,23.51,2.773,2.098,
SCLX,2025-04-23,10:30:00,4.63,4.54,4.78,18000,10:40:00,4.78,partial+target,2160.0,2.59,True,4.72,9000,810.0,30.0,1246944,8.73,-4.76,False,,2,3.16,9.26,1.8,1.0,0.0,0.0,0.3,0.3,0.0,1.8,1.979,0.2,0.0,21.07,2.828,1.979,
CPS,2025-05-02,09:52:00,19.79,18.99,21.54,10106,11:05:00,21.54,partial+target,12885.56,6.44,True,20.59,5913,4730.4,32.22,378777,6.28,11.3,False,0.01,2,17.19,5.63,2.3,1.8,0.0,0.3,0.3,0.3,0.2,2.3,1.714,0.2,0.0,29.27,0.556,1.714,
ZYBT,2025-05-13,10:40:00,6.91,6.6,7.6,18000,10:48:00,6.58,stop,-5936.4,-4.77,False,,0,0.0,201.73,557599,-13.17,-3.91,False,-0.09,2,6.18,-12.6,2.3,1.8,0.3,-0.3,0.3,0.0,0.0,2.3,1.136,0.0,0.0,104.53,2.433,1.136,
TSSI,2025-05-16,09:57:00,13.92,13.49,14.84,14367,10:01:00,14.84,partial+target,12123.11,4.85,True,14.35,8876,3816.68,31.83,947907,3.84,46.56,False,-0.09,2,8.02,4.25,1.8,1.8,0.3,0.0,0.3,0.0,0.0,1.8,0.888,0.2,0.0,56.14,0.706,0.888,
RYET,2025-05-23,10:14:00,13.09,12.49,14.39,11529,10:16:00,12.45,stop,-9187.18,-4.87,False,,0,0.0,23.23,1187461,0.83,-4.14,False,0.06,2,7.32,1.46,2.2,1.8,0.3,-0.3,0.0,0.0,0.2,2.2,1.167,0.0,0.0,21.75,0.896,1.167,
FMST,2025-05-28,09:42:00,3.72,3.55,4.09,20000,09:54:00,4.09,partial+target,6750.0,7.26,True,3.89,10000,1700.0,33.54,832094,7.47,9.26,False,0.03,3,13.3,7.65,1.8,2.0,0.0,0.0,0.3,0.3,0.0,1.8,1.401,0.2,0.0,15.05,2.791,1.401,
DFDV,2025-06-03,10:27:00,21.54,20.89,22.45,9285,11:06:00,20.83,stop,-8271.42,-3.31,False,,0,0.0,26.2,1220294,-1.89,1.07,False,0.12,2,3.61,-0.58,1.8,1.0,0.0,0.0,0.3,0.3,0.2,1.8,1.297,0.0,0.0,24.56,0.612,1.297,
NEGG,2025-06-09,10:25:00,13.57,13.1,14.57,14738,10:30:00,13.53,partial+breakeven,3953.85,1.58,True,14.04,4499,2114.53,67.79,931289,9.85,0.0,False,-0.01,3,7.55,9.8,1.8,1.0,0.3,0.0,0.3,0.0,0.0,1.8,0.808,0.2,0.0,29.81,1.339,0.808,
AGIG,2025-06-16,09:52:00,11.33,10.82,12.45,13043,09:54:00,10.79,stop,-8844.46,-4.79,False,,0,0.0,45.19,2104276,1.9,-11.31,False,0.09,3,17.98,2.32,2.3,1.8,0.0,0.0,0.3,0.0,0.0,2.3,0.914,0.0,0.0,43.39,0.706,0.914,
EGG,2025-07-09,09:57:00,7.19,6.96,7.66,18000,09:58:00,7.66,partial+target,7875.0,4.87,True,7.42,9000,2070.0,141.39,1142215,7.42,-4.17,False,0.02,2,7.89,6.96,2.3,1.8,0.3,0.0,0.3,-0.5,0.0,2.3,0.678,0.2,0.0,24.52,1.473,0.678,
FTEK,2025-08-07,10:46:00,3.39,3.3,3.56,8165,10:48:00,3.29,stop,-1019.6,-2.95,False,,0,0.0,21.62,408276,9.1,1.36,False,-0.07,3,4.83,9.04,1.8,1.0,0.3,0.0,0.3,0.0,0.0,1.8,0.878,0.2,0.0,21.62,3.329,0.878,
SDM,2025-08-07,10:18:00,10.74,10.37,11.54,12000,10:20:00,11.54,partial+target,8775.0,5.45,True,11.11,9000,3330.0,37.09,752520,7.92,-1.87,False,-0.07,2,6.53,7.71,2.5,1.8,0.3,0.0,0.0,0.0,0.0,2.5,0.878,0.2,0.0,25.47,1.548,0.878,
FABC,2025-09-11,09:53:00,4.84,4.69,5.17,6829,09:59:00,5.17,partial+target,2048.81,4.96,True,4.99,3414,512.1,37.87,341498,3.71,-4.21,False,0.01,3,14.75,3.82,2.5,1.0,0.0,0.3,0.3,-0.5,0.2,2.5,0.523,0.2,0.0,23.33,1.965,0.523,
SBLX,2025-09-11,09:53:00,4.84,4.69,5.17,6829,09:59:00,5.17,partial+target,2048.81,4.96,True,4.99,3414,512.1,37.87,341498,3.71,-4.21,False,0.01,3,14.75,3.82,2.5,1.0,0.0,0.3,0.3,-0.5,0.2,2.5,0.523,0.2,0.0,23.33,1.965,0.523,
AQMS,2025-10-13,09:39:00,6.83,6.61,7.32,18000,09:44:00,7.32,partial+target,7987.5,5.2,True,7.05,9000,1980.0,108.19,2592400,2.2,12.19,False,0.01,2,6.61,2.17,1.8,1.8,0.3,0.0,0.0,0.3,0.0,1.8,1.502,0.2,0.0,20.14,2.138,1.502,
IPDN,2025-10-13,09:57:00,3.62,3.46,3.98,18000,10:47:00,3.98,partial+target,5850.0,7.18,True,3.78,9000,1440.0,43.15,2643889,8.58,-1.35,False,0.01,2,6.71,5.56,2.5,1.8,0.3,-0.3,0.0,0.3,0.0,2.5,1.502,0.2,0.0,23.29,5.937,1.502,
DFNS,2025-10-16,09:38:00,15.28,14.86,16.13,10000,09:52:00,14.82,stop,-5807.25,-3.04,False,,0,0.0,24.72,2763531,2.3,8.7,False,0.04,3,8.23,2.62,2.4,2.0,0.3,0.3,0.3,0.3,0.0,2.4,1.489,0.2,0.0,15.93,1.689,1.489,
DFNS,2025-10-20,10:26:00,9.64,9.46,9.96,18000,10:32:00,9.43,stop,-4688.55,-2.16,False,,0,0.0,27.27,2551752,-0.23,2.49,False,0.14,3,6.62,0.27,2.4,1.8,0.3,0.3,0.3,0.3,0.2,2.4,1.546,0.0,0.0,27.27,0.943,1.546,
DTCK,2025-11-05,09:45:00,4.49,4.39,4.69,26000,09:48:00,4.69,partial+target,4875.0,3.34,True,4.59,13000,1300.0,62.38,2274726,1.74,-3.14,False,0.03,3,5.84,2.22,2.6,1.0,0.3,0.3,0.0,0.0,0.0,2.6,0.84,0.0,0.0,22.09,1.019,0.84,
AREN,2025-11-14,09:46:00,3.86,3.65,4.24,8235,10:04:00,4.24,partial+target,3036.76,7.64,True,4.07,4117,864.57,46.67,228795,12.24,-11.25,False,-0.07,3,13.65,14.03,2.7,1.8,0.0,0.0,0.3,0.0,0.2,2.7,0.948,0.2,0.0,22.06,0.211,0.948,
PAAI,2025-11-14,09:46:00,3.86,3.65,4.24,4575,10:04:00,4.24,partial+target,1687.14,7.64,True,4.07,2287,480.27,46.67,228795,12.35,-13.75,False,-0.07,3,13.65,14.14,2.7,1.0,0.0,0.0,0.3,0.0,0.2,2.7,0.948,0.2,0.0,22.06,0.211,0.948,
PHGE,2025-12-08,08:58:00,3.2,3.09,3.34,20000,09:01:00,3.08,stop,-2981.75,-3.73,False,,0,0.0,35.9,681064,6.77,-44.68,False,-0.03,2,8.19,8.29,1.8,2.0,0.3,0.3,0.3,-0.5,0.2,1.8,0.639,0.2,0.0,18.91,2.235,0.639,
KZIA,2025-12-23,10:36:00,8.12,7.76,8.93,10251,10:45:00,8.1,partial+breakeven,2150.16,2.07,True,8.48,5125,1845.0,49.02,284764,5.48,-0.9,False,0.19,3,15.4,5.64,2.3,1.8,0.0,0.3,0.3,-0.5,0.0,2.3,0.75,0.2,0.0,49.02,9.967,0.75,
KXIN,2025-12-29,10:15:00,5.2,4.96,5.65,18000,10:32:00,4.95,stop,-5734.8,-4.9,False,,0,0.0,20.84,1456492,5.67,-13.95,False,0.01,3,5.4,,2.2,1.8,0.3,-0.3,0.3,-0.5,0.2,2.2,0.473,0.2,0.0,20.84,0.331,0.473,
SMX,2026-01-05,09:56:00,17.68,17.0,19.15,6100,10:00:00,16.95,stop,-5574.38,-4.13,False,,0,0.0,29.04,1479277,-2.19,-0.48,False,0.11,3,11.13,-1.53,1.8,1.8,0.0,0.0,0.3,-0.5,0.0,1.8,0.718,0.0,0.0,30.23,0.586,0.718,
VELO,2026-01-06,09:49:00,17.1,16.64,17.85,10000,10:12:00,17.85,partial+target,7562.5,3.54,True,17.56,10000,4600.0,32.0,1889690,4.9,2.81,False,0.06,2,7.64,5.78,1.8,2.0,0.3,0.3,0.3,-0.5,0.2,1.8,0.77,0.2,0.0,16.2,0.621,0.77,
BNRG,2026-01-27,10:00:00,3.19,3.03,3.5,18000,10:02:00,3.18,partial+breakeven,1692.34,2.36,True,3.35,9000,1440.0,29.24,926502,0.09,-1.95,False,0.0,2,5.17,0.85,1.8,1.8,0.3,-0.3,0.3,-0.5,0.0,1.8,0.592,0.0,0.0,29.24,4.235,0.592,
BRNX,2026-01-27,10:00:00,3.19,3.03,3.5,18000,10:02:00,3.18,partial+breakeven,1692.34,2.36,True,3.35,9000,1440.0,29.24,926502,0.09,-1.95,False,0.0,2,5.17,0.85,1.8,1.8,0.3,-0.3,0.3,-0.5,0.0,1.8,0.592,0.0,0.0,29.24,4.235,0.592,
KPTI,2026-02-12,09:46:00,7.81,7.51,8.46,14947,09:56:00,8.46,partial+target,8875.0,6.08,True,8.11,7473,2241.9,47.92,415232,6.7,-11.8,False,0.0,2,6.48,5.67,2.5,1.8,0.3,-0.3,0.3,0.0,0.0,2.5,0.985,0.2,0.0,22.36,2.246,0.985,
ADVB,2026-02-24,10:42:00,4.88,4.72,5.23,15292,10:48:00,4.71,stop,-3994.88,-3.57,False,,0,0.0,57.61,424841,7.11,-0.49,False,-0.02,3,9.75,6.32,2.7,1.8,0.0,0.0,0.3,0.0,0.2,2.7,1.106,0.2,0.0,20.3,1.66,1.106,
AIDX,2026-02-24,10:07:00,8.11,7.79,8.62,15562,10:24:00,7.77,stop,-8015.28,-4.23,False,,0,0.0,27.24,432316,-2.19,-16.26,False,-0.02,2,5.14,-0.87,2.5,1.8,0.3,-0.3,0.3,0.0,0.2,2.5,1.106,0.0,0.0,21.54,0.327,1.106,
LAW,2026-02-25,10:02:00,3.1,2.96,3.4,17816,11:06:00,2.95,stop,-3978.67,-4.8,False,,0,0.0,30.2,494942,13.01,-12.27,False,0.11,3,10.81,12.1,2.4,1.8,0.0,-0.3,0.0,0.3,0.2,2.4,1.288,0.2,0.0,25.71,1.998,1.288,
ANPA,2026-02-27,10:14:00,11.04,10.55,12.14,12000,10:16:00,10.52,stop,-7824.75,-4.73,False,,0,0.0,36.84,539950,3.6,-1.48,False,0.05,2,15.2,4.1,2.5,1.8,0.0,0.0,0.3,0.0,0.0,2.5,1.018,0.2,0.0,36.84,0.441,1.018,
QCLS,2026-03-06,10:20:00,3.97,3.79,4.36,6560,10:48:00,4.36,partial+target,2804.4,7.18,True,4.15,3280,590.4,45.76,328015,4.82,-2.59,False,-0.08,2,7.5,5.24,2.5,1.0,0.3,-0.3,0.0,0.3,0.0,2.5,1.5,0.2,0.0,20.87,0.859,1.5,
EDHL,2026-03-13,10:13:00,3.64,3.51,3.84,8420,10:44:00,3.63,partial+breakeven,752.0,1.64,True,3.77,4210,547.3,34.46,210545,3.31,8.67,False,0.12,2,8.78,4.68,2.0,2.0,0.3,0.3,0.0,0.0,0.2,2.0,1.048,0.2,0.0,18.15,0.216,1.048,
HBIO,2026-03-16,09:48:00,4.9,4.79,5.04,13033,09:59:00,5.04,partial+target,2443.71,2.55,True,5.01,6516,716.76,17.96,362067,2.74,839.81,False,-0.01,2,3.75,3.12,1.8,1.8,0.0,0.3,0.3,0.0,0.0,1.8,1.176,0.2,0.0,930.62,6.572,1.176,
QNTM,2026-03-25,10:22:00,4.87,4.74,5.02,17562,10:28:00,4.73,stop,-3799.18,-2.96,False,,0,0.0,34.2,487866,-4.03,0.63,False,,3,5.69,-2.55,1.9,1.8,0.3,0.3,0.0,0.3,0.0,1.9,1.428,0.0,0.0,34.2,0.371,1.428,
MKDW,2026-03-26,09:51:00,6.13,5.86,6.73,13352,10:00:00,6.11,partial+breakeven,2519.62,2.05,True,6.4,6676,1802.52,56.0,370929,5.43,0.38,False,,2,17.99,5.67,2.0,1.8,0.0,0.3,0.3,0.0,0.2,2.0,1.148,0.2,0.0,34.17,0.588,1.148,
GLND,2026-04-01,09:47:00,8.22,8.02,8.62,20000,10:32:00,8.0,stop,-6721.8,-2.73,False,,0,0.0,22.31,1453348,3.59,-0.57,False,,3,6.79,4.01,2.6,2.0,0.3,0.3,0.3,0.3,0.2,2.6,1.799,0.2,0.0,18.37,1.683,1.799,
SMX,2026-04-07,10:19:00,8.95,8.8,9.23,22346,10:26:00,8.77,stop,-5912.75,-1.97,False,,0,0.0,44.35,1548990,-7.11,-14.46,False,,2,5.15,-6.54,2.9,1.0,0.3,0.3,0.3,0.0,0.0,2.9,1.172,0.0,0.0,36.54,2.101,1.172,
TMCR,2026-04-09,09:57:00,11.56,11.21,12.29,11538,10:07:00,12.29,partial+target,7788.46,4.67,True,11.91,9000,3150.0,35.68,588449,0.43,-14.07,False,,2,7.47,0.93,2.6,1.8,0.3,0.0,0.3,0.0,0.0,2.6,0.93,0.0,0.0,21.21,0.547,0.93,
TTGT,2026-05-08,09:56:00,5.7,5.58,5.92,18000,10:00:00,5.92,partial+target,3825.0,2.98,True,5.82,9000,1080.0,24.47,565049,-2.52,-7.11,False,,2,5.64,-1.97,2.3,1.8,0.3,0.3,0.0,-0.5,0.2,2.3,0.766,0.0,0.0,20.75,0.687,0.766,
WATT,2026-05-14,09:42:00,25.86,25.08,27.48,7733,09:47:00,25.0,stop,-8266.97,-3.31,False,,0,0.0,29.23,513001,7.33,1.23,False,,3,12.07,7.62,1.8,2.0,0.0,0.3,0.3,0.0,0.0,1.8,0.898,0.2,0.0,15.82,1.09,0.898,
TRT,2026-05-15,10:45:00,18.47,17.82,19.87,6440,11:21:00,19.87,partial+target,8251.25,5.55,True,19.12,3220,2093.0,47.14,2740118,11.9,6.28,False,,3,6.95,12.1,1.8,1.0,0.3,0.0,0.3,0.0,0.0,1.8,0.969,0.2,0.0,28.89,1.8,0.969,
MLGO,2026-05-20,10:15:00,4.6,4.4,5.06,12159,12:17:00,5.06,partial+target,5015.75,7.17,True,4.8,6079,1215.8,81.27,607952,8.33,-1.04,False,,2,6.4,8.49,2.4,1.0,0.3,-0.3,0.0,0.0,0.2,2.4,0.892,0.2,0.0,20.84,2.054,0.892,
RYOJ,2026-05-26,10:16:00,3.73,3.55,4.1,18000,10:42:00,4.1,partial+target,6187.5,7.37,True,3.91,9000,1620.0,31.21,2660207,-2.96,-17.6,False,,2,8.74,-1.95,2.3,1.8,0.3,-0.3,0.3,0.0,0.0,2.3,0.917,0.0,0.0,29.32,6.338,0.917,
AKTX,2026-05-27,10:14:00,15.96,15.17,17.54,6328,11:14:00,15.91,partial+breakeven,2935.5,2.32,True,16.75,5696,4499.84,23.93,2168212,-3.76,-6.51,False,,2,5.45,-2.77,2.0,1.8,0.3,-0.3,0.3,-0.5,0.2,2.0,0.722,0.0,0.0,23.93,0.566,0.722,
LESL,2026-06-09,10:05:00,6.77,6.58,7.17,21000,10:19:00,6.56,stop,-5505.68,-3.1,False,,0,0.0,62.48,2755669,10.28,1.75,False,,3,6.11,10.61,2.1,1.0,0.3,0.0,0.3,0.3,0.0,2.1,1.41,0.2,0.0,33.69,1.346,1.41,
HTCO,2026-06-10,10:18:00,4.41,4.22,4.75,18000,10:40:00,4.21,stop,-4559.85,-4.6,False,,0,0.0,25.93,1432757,-5.6,3.13,False,,3,4.65,-4.16,1.8,1.8,0.3,-0.3,0.3,0.3,0.2,1.8,2.228,0.0,0.0,25.93,5.696,2.228,
OCC,2026-06-10,09:44:00,25.51,24.43,27.89,5252,09:45:00,24.36,stop,-7571.35,-4.52,False,,0,0.0,31.33,1418896,6.66,-0.05,False,,3,9.82,6.87,2.5,1.0,0.0,0.0,0.0,0.3,0.0,2.5,2.228,0.2,0.0,21.2,2.056,2.228,
INDP,2026-06-11,10:25:00,3.24,3.12,3.37,30000,10:42:00,3.37,partial+target,4687.5,3.86,True,3.36,15000,1800.0,56.37,2664475,3.09,-0.82,False,,3,6.67,4.74,3.0,1.0,0.3,0.3,0.3,0.3,0.0,3.4,2.044,0.2,0.0,41.15,6.915,2.044,
CRE,2026-06-12,10:23:00,3.17,3.04,3.43,20000,10:32:00,3.43,partial+target,4875.0,6.15,True,3.3,10000,1300.0,29.01,504064,2.29,0.91,False,,2,11.25,2.76,2.1,2.0,0.0,0.3,0.3,0.3,0.0,2.1,2.439,0.2,0.0,16.18,0.207,2.439,
ASBP,2026-06-16,09:57:00,6.14,5.87,6.75,20000,10:09:00,6.12,partial+breakeven,3144.75,2.05,True,6.41,10000,2700.0,26.74,1056507,6.14,-6.02,False,,3,6.91,4.01,2.0,2.0,0.3,-0.3,0.3,0.3,0.2,2.0,1.362,0.2,0.0,15.07,6.795,1.362,
RBNE,2026-07-16,10:39:00,4.8,4.69,5.04,13960,10:49:00,4.68,stop,-2165.03,-2.58,False,,0,0.0,45.83,387808,2.48,-1.14,False,,2,6.22,2.92,2.0,1.8,0.3,0.0,0.0,-0.5,0.0,2.0,0.711,0.2,0.0,21.53,0.867,0.711,
SRZN,2026-08-07,10:29:00,26.01,25.21,27.68,5344,10:33:00,25.93,partial+breakeven,2411.38,1.39,True,26.81,2672,2137.6,22.51,267203,4.96,14.79,False,,2,5.59,4.73,1.8,1.0,0.3,0.0,0.3,0.0,0.0,1.8,1.072,0.2,0.0,22.51,4.039,1.072,
TJGC,2026-08-18,10:22:00,4.97,4.75,5.47,22000,10:23:00,4.74,stop,-6441.88,-4.71,False,,0,0.0,41.09,1223937,14.97,-2.74,False,,2,14.12,14.99,2.2,1.0,0.0,0.0,0.3,-0.5,0.2,2.2,0.555,0.2,0.0,35.52,2.779,0.555,
RDAC,2026-08-24,10:18:00,5.98,5.88,6.15,18000,10:21:00,5.96,partial+breakeven,923.17,0.69,True,6.08,9000,900.0,29.16,901995,2.22,-8.35,False,,2,17.86,2.72,2.3,1.8,0.0,0.3,0.3,-0.5,0.0,2.3,0.617,0.2,0.0,22.7,1.106,0.617,
