symbol,date,entry_time_et,entry_price,stop_loss,target,shares,exit_time_et,exit_price,exit_reason,pnl,pnl_pct,partial_taken,partial_price,partial_shares,partial_pnl,daily_range_pct,avg_volume_20d,qf_vwap_dist_pct,qf_gap_pct,qf_gap_fading,qf_spy_return_pct,qf_pole_bars,qf_pole_gain_pct,qf_fill_vwap_dist_pct,conviction_mult,macd_zone_mult,conv_pole_gain,conv_flag_tightness,conv_vol_ratio,conv_spy_regime,conv_retracement,conv_raw_score,spy_3d_range,conv_vwap_dist,conv_gap_fading,intraday_change_at_entry,bk_ratio_at_fill,spy_3d_at_fill,planned_entry
CPIX,2025-02-05,09:39:00,4.44,4.24,4.88,20000,09:43:00,4.67,pp+trail_stop,2934.54,2.64,True,4.45,10000,68.19,67.45,1357654,5.40,6.12,False,-0.01,3,14.58,5.59,1.50,2.00,0.00,0.00,0.00,0.30,0.00,1.500,1.328,0.20,0.00,16.62,1.392,1.328,
JG,2025-02-10,09:37:00,12.86,12.49,13.61,15552,09:42:00,13.36,pp+trail_stop,12138.82,4.86,True,13.61,10000,7490.50,49.48,2271962,3.26,4.68,False,-0.06,3,10.67,3.61,1.70,2.00,0.00,0.30,0.00,0.00,0.20,1.700,0.983,0.20,0.00,15.83,0.727,0.983,
BFRG,2025-02-11,10:41:00,3.98,3.85,4.25,20000,10:49:00,3.84,stop,-3538.75,-3.56,False,,0,0.00,32.89,1386121,7.56,4.46,False,0.07,2,5.61,7.82,1.50,2.00,0.30,0.00,0.00,0.00,0.00,1.500,0.813,0.20,0.00,17.26,0.461,0.813,
INLF,2025-02-14,09:46:00,10.36,9.90,11.39,11638,10:12:00,11.36,pp+trail_stop,13869.70,9.20,True,11.27,5819,5272.02,288.89,292884,8.51,-2.89,False,0.05,2,7.49,5.76,1.20,2.00,0.30,-0.30,0.00,0.00,0.00,1.200,0.899,0.20,0.00,17.83,2.610,0.899,
RPID,2025-02-24,10:31:00,3.04,2.99,3.13,18000,10:48:00,3.04,pp+trail_stop,355.61,0.52,True,3.07,9000,276.84,20.41,583313,5.03,-1.56,False,0.02,2,7.36,5.54,3.00,1.80,0.30,0.30,0.30,0.00,0.20,3.300,1.059,0.20,0.00,20.41,2.142,1.059,
MSW,2025-02-27,09:47:00,5.09,4.80,5.59,16824,10:04:00,4.79,stop,-7681.84,-5.98,False,,0,0.00,24.41,420612,3.39,7.20,False,0.05,2,5.78,5.14,1.80,2.00,0.30,-0.30,0.30,0.30,0.00,1.800,1.271,0.20,0.00,17.78,0.147,1.271,
PCLA,2025-02-28,10:10:00,5.28,5.12,5.60,18000,10:16:00,5.1,stop,-4734.72,-3.32,False,,0,0.00,30.12,1782161,1.12,9.95,False,,2,5.00,1.62,1.90,1.80,0.30,0.00,0.30,0.30,0.00,1.900,1.668,0.00,0.00,41.89,0.393,1.668,
STAK,2025-02-28,10:16:00,3.52,3.41,3.62,18000,10:40:00,3.59,pp+trail_stop,589.74,0.62,True,3.49,9000,-274.50,44.6,869210,6.86,-0.83,False,,2,8.44,8.75,3.00,1.80,0.30,0.30,0.30,0.30,0.00,3.400,1.668,0.20,0.00,29.50,1.195,1.668,
MAXN,2025-03-04,10:04:00,3.22,3.10,3.47,10620,11:41:00,3.09,stop,-2059.76,-4.02,False,,0,0.00,26.49,295043,9.16,0.29,False,,3,6.73,9.53,2.10,1.80,0.30,0.00,0.30,0.30,0.00,2.100,2.468,0.20,0.00,28.73,2.319,2.468,
EWCZ,2025-03-11,09:56:00,4.13,3.97,4.48,15233,12:28:00,4.4,pp+trail_stop,5803.98,6.15,True,4.37,7616,1841.89,67.26,423153,8.44,-46.77,False,,2,49.63,6.14,3.00,1.80,0.00,0.30,0.30,0.30,0.20,3.300,2.118,0.20,0.00,51.08,3.756,2.118,
OPRX,2025-03-13,09:38:00,7.33,7.00,8.06,20000,12:02:00,6.98,stop,-10530.00,-4.79,False,,0,0.00,26.25,935817,4.11,0.80,False,,3,16.58,4.38,1.50,2.00,0.00,0.00,0.00,0.30,0.00,1.500,2.129,0.20,0.00,17.71,0.586,2.129,
HODO,2025-03-17,10:14:00,5.12,4.99,5.37,20000,10:15:00,4.98,stop,-4349.10,-2.83,False,,0,0.00,27.36,1214723,4.76,0.72,False,,2,5.86,4.21,2.30,2.00,0.30,0.00,0.30,0.30,0.20,2.300,1.884,0.20,0.00,19.54,27.547,1.884,
TBH,2025-03-17,10:14:00,5.12,4.99,5.37,20000,10:15:00,4.98,stop,-4349.10,-2.83,False,,0,0.00,27.36,1214723,4.76,0.72,False,,2,5.86,4.21,2.30,2.00,0.30,0.00,0.30,0.30,0.20,2.300,1.884,0.20,0.00,19.54,27.547,1.884,
KBSX,2025-03-19,10:07:00,3.87,3.70,4.25,18000,10:17:00,4.72,pp+trail_stop,17183.88,16.45,True,4.30,9000,3843.63,41.5,2714018,1.25,-36.25,False,,2,10.83,1.78,2.60,1.80,0.00,0.00,0.30,0.30,0.00,2.600,1.537,0.00,0.00,21.33,0.829,1.537,
OM,2025-03-20,10:26:00,10.02,9.66,10.79,18000,10:36:00,11.27,pp+trail_stop,29271.71,10.82,True,10.94,9000,8253.81,47.96,1110199,9.25,1322.62,False,,2,7.10,9.14,2.30,1.80,0.30,0.00,0.30,0.30,0.20,2.300,1.345,0.20,0.00,1706.45,2.508,1.345,
TITN,2025-03-20,09:44:00,15.34,14.57,16.85,8307,12:37:00,16.79,pp+trail_stop,15949.57,8.34,True,16.45,4153,4611.91,39.6,230755,8.50,-15.14,False,,2,11.12,9.10,2.50,1.80,0.00,0.00,0.00,0.30,0.00,2.500,1.345,0.20,0.00,24.72,1.144,1.345,
GDHG,2025-03-26,10:18:00,3.72,3.60,3.97,20000,10:19:00,3.59,stop,-3924.00,-3.52,False,,0,0.00,52.24,2679932,7.25,-12.60,False,0.03,2,10.12,7.73,2.00,2.00,0.00,0.30,0.30,0.00,0.20,2.000,0.857,0.20,0.00,19.55,0.551,0.857,
WHLR,2025-03-31,10:44:00,3.51,3.42,3.68,26000,10:57:00,3.41,stop,-3910.14,-2.86,False,,0,0.00,21.98,2546969,5.06,-7.27,False,0.06,3,6.11,5.61,2.60,1.00,0.30,0.30,0.30,0.30,0.20,2.600,1.561,0.20,0.00,20.89,0.482,1.561,
HERE,2025-04-01,09:41:00,4.86,4.61,5.34,18000,09:54:00,5.43,pp+trail_stop,11718.54,8.93,True,5.15,9000,2650.41,54.97,998329,2.67,8.46,False,,3,12.00,3.47,1.70,1.80,0.00,0.00,0.00,0.30,0.20,1.700,1.868,0.20,0.00,21.02,1.366,1.868,
VMAR,2025-04-02,10:31:00,5.98,5.71,6.57,8991,10:48:00,8.29,pp+trail_stop,18315.01,22.71,True,6.39,4495,1846.41,106.72,249786,12.85,4.92,False,,3,16.08,11.10,1.50,1.80,0.00,0.00,0.00,0.30,0.00,1.500,2.074,0.20,0.00,36.10,4.060,2.074,
TBI,2025-04-07,10:18:00,5.29,5.13,5.57,10052,10:20:00,5.11,stop,-1763.02,-3.32,False,,0,0.00,15.39,251330,8.90,-4.38,False,-0.19,3,5.28,9.84,2.00,2.00,0.30,0.00,0.00,0.30,0.20,2.000,2.831,0.20,0.00,15.39,1.005,2.831,
TNXP,2025-04-07,09:56:00,17.19,16.82,17.89,11634,15:45:00,17.73,pp+force_close,4407.16,2.20,True,17.40,9000,1913.71,28.43,1700591,8.17,-6.97,False,-0.19,3,7.95,7.94,3.00,1.80,0.30,0.30,0.30,0.30,0.00,3.400,2.831,0.20,0.00,21.74,2.259,2.831,
FATN,2025-04-16,10:05:00,7.99,7.84,8.25,18000,10:21:00,8.32,pp+trail_stop,4180.66,2.91,True,8.13,9000,1219.95,43.65,2650064,6.29,-13.14,False,,2,5.15,5.92,3.00,1.80,0.30,0.30,0.30,0.30,0.20,3.600,2.098,0.20,0.00,23.51,2.773,2.098,
ELPW,2025-04-21,10:01:00,4.23,4.15,4.40,15088,10:06:00,4.14,stop,-1394.89,-2.19,False,,0,0.00,24.85,754448,6.31,-3.34,False,,2,6.60,6.85,2.30,1.00,0.30,0.30,0.00,0.30,0.20,2.300,1.988,0.20,0.00,15.62,0.120,1.988,
KAZR,2025-04-21,09:50:00,11.57,11.37,11.92,15515,10:00:00,11.92,pp+trail_stop,3715.41,2.07,True,11.69,7757,968.15,22.45,775786,3.46,1.41,False,,2,15.23,3.94,2.30,1.00,0.00,0.30,0.30,0.30,0.20,2.300,1.988,0.20,0.00,15.23,0.303,1.988,
SKBL,2025-04-21,09:50:00,11.57,11.37,11.92,15515,10:00:00,11.92,pp+trail_stop,3715.41,2.07,True,11.69,7757,968.15,22.45,775786,3.46,1.41,False,,2,15.23,3.94,2.30,1.00,0.00,0.30,0.30,0.30,0.20,2.300,1.988,0.20,0.00,15.23,0.303,1.988,
RYET,2025-04-30,10:36:00,5.82,5.56,6.40,12953,13:01:00,6.71,pp+trail_stop,7447.45,9.88,True,6.08,6476,1690.90,82.6,667703,10.82,0.59,False,,2,6.26,8.46,1.50,1.00,0.30,-0.30,0.00,0.30,0.00,1.500,1.392,0.20,0.00,21.55,1.786,1.392,
AIRS,2025-05-02,10:48:00,3.11,2.97,3.41,8647,10:49:00,2.96,stop,-1287.62,-4.79,False,,0,0.00,31.37,240223,13.73,26.55,False,0.01,3,7.01,13.40,1.50,1.80,0.30,-0.30,0.00,0.30,0.00,1.500,1.714,0.20,0.00,32.30,3.095,1.714,
CPS,2025-05-02,09:52:00,19.79,18.99,21.54,10106,15:45:00,21.77,pp+force_close,16455.95,8.23,True,21.07,5913,7548.59,32.22,378777,6.28,11.30,False,0.01,2,17.19,5.63,2.30,1.80,0.00,0.30,0.30,0.30,0.20,2.300,1.714,0.20,0.00,29.27,0.556,1.714,
CDIO,2025-05-13,09:38:00,4.99,4.79,5.41,18000,11:49:00,4.78,stop,-3858.66,-4.30,False,,0,0.00,15.66,1394298,2.92,2913.35,False,-0.09,2,5.31,3.18,1.20,1.80,0.30,-0.30,0.00,0.00,0.00,1.200,1.136,0.20,0.00,2986.46,1.341,1.136,
RYET,2025-05-13,10:42:00,12.89,12.49,13.54,15515,10:45:00,12.45,stop,-6787.35,-3.39,False,,0,0.00,32.29,602789,3.98,-0.31,False,-0.09,2,6.37,5.13,2.00,2.00,0.30,0.00,0.30,0.00,0.20,2.000,1.136,0.20,0.00,16.01,1.524,1.136,
TSSI,2025-05-16,09:57:00,13.92,13.49,14.84,14367,10:06:00,14.72,pp+trail_stop,13368.99,5.35,True,14.61,8876,6153.10,31.83,947907,3.84,46.56,False,-0.09,2,8.02,4.25,1.80,1.80,0.30,0.00,0.30,0.00,0.00,1.800,0.888,0.20,0.00,56.14,0.706,0.888,
TGEN,2025-05-19,10:25:00,5.14,4.91,5.65,15937,10:29:00,5.37,pp+trail_stop,4409.94,4.31,True,5.35,7968,1664.56,40.25,442725,10.05,0.92,False,0.15,3,7.05,9.49,1.40,1.80,0.30,-0.30,0.00,0.00,0.20,1.400,0.826,0.20,0.00,30.50,2.223,0.826,
RYET,2025-05-23,10:14:00,13.09,12.49,14.39,15219,10:16:00,12.45,stop,-12127.08,-4.87,False,,0,0.00,23.23,1187461,0.83,-4.14,False,0.06,2,7.32,1.46,2.20,1.80,0.30,-0.30,0.00,0.00,0.20,2.200,1.167,0.00,0.00,21.75,0.896,1.167,
KAZR,2025-05-27,10:03:00,9.74,9.54,10.11,12078,10:08:00,9.51,stop,-3451.59,-2.35,False,,0,0.00,29.43,603904,3.46,0.00,False,0.03,2,7.69,3.92,2.40,1.00,0.30,0.30,0.30,0.30,0.00,2.400,1.275,0.20,0.00,18.36,2.821,1.275,
SKBL,2025-05-27,10:03:00,9.74,9.54,10.11,12078,10:08:00,9.51,stop,-3451.59,-2.35,False,,0,0.00,29.43,603904,3.46,0.00,False,0.03,2,7.69,3.92,2.40,1.00,0.30,0.30,0.30,0.30,0.00,2.400,1.275,0.20,0.00,18.36,2.821,1.275,
ELPW,2025-05-28,09:52:00,5.73,5.47,6.30,7947,09:55:00,5.45,stop,-2745.79,-4.82,False,,0,0.00,82.06,220781,9.08,1.78,False,0.03,3,16.77,9.09,1.20,1.80,0.00,-0.30,0.00,0.30,0.00,1.200,1.401,0.20,0.00,21.28,0.361,1.401,
FMST,2025-05-28,09:42:00,3.72,3.55,4.09,20000,09:53:00,3.9,pp+trail_stop,4456.75,4.79,True,3.90,10000,1782.70,33.54,832094,7.47,9.26,False,0.03,3,13.30,7.65,1.80,2.00,0.00,0.00,0.30,0.30,0.00,1.800,1.401,0.20,0.00,15.05,2.791,1.401,
ALZN,2025-05-29,09:48:00,8.02,7.61,8.81,9354,09:49:00,7.59,stop,-5060.86,-5.40,False,,0,0.00,57.77,467721,2.80,134.34,False,-0.11,3,16.32,3.69,1.50,1.00,0.00,0.00,0.00,0.30,0.00,1.500,1.430,0.20,0.00,144.28,2.191,1.430,
LYEL,2025-06-02,09:54:00,10.35,9.88,11.38,9615,09:55:00,9.85,stop,-6005.05,-4.83,False,,0,0.00,34.64,627441,8.36,1759.40,False,0.13,2,15.76,7.55,1.10,1.80,0.00,-0.30,0.00,0.00,0.20,1.100,1.185,0.20,0.00,2239.13,1.993,1.185,
NEGG,2025-06-09,10:25:00,13.57,13.10,14.57,8999,10:28:00,13.92,pp+trail_stop,5766.19,3.78,True,14.25,4499,3046.41,67.79,931289,9.85,0.00,False,-0.01,3,7.55,9.80,1.80,1.00,0.30,0.00,0.30,0.00,0.00,1.800,0.808,0.20,0.00,29.81,1.339,0.808,
HERE,2025-06-11,09:44:00,10.65,10.19,11.68,8780,10:07:00,11.16,pp+trail_stop,6652.27,5.69,True,11.36,4390,3098.59,34.67,864816,5.08,8.77,False,-0.07,3,6.39,5.14,0.90,2.00,0.30,-0.30,0.00,-0.50,0.20,0.900,0.619,0.20,0.00,15.22,1.122,0.619,
AGIG,2025-06-16,09:52:00,11.33,10.82,12.45,17652,09:54:00,10.79,stop,-11969.38,-4.79,False,,0,0.00,45.19,2104276,1.90,-11.31,False,0.09,3,17.98,2.32,2.30,1.80,0.00,0.00,0.30,0.00,0.00,2.300,0.914,0.00,0.00,43.39,0.706,0.914,
MIND,2025-06-23,09:43:00,8.29,7.82,9.10,8280,10:26:00,7.8,stop,-5107.31,-5.95,False,,0,0.00,29.77,230029,8.59,7.44,False,-0.12,2,7.09,10.14,1.40,1.80,0.30,-0.30,0.00,0.00,0.20,1.400,0.915,0.20,0.00,25.19,0.422,0.915,
EGG,2025-07-09,09:57:00,7.19,6.96,7.66,18000,09:59:00,7.49,pp+trail_stop,7478.21,4.62,True,7.56,9000,3305.34,141.39,1142215,7.42,-4.17,False,0.02,2,7.89,6.96,2.30,1.80,0.30,0.00,0.30,-0.50,0.00,2.300,0.678,0.20,0.00,24.52,1.473,0.678,
TLIH,2025-07-15,09:49:00,4.61,4.43,4.91,13000,10:00:00,4.42,stop,-3140.96,-4.19,False,,0,0.00,17.8,1103507,2.30,4.33,False,0.04,2,12.44,3.60,1.30,1.00,0.00,0.30,0.30,-0.50,0.00,1.300,0.565,0.20,0.00,17.80,1.726,0.565,
STEM,2025-07-21,09:38:00,16.07,15.35,17.67,6252,09:44:00,17.8,pp+trail_stop,11018.39,8.77,True,17.16,3126,3417.83,29.94,815436,3.02,6.04,False,0.03,2,12.44,2.06,1.00,2.00,0.00,0.00,0.30,-0.50,0.00,1.000,0.746,0.20,0.00,17.42,2.740,0.746,
BGL,2025-07-22,10:44:00,17.8,17.00,19.57,4799,13:18:00,18.53,pp+trail_stop,6228.21,5.83,True,19.14,2399,3220.42,40.59,363820,9.22,-1.65,False,-0.09,2,7.57,9.19,1.70,1.00,0.30,-0.30,0.00,-0.50,0.00,1.700,0.556,0.20,0.00,21.63,1.765,0.556,
GEOS,2025-07-28,09:37:00,15.58,14.93,17.00,7016,10:02:00,16.26,pp+trail_stop,7503.12,5.49,True,16.61,3508,3613.31,24.17,237990,6.80,8.44,False,0.03,3,12.48,7.01,1.00,2.00,0.00,0.00,0.30,-0.50,0.00,1.000,0.495,0.20,0.00,19.89,0.537,0.495,
MGRT,2025-07-30,09:50:00,3.15,3.02,3.42,14000,09:51:00,3.01,stop,-2433.55,-4.41,False,,0,0.00,21.67,1056848,4.62,-5.92,False,-0.08,2,9.06,4.73,0.70,2.00,0.00,0.00,0.00,-0.50,0.00,0.700,0.503,0.20,0.00,18.52,2.412,0.503,
SDM,2025-08-07,10:18:00,10.74,10.37,11.54,18000,10:22:00,11.33,pp+trail_stop,16772.40,6.94,True,11.64,9000,8144.64,37.09,752520,7.92,-1.87,False,-0.07,2,6.53,7.71,2.50,1.80,0.30,0.00,0.00,0.00,0.00,2.500,0.878,0.20,0.00,25.47,1.548,0.878,
AUUD,2025-08-11,09:41:00,3.76,3.55,4.13,18000,09:42:00,3.54,stop,-4964.62,-5.87,False,,0,0.00,29.45,1087526,4.62,32.45,False,-0.02,2,11.21,5.64,1.20,1.80,0.00,0.00,0.00,0.00,0.00,1.200,0.904,0.20,0.00,40.80,1.992,0.904,
UCL,2025-08-13,09:58:00,3.76,3.59,4.13,8520,10:10:00,3.89,pp+trail_stop,2162.75,5.40,True,4.04,4260,1183.64,28.57,213011,12.38,-18.34,False,-0.06,3,6.85,11.92,1.20,2.00,0.30,-0.30,0.30,-0.50,0.20,1.200,0.748,0.20,0.00,18.73,3.092,0.748,
FBIO,2025-09-05,09:38:00,3.55,3.39,3.89,18000,10:39:00,3.38,stop,-3828.82,-4.79,False,,0,0.00,14.46,671132,3.69,14.79,False,0.02,2,7.38,3.78,1.00,1.80,0.30,-0.30,0.30,-0.50,0.00,1.000,0.780,0.20,0.00,23.16,0.732,0.780,
HOUR,2025-09-05,10:47:00,4.95,4.73,5.45,7000,10:50:00,5.18,pp+trail_stop,2534.30,5.85,True,5.29,3500,1207.04,110.12,481085,23.74,56.35,False,0.02,3,24.05,21.75,0.70,1.00,0.00,0.00,0.00,-0.50,0.00,0.700,0.780,0.20,0.00,153.17,2.680,0.780,
LE,2025-09-10,09:38:00,15.5,15.09,16.32,12903,09:41:00,15.72,pp+trail_stop,6244.97,2.50,True,16.05,6625,3655.01,24.45,331288,5.26,-5.64,False,-0.14,2,16.75,3.64,1.50,2.00,0.00,0.30,0.30,-0.50,0.20,1.500,0.782,0.20,0.00,16.75,5.171,0.782,
FABC,2025-09-11,09:53:00,4.84,4.69,5.17,6829,10:10:00,5.05,pp+trail_stop,1778.19,4.30,True,5.04,3414,689.04,37.87,341498,3.71,-4.21,False,0.01,3,14.75,3.82,2.50,1.00,0.00,0.30,0.30,-0.50,0.20,2.500,0.523,0.20,0.00,23.33,1.965,0.523,
SBLX,2025-09-11,09:53:00,4.84,4.69,5.17,6829,10:10:00,5.05,pp+trail_stop,1778.19,4.30,True,5.04,3414,689.04,37.87,341498,3.71,-4.21,False,0.01,3,14.75,3.82,2.50,1.00,0.00,0.30,0.30,-0.50,0.20,2.500,0.523,0.20,0.00,23.33,1.965,0.523,
WBTN,2025-09-16,10:17:00,19.76,19.21,20.88,2222,10:21:00,19.15,stop,-1687.69,-3.08,False,,0,0.00,15.18,754136,1.88,32.09,True,0.02,2,5.32,2.33,0.50,1.00,0.30,0.00,0.00,-0.50,0.00,0.500,0.440,0.00,-0.30,31.78,1.452,0.440,
PLTS,2025-09-26,10:05:00,13.06,12.59,14.10,6752,10:27:00,13.83,pp+trail_stop,5682.02,5.15,True,13.63,3376,1937.74,77.11,2533915,6.36,-7.09,False,-0.06,2,5.74,6.00,0.70,2.00,0.30,-0.30,0.00,-0.50,0.00,0.700,0.774,0.20,0.00,18.07,0.579,0.774,
DBGI,2025-10-02,10:52:00,7.59,7.25,8.21,14404,15:46:00,7.78,force_close,3420.95,2.50,False,,0,0.00,20.67,618317,2.10,-4.42,False,-0.08,2,5.15,3.19,0.90,2.00,0.30,-0.30,0.00,-0.50,0.20,0.900,0.743,0.20,0.00,15.11,0.526,0.743,
ZGM,2025-10-02,10:27:00,4.13,3.95,4.54,14000,11:17:00,3.94,stop,-3357.38,-4.65,False,,0,0.00,25.78,437345,5.30,-1.10,False,-0.08,3,11.11,4.68,0.70,2.00,0.00,-0.30,0.30,-0.50,0.00,0.700,0.743,0.20,0.00,16.43,5.500,0.743,
ZTG,2025-10-02,10:27:00,4.13,3.95,4.54,14000,11:17:00,3.94,stop,-3357.38,-4.65,False,,0,0.00,25.78,437345,5.30,-1.10,False,-0.08,3,11.11,4.68,0.70,2.00,0.00,-0.30,0.30,-0.50,0.00,0.700,0.743,0.20,0.00,16.43,5.500,0.743,
EPSM,2025-10-03,09:48:00,18.49,17.89,19.77,4705,09:52:00,20.75,pp+trail_stop,10316.84,9.49,True,19.74,2352,2941.41,156.26,796634,5.83,2.79,False,0.03,2,6.85,5.35,1.20,1.00,0.30,0.00,0.00,-0.50,0.20,1.200,0.760,0.20,0.00,22.02,2.454,0.760,
INDP,2025-10-08,09:50:00,3.96,3.78,4.35,14000,09:52:00,3.77,stop,-3348.45,-4.83,False,,0,0.00,34.81,1441790,6.28,-4.34,False,-0.03,3,6.30,4.45,0.70,2.00,0.30,-0.30,0.00,-0.50,0.00,0.700,0.643,0.20,0.00,17.97,12.697,0.643,
INDP,2025-10-09,10:36:00,4.8,4.67,5.05,20000,10:42:00,4.86,pp+trail_stop,2481.45,2.07,True,4.94,10000,1351.50,28.99,1480579,6.35,-7.08,False,-0.01,2,6.71,6.42,1.50,2.00,0.30,0.00,0.30,-0.50,0.20,1.500,0.606,0.20,0.00,17.94,2.367,0.606,
CCHH,2025-10-10,09:59:00,4.87,4.77,5.08,20000,10:06:00,4.76,stop,-2857.75,-2.35,False,,0,0.00,28.81,1110096,4.79,4.53,False,-0.02,3,5.72,4.89,1.50,2.00,0.30,0.30,0.00,-0.50,0.20,1.500,0.690,0.20,0.00,15.75,1.208,0.690,
DPU,2025-10-10,10:41:00,3.86,3.69,4.24,10000,10:59:00,3.68,stop,-2263.38,-4.69,False,,0,0.00,31.34,1409813,8.13,17.65,False,-0.02,3,7.34,8.45,1.00,1.00,0.30,-0.30,0.30,-0.50,0.00,1.000,0.690,0.20,0.00,23.86,1.651,0.690,
AQMS,2025-10-13,09:39:00,6.83,6.61,7.32,18000,09:45:00,7.17,pp+trail_stop,7164.90,4.66,True,7.13,9000,2686.95,108.19,2592400,2.20,12.19,False,0.01,2,6.61,2.17,1.80,1.80,0.30,0.00,0.00,0.30,0.00,1.800,1.502,0.20,0.00,20.14,2.138,1.502,
IPDN,2025-10-13,09:57:00,3.62,3.46,3.98,18000,10:43:00,3.74,pp+trail_stop,3246.15,3.99,True,3.79,9000,1508.43,43.15,2643889,8.58,-1.35,False,0.01,2,6.71,5.56,2.50,1.80,0.30,-0.30,0.00,0.30,0.00,2.500,1.502,0.20,0.00,23.29,5.937,1.502,
DFNS,2025-10-16,09:38:00,15.28,14.86,16.13,13089,09:52:00,14.82,stop,-7601.11,-3.04,False,,0,0.00,24.72,2763531,2.30,8.70,False,0.04,3,8.23,2.62,2.40,2.00,0.30,0.30,0.30,0.30,0.00,2.400,1.489,0.20,0.00,15.93,1.689,1.489,
FUSE,2025-10-23,10:36:00,3.37,3.22,3.70,18000,10:40:00,3.21,stop,-3592.35,-4.74,False,,0,0.00,51.79,3194855,6.57,,False,0.02,2,20.14,6.71,1.50,1.80,0.00,0.00,0.30,0.00,0.00,1.500,0.834,0.20,0.00,28.21,4.122,0.834,
AHMA,2025-10-30,09:39:00,7.05,6.73,7.75,12838,09:45:00,6.71,stop,-5459.20,-4.83,False,,0,0.00,22.82,819700,6.47,-0.33,False,-0.08,2,7.72,6.24,0.90,2.00,0.30,-0.30,0.00,-0.50,0.20,0.900,0.699,0.20,0.00,15.27,1.247,0.699,
ANRO,2025-11-04,09:53:00,11.07,10.78,11.64,18066,12:20:00,11.4,pp+trail_stop,8030.79,3.21,True,11.46,10000,3855.30,17.45,1452071,1.30,-1.56,False,0.02,3,6.07,1.79,1.60,2.00,0.30,0.00,0.30,0.00,0.00,1.600,0.873,0.00,0.00,17.45,6.505,0.873,
DTCK,2025-11-05,09:45:00,4.49,4.39,4.69,26000,09:47:00,4.56,pp+trail_stop,2964.49,2.03,True,4.61,13000,1509.82,62.38,2274726,1.74,-3.14,False,0.03,3,5.84,2.22,2.60,1.00,0.30,0.30,0.00,0.00,0.00,2.600,0.840,0.00,0.00,22.09,1.019,0.840,
AREN,2025-11-14,09:46:00,3.86,3.65,4.24,8235,14:59:00,4.5,pp+eod,4748.40,11.95,True,4.14,4117,1163.20,46.67,228795,12.24,-11.25,False,-0.07,3,13.65,14.03,2.70,1.80,0.00,0.00,0.30,0.00,0.20,2.700,0.948,0.20,0.00,22.06,0.211,0.948,
PAAI,2025-11-14,09:46:00,3.86,3.65,4.24,4575,15:24:00,4.42,pp+trail_stop,2639.89,11.96,True,4.23,2287,839.97,46.67,228795,12.35,-13.75,False,-0.07,3,13.65,14.14,2.70,1.00,0.00,0.00,0.30,0.00,0.20,2.700,0.948,0.20,0.00,22.06,0.211,0.948,
PHGE,2025-12-08,08:58:00,3.2,3.09,3.34,20000,09:01:00,3.08,stop,-2981.75,-3.73,False,,0,0.00,35.9,681064,6.77,-44.68,False,-0.03,2,8.19,8.29,1.80,2.00,0.30,0.30,0.30,-0.50,0.20,1.800,0.639,0.20,0.00,18.91,2.235,0.639,
LHAI,2025-12-22,10:25:00,13.95,13.32,15.34,8644,10:37:00,13.28,stop,-7238.91,-4.80,False,,0,0.00,75.02,646654,6.58,-4.38,False,-0.02,3,12.39,6.06,1.20,2.00,0.00,0.00,0.00,0.00,0.00,1.200,0.975,0.20,0.00,18.80,2.662,0.975,
KZIA,2025-12-23,10:36:00,8.12,7.76,8.93,10251,10:54:00,9.13,pp+trail_stop,11853.89,11.39,True,8.96,5125,4292.94,49.02,284764,5.48,-0.90,False,0.19,3,15.40,5.64,2.30,1.80,0.00,0.30,0.30,-0.50,0.00,2.300,0.750,0.20,0.00,49.02,9.967,0.750,
KXIN,2025-12-29,10:15:00,5.2,4.96,5.65,18000,10:32:00,4.95,stop,-5734.80,-4.90,False,,0,0.00,20.84,1456492,5.67,-13.95,False,0.01,3,5.40,,2.20,1.80,0.30,-0.30,0.30,-0.50,0.20,2.200,0.473,0.20,0.00,20.84,0.331,0.473,
CHRN,2025-12-30,10:14:00,8.63,8.35,9.23,3334,10:17:00,8.85,pp+trail_stop,951.42,2.65,True,8.86,1667,388.96,62.82,468967,2.12,60.81,True,0.04,2,5.56,2.56,0.40,1.00,0.30,-0.30,0.00,-0.50,0.00,0.400,0.415,0.20,-0.30,59.71,1.707,0.415,
EKSO,2025-12-30,10:14:00,8.63,8.35,9.23,5835,10:17:00,8.85,pp+trail_stop,1665.12,2.65,True,8.86,2917,680.62,62.82,468967,2.17,43.77,False,0.04,2,5.56,2.63,0.70,1.00,0.30,-0.30,0.00,-0.50,0.00,0.700,0.415,0.20,0.00,60.81,1.707,0.415,
PLRZ,2026-01-05,10:32:00,13.38,12.72,14.70,6792,10:39:00,12.68,stop,-5927.38,-5.22,False,,0,0.00,23.63,1696391,8.88,-11.92,False,0.11,3,6.98,9.62,0.90,2.00,0.30,-0.30,0.00,-0.50,0.20,0.900,0.718,0.20,0.00,18.99,0.890,0.718,
VELO,2026-01-06,09:49:00,17.1,16.64,17.85,11695,10:08:00,17.25,pp+trail_stop,2111.84,0.84,True,17.24,10000,1408.22,32.0,1889690,4.90,2.81,False,0.06,2,7.64,5.78,1.80,2.00,0.30,0.30,0.30,-0.50,0.20,1.800,0.770,0.20,0.00,16.20,0.621,0.770,
MENS,2026-01-20,09:56:00,3.8,3.63,4.18,12000,10:01:00,3.94,pp+trail_stop,2812.53,4.93,True,4.04,6000,1421.12,28.12,1990768,7.22,-1.20,False,0.14,2,6.46,7.05,1.20,1.00,0.30,-0.30,0.30,-0.50,0.20,1.200,0.679,0.20,0.00,18.12,1.448,0.679,
BNRG,2026-01-27,10:00:00,3.19,3.03,3.50,18000,14:18:00,3.31,pp+trail_stop,4159.01,5.79,True,3.44,9000,2246.85,29.24,926502,0.09,-1.95,False,0.00,2,5.17,0.85,1.80,1.80,0.30,-0.30,0.30,-0.50,0.00,1.800,0.592,0.00,0.00,29.24,4.235,0.592,
BRNX,2026-01-27,10:00:00,3.19,3.03,3.50,18000,14:18:00,3.31,pp+trail_stop,4159.01,5.79,True,3.44,9000,2246.85,29.24,926502,0.09,-1.95,False,0.00,2,5.17,0.85,1.80,1.80,0.30,-0.30,0.30,-0.50,0.00,1.800,0.592,0.00,0.00,29.24,4.235,0.592,
KPTI,2026-02-12,09:46:00,7.81,7.51,8.46,14947,10:07:00,8.5,pp+trail_stop,12508.52,8.57,True,8.45,7473,4816.80,47.92,415232,6.70,-11.80,False,0.00,2,6.48,5.67,2.50,1.80,0.30,-0.30,0.30,0.00,0.00,2.500,0.985,0.20,0.00,22.36,2.246,0.985,
ADVB,2026-02-24,10:42:00,4.88,4.72,5.23,15292,10:48:00,4.71,stop,-3994.88,-3.57,False,,0,0.00,57.61,424841,7.11,-0.49,False,-0.02,3,9.75,6.32,2.70,1.80,0.00,0.00,0.30,0.00,0.20,2.700,1.106,0.20,0.00,20.30,1.660,1.106,
LAW,2026-02-25,10:02:00,3.1,2.96,3.40,17816,11:06:00,2.95,stop,-3978.67,-4.80,False,,0,0.00,30.2,494942,13.01,-12.27,False,0.11,3,10.81,12.10,2.40,1.80,0.00,-0.30,0.00,0.30,0.20,2.400,1.288,0.20,0.00,25.71,1.998,1.288,
RRGB,2026-02-26,09:47:00,4.74,4.60,5.04,4106,10:28:00,4.83,pp+trail_stop,601.40,2.47,True,4.89,2053,298.30,23.13,205344,5.39,16.80,False,-0.14,2,5.86,5.39,1.50,1.00,0.30,0.00,0.00,0.00,0.00,1.500,1.054,0.20,0.00,28.10,1.339,1.054,
ANPA,2026-02-27,10:14:00,11.04,10.55,12.14,18000,10:16:00,10.52,stop,-11737.12,-4.73,False,,0,0.00,36.84,539950,3.60,-1.48,False,0.05,2,15.20,4.10,2.50,1.80,0.00,0.00,0.30,0.00,0.00,2.500,1.018,0.20,0.00,36.84,0.441,1.018,
ALMU,2026-03-02,09:39:00,18.08,17.26,19.88,6674,14:24:00,19.29,pp+trail_stop,11858.35,6.55,True,19.24,3337,3861.29,27.83,416157,4.33,7.63,False,0.07,2,13.47,4.71,1.20,2.00,0.00,0.00,0.00,0.00,0.00,1.200,0.864,0.20,0.00,16.35,0.423,0.864,
QCLS,2026-03-06,10:20:00,3.97,3.79,4.36,6560,10:39:00,4.11,pp+trail_stop,2041.11,5.22,True,4.25,3280,909.28,45.76,328015,4.82,-2.59,False,-0.08,2,7.50,5.24,2.50,1.00,0.30,-0.30,0.00,0.30,0.00,2.500,1.500,0.20,0.00,20.87,0.859,1.500,
XGN,2026-03-10,10:06:00,3.33,3.19,3.59,13004,10:08:00,3.18,stop,-2917.51,-4.49,False,,0,0.00,30.14,325117,6.08,0.59,False,0.11,3,10.14,7.11,2.00,2.00,0.00,0.00,0.30,0.30,0.20,2.000,1.688,0.20,0.00,17.87,10.063,1.688,
EDHL,2026-03-13,10:13:00,3.64,3.51,3.84,8420,10:21:00,3.67,pp+trail_stop,837.97,1.82,True,3.74,4210,415.74,34.46,210545,3.31,8.67,False,0.12,2,8.78,4.68,2.00,2.00,0.30,0.30,0.00,0.00,0.20,2.000,1.048,0.20,0.00,18.15,0.216,1.048,
MKDW,2026-03-25,09:59:00,3.66,3.52,3.96,10398,10:01:00,3.77,pp+trail_stop,2550.03,4.47,True,3.88,5199,1135.10,70.15,259956,7.41,6.51,False,,2,9.06,6.54,2.00,2.00,0.00,0.00,0.30,0.30,0.20,2.000,1.428,0.20,0.00,17.26,3.684,1.428,
MKDW,2026-03-26,09:51:00,6.13,5.86,6.73,13352,10:11:00,6.69,pp+trail_stop,10751.82,8.76,True,6.64,6676,3430.19,56.0,370929,5.43,0.38,False,,2,17.99,5.67,2.00,1.80,0.00,0.30,0.30,0.00,0.20,2.000,1.148,0.20,0.00,34.17,0.588,1.148,
GLND,2026-04-01,09:47:00,8.22,8.02,8.62,20000,10:32:00,8.0,stop,-6721.80,-2.73,False,,0,0.00,22.31,1453348,3.59,-0.57,False,,3,6.79,4.01,2.60,2.00,0.30,0.30,0.30,0.30,0.20,2.600,1.799,0.20,0.00,18.37,1.683,1.799,
RUBI,2026-04-09,10:42:00,3.78,3.64,4.07,18000,13:44:00,3.89,pp+trail_stop,3858.97,4.54,True,4.01,9000,2081.97,25.04,918202,1.18,942.18,True,,2,6.15,1.68,1.20,1.80,0.30,0.00,0.00,0.00,0.20,1.200,0.930,0.00,-0.30,964.52,0.307,0.930,
TMCR,2026-04-09,09:57:00,11.56,11.21,12.29,17301,10:33:00,13.49,pp+trail_stop,30532.31,12.21,True,12.46,9000,8077.63,35.68,588449,0.43,-14.07,False,,2,7.47,0.93,2.60,1.80,0.30,0.00,0.30,0.00,0.00,2.600,0.930,0.00,0.00,21.21,0.547,0.930,
AGCC,2026-04-13,10:07:00,14.07,13.49,15.35,3902,15:45:00,14.95,pp+force_close,4377.34,6.38,True,14.98,1951,1784.99,24.18,282595,0.29,0.00,False,,2,6.50,0.69,1.00,1.00,0.30,-0.30,0.00,0.00,0.00,1.000,0.820,0.00,0.00,24.18,3.723,0.820,
NPT,2026-04-20,09:44:00,4.33,4.14,4.76,20000,10:07:00,4.5,pp+trail_stop,6031.12,5.57,True,4.65,10000,3160.20,34.62,1291133,5.30,-2.02,False,,2,7.56,5.19,1.20,2.00,0.30,-0.30,0.00,0.00,0.00,1.200,0.808,0.20,0.00,16.03,0.452,0.808,
KITT,2026-04-21,09:42:00,3.07,2.97,3.18,18000,09:49:00,2.96,stop,-2450.48,-3.55,False,,0,0.00,15.28,2120831,1.64,671.19,True,,3,7.10,3.31,1.30,1.80,0.30,0.30,0.30,-0.50,0.20,1.300,0.694,0.00,-0.30,678.82,6.625,0.694,
EUDA,2026-05-01,10:22:00,17.34,16.65,18.83,6674,10:31:00,16.6,stop,-6173.04,-4.27,False,,0,0.00,16.92,320537,4.62,4.61,False,,2,7.12,3.60,1.00,2.00,0.30,-0.30,0.30,-0.50,0.00,1.000,0.789,0.20,0.00,17.07,2.590,0.789,
VEEE,2026-05-07,09:51:00,6.87,6.59,7.27,20000,10:00:00,6.57,stop,-7494.25,-4.36,False,,0,0.00,23.75,2681514,4.96,7.15,False,,2,7.09,6.18,1.50,2.00,0.30,0.00,0.00,0.00,0.00,1.500,0.806,0.20,0.00,15.94,3.355,0.806,
BNZI,2026-05-11,10:16:00,6.93,6.62,7.62,10154,10:23:00,7.15,pp+trail_stop,3667.85,4.17,True,7.28,5077,1799.70,27.55,2524008,9.82,0.00,False,,2,5.98,9.11,0.70,2.00,0.30,-0.30,0.00,-0.50,0.00,0.700,0.761,0.20,0.00,15.84,1.372,0.761,
PARA,2026-05-11,10:16:00,6.93,6.62,7.62,10154,10:23:00,7.15,pp+trail_stop,3667.85,4.17,True,7.28,5077,1799.70,27.55,2524008,9.82,0.00,False,,2,5.98,9.11,0.70,2.00,0.30,-0.30,0.00,-0.50,0.00,0.700,0.761,0.20,0.00,15.84,1.372,0.761,
TRT,2026-05-14,10:18:00,13.34,12.98,14.05,10526,10:57:00,12.94,stop,-5249.05,-2.99,False,,0,0.00,23.96,2623045,4.13,11.73,False,,2,5.40,4.41,1.50,1.00,0.30,0.00,0.00,0.00,0.00,1.500,0.898,0.20,0.00,25.59,4.219,0.898,
TRT,2026-05-15,10:45:00,18.47,17.82,19.87,6440,11:19:00,19.12,pp+trail_stop,6195.34,4.17,True,19.36,3220,2855.35,47.14,2740118,11.90,6.28,False,,3,6.95,12.10,1.80,1.00,0.30,0.00,0.30,0.00,0.00,1.800,0.969,0.20,0.00,28.89,1.800,0.969,
MLGO,2026-05-20,10:15:00,4.6,4.40,5.06,12159,12:30:00,5.35,pp+trail_stop,8426.29,12.05,True,4.96,6079,2158.59,81.27,607952,8.33,-1.04,False,,2,6.40,8.49,2.40,1.00,0.30,-0.30,0.00,0.00,0.20,2.400,0.892,0.20,0.00,20.84,2.054,0.892,
WW,2026-05-22,09:37:00,13.15,12.56,14.46,3439,09:40:00,12.52,stop,-2698.24,-4.77,False,,0,0.00,17.2,364887,7.01,12.19,False,,2,11.41,6.67,0.90,1.00,0.00,-0.30,0.00,0.00,0.00,0.900,0.996,0.20,0.00,27.25,1.283,0.996,
PUSA,2026-05-28,09:49:00,4.37,4.18,4.81,7000,10:57:00,4.67,pp+trail_stop,2720.07,7.11,True,4.70,3500,1140.20,24.04,768225,3.53,17.71,False,,2,5.24,3.79,0.70,1.00,0.30,-0.30,0.00,-0.50,0.00,0.700,0.508,0.20,0.00,20.71,0.440,0.508,
BNAI,2026-06-02,10:07:00,15.3,14.74,16.50,3749,10:16:00,14.7,stop,-2831.52,-3.95,False,,0,0.00,28.22,315096,8.06,-3.73,False,,3,9.22,8.16,0.90,1.00,0.00,0.00,0.00,-0.50,0.20,0.900,0.660,0.20,0.00,16.09,0.886,0.660,
ICCM,2026-06-04,10:11:00,4.74,4.54,5.13,13000,10:24:00,5.06,pp+trail_stop,6573.45,8.53,True,5.22,6500,3147.82,37.11,1880493,5.91,2905.93,False,,2,7.00,6.12,1.30,1.00,0.30,0.00,0.30,-0.50,0.00,1.300,0.639,0.20,0.00,2994.92,2.181,0.639,
DAIC,2026-06-09,10:12:00,3.22,3.10,3.48,18000,10:14:00,3.09,stop,-2909.25,-4.02,False,,0,0.00,85.16,1828453,0.42,24.34,False,,2,7.51,0.92,1.60,1.80,0.30,0.00,0.00,0.30,0.00,1.600,1.410,0.00,0.00,51.33,1.202,1.410,
LESL,2026-06-09,10:05:00,6.77,6.58,7.17,21000,10:19:00,6.56,stop,-5505.68,-3.10,False,,0,0.00,62.48,2755669,10.28,1.75,False,,3,6.11,10.61,2.10,1.00,0.30,0.00,0.30,0.30,0.00,2.100,1.410,0.20,0.00,33.69,1.346,1.410,
GLXG,2026-06-11,09:47:00,3.42,3.26,3.76,15000,09:52:00,3.89,pp+trail_stop,7033.70,10.97,True,3.70,7500,2115.45,137.13,939573,13.85,191.98,False,,3,32.44,11.54,1.50,1.00,0.00,0.00,0.00,0.30,0.00,1.500,2.044,0.20,0.00,246.28,2.210,2.044,
INDP,2026-06-11,10:25:00,3.24,3.12,3.37,30000,10:39:00,3.27,pp+trail_stop,1037.53,0.85,True,3.27,15000,377.62,56.37,2664475,3.09,-0.82,False,,3,6.67,4.74,3.00,1.00,0.30,0.30,0.30,0.30,0.00,3.400,2.044,0.20,0.00,41.15,6.915,2.044,
CRE,2026-06-12,10:23:00,3.17,3.04,3.43,20000,10:33:00,3.38,pp+trail_stop,6242.75,7.88,True,3.46,10000,2895.90,29.01,504064,2.29,0.91,False,,2,11.25,2.76,2.10,2.00,0.00,0.30,0.30,0.30,0.00,2.100,2.439,0.20,0.00,16.18,0.207,2.439,
ARQQ,2026-06-16,09:49:00,19.81,19.05,21.46,10095,10:55:00,18.99,stop,-10311.42,-4.12,False,,0,0.00,20.76,887398,6.84,-3.01,False,,3,7.07,6.41,2.10,2.00,0.30,0.00,0.30,0.30,0.00,2.100,1.362,0.20,0.00,15.94,2.126,1.362,
LPA,2026-06-18,09:45:00,4.24,4.12,4.44,12780,09:46:00,4.11,stop,-2114.45,-3.12,False,,0,0.00,25.14,639041,0.23,31.53,False,,3,5.53,1.22,1.60,1.00,0.30,0.00,0.30,0.00,0.00,1.600,1.048,0.00,0.00,39.79,0.846,1.048,
MF,2026-06-26,10:17:00,7.95,7.49,8.72,10967,11:41:00,7.47,stop,-6614.06,-6.07,False,,0,0.00,41.8,2680369,2.94,0.84,False,,3,22.19,4.85,1.70,1.00,0.00,0.30,0.00,0.00,0.20,1.700,1.195,0.20,0.00,41.80,0.039,1.195,
UBXG,2026-07-10,09:50:00,4.86,4.65,5.35,18000,09:54:00,4.64,stop,-5038.88,-4.61,False,,0,0.00,71.34,2865638,6.86,-6.70,False,,2,8.98,7.11,1.50,1.80,0.30,-0.30,0.30,0.00,0.00,1.500,0.842,0.20,0.00,20.76,1.364,0.842,
MIMI,2026-07-13,09:53:00,3.2,3.09,3.42,15000,09:54:00,3.08,stop,-2236.31,-3.73,False,,0,0.00,29.59,2812524,3.16,33.02,False,,2,7.74,3.58,1.50,1.00,0.30,0.00,0.00,0.00,0.00,1.500,0.911,0.20,0.00,47.91,1.478,0.911,
FBYD,2026-07-15,09:42:00,12.64,12.07,13.89,8486,14:04:00,12.03,stop,-6430.38,-4.80,False,,0,0.00,28.16,212168,10.03,-0.56,False,,2,8.03,9.65,1.20,2.00,0.30,-0.30,0.30,-0.50,0.20,1.200,0.798,0.20,0.00,19.70,1.672,0.798,
RBNE,2026-07-16,10:39:00,4.8,4.69,5.04,13960,10:49:00,4.68,stop,-2165.03,-2.58,False,,0,0.00,45.83,387808,2.48,-1.14,False,,2,6.22,2.92,2.00,1.80,0.30,0.00,0.00,-0.50,0.00,2.000,0.711,0.20,0.00,21.53,0.867,0.711,
TNON,2026-08-10,10:11:00,5.02,4.89,5.30,13000,10:52:00,6.26,pp+trail_stop,11825.21,14.50,True,5.23,6500,1392.63,54.76,1202955,2.13,3693.89,False,,2,5.26,1.61,1.30,1.00,0.30,0.00,0.30,-0.50,0.00,1.300,0.694,0.20,0.00,3793.13,7.541,0.694,
AKAN,2026-08-14,10:18:00,8.24,7.87,9.06,7682,10:20:00,7.85,stop,-3779.64,-4.78,False,,0,0.00,38.95,895696,3.84,53.89,False,,3,6.86,4.23,0.70,1.80,0.30,-0.30,0.00,-0.50,0.00,0.700,0.617,0.20,0.00,71.85,2.222,0.617,
AGPU,2026-08-17,09:42:00,8.85,8.46,9.74,3972,09:55:00,9.13,pp+trail_stop,2142.09,4.87,True,9.44,1986,1164.40,47.26,636065,6.70,-5.93,False,,3,15.15,6.41,0.70,1.00,0.00,0.00,0.00,-0.50,0.00,0.700,0.528,0.20,0.00,19.22,0.426,0.528,
DUOT,2026-08-18,09:39:00,12.45,11.99,13.43,6379,10:52:00,11.95,stop,-3954.74,-3.98,False,,0,0.00,16.96,997649,4.32,11.06,False,,3,10.44,4.56,0.70,1.80,0.00,0.00,0.00,-0.50,0.00,0.700,0.555,0.20,0.00,20.72,0.742,0.555,
SGLY,2026-08-18,09:26:00,6.9,6.71,7.25,8588,09:29:00,6.69,stop,-2255.75,-3.05,False,,0,0.00,105.79,429446,3.65,47.19,False,,2,5.06,4.26,1.00,1.00,0.30,0.00,0.00,-0.50,0.00,1.000,0.555,0.20,0.00,53.20,1.407,0.555,
DBGI,2026-08-19,09:50:00,12.62,12.06,13.88,5572,10:01:00,13.21,pp+trail_stop,5847.11,6.65,True,13.71,2786,3033.26,23.65,282509,7.02,2.25,False,,2,5.82,6.12,0.70,2.00,0.30,-0.30,0.00,-0.50,0.00,0.700,0.441,0.20,0.00,15.18,3.103,0.441,
RDAC,2026-08-24,10:18:00,5.98,5.88,6.15,18000,10:21:00,6.03,pp+trail_stop,1951.76,1.45,True,6.10,9000,1094.76,29.16,901995,2.22,-8.35,False,,2,17.86,2.72,2.30,1.80,0.00,0.30,0.30,-0.50,0.00,2.300,0.617,0.20,0.00,22.70,1.106,0.617,
VCIG,2026-08-24,09:50:00,3.51,3.39,3.76,15000,09:58:00,3.38,stop,-2440.69,-3.71,False,,0,0.00,25.86,1394997,4.13,1403.05,False,,2,7.43,3.87,1.50,1.00,0.30,0.00,0.30,-0.50,0.20,1.500,0.617,0.20,0.00,1538.37,4.208,0.617,
MOVE,2026-09-02,09:44:00,14.27,13.57,15.52,8000,09:51:00,13.53,stop,-7407.10,-5.19,False,,0,0.00,23.78,486587,4.63,-4.06,False,,2,5.08,5.55,1.00,2.00,0.30,-0.30,0.30,-0.50,0.00,1.000,0.674,0.20,0.00,16.02,2.378,0.674,
CHPT,2026-09-03,10:12:00,7.88,7.69,8.25,8430,10:38:00,8.46,pp+trail_stop,4058.31,4.89,True,8.07,4215,782.85,39.34,421531,4.37,28.71,False,,3,6.91,4.79,1.30,1.00,0.30,0.30,0.00,-0.50,0.00,1.300,0.576,0.20,0.00,51.06,1.993,0.576,
