day,symbol,trig_m,level,o_t,preopen,rekeyed,k100_cls,k100_off,k100_fill,k100_pos,k100_small,k100_rr0,k100_pnl0,k100_pnl10,k100_pnl25,k100_fx0,k200_cls,k200_off,k200_fill,k200_pos,k200_small,k200_rr0,k200_pnl0,k200_pnl10,k200_pnl25,k200_fx0,k300_cls,k300_off,k300_fill,k300_pos,k300_small,k300_rr0,k300_pnl0,k300_pnl10,k300_pnl25,k300_fx0,k500_cls,k500_off,k500_fill,k500_pos,k500_small,k500_rr0,k500_pnl0,k500_pnl10,k500_pnl25,k500_fx0,rank5,nuniv5,rank10,nuniv10
2026-08-17,AGPU,575,8.558000000000002,8.56,1,0,clean,0.0,8.5837,21572.91,0.0,1.752,5238.91,5180.18,5093.63,5238.78,clean,0.0,8.5837,21572.91,0.0,1.752,5238.91,5180.18,5093.63,5238.78,clean,0.0,8.5837,21572.91,0.0,1.752,5238.91,5180.18,5093.63,5238.78,clean,0.0,8.5837,21572.91,0.0,1.752,5238.91,5180.18,5093.63,5238.78,62,62,,
2026-08-17,ASTX,589,16.456000000000003,16.4,0,0,clean,0.0,16.5054,25000.0,0.0,-0.8253,-1937.51,-1960.56,-1995.04,-1937.44,clean,0.0,16.5054,25000.0,0.0,-0.8253,-1937.51,-1960.56,-1995.04,-1937.44,clean,0.0,16.5054,25000.0,0.0,-0.8253,-1937.51,-1960.56,-1995.04,-1937.44,clean,0.0,16.5054,25000.0,0.0,-0.8253,-1937.51,-1960.56,-1995.04,-1937.44,12,64,16.0,64.0
2026-08-17,CDTG,580,2.387,2.2445,0,0,clean,0.0,2.3942,15378.75,0.0,0.4931,1166.67,1173.14,1182.83,809.44,clean,0.0,2.3942,15378.75,0.0,0.4931,1166.67,1173.14,1182.83,809.44,clean,0.0,2.3942,15378.75,0.0,0.4931,1166.67,1173.14,1182.83,809.44,clean,0.0,2.3942,15378.75,0.0,0.4931,1166.67,1173.14,1182.83,809.44,64,64,61.0,62.0
2026-08-17,CIFG,590,5.775,5.76,0,1,clean,20.0,5.7923,2792.1,0.0,-0.1518,-43.03,-45.78,-49.9,-43.03,clean,20.0,5.7923,2792.1,0.0,-0.1518,-43.03,-45.78,-49.9,-43.03,clean,20.0,5.7923,2792.1,0.0,-0.1518,-43.03,-45.78,-49.9,-43.03,clean,20.0,5.7923,2792.1,0.0,-0.1518,-43.03,-45.78,-49.9,-43.03,7,64,15.0,64.0
2026-08-17,CORD,577,2.552,2.53,0,0,clean,0.0,2.5597,25000.0,0.0,-1.0078,-2863.46,-2885.59,-2918.7,-2863.39,clean,0.0,2.5597,25000.0,0.0,-1.0078,-2863.46,-2885.59,-2918.7,-2863.39,clean,0.0,2.5597,25000.0,0.0,-1.0078,-2863.46,-2885.59,-2918.7,-2863.39,clean,0.0,2.5597,25000.0,0.0,-1.0078,-2863.46,-2885.59,-2918.7,-2863.39,9,62,,
2026-08-17,CRCA,580,16.456000000000003,16.3,0,1,clean,1.0,16.5054,3364.2,0.0,0.0643,18.31,14.93,9.86,18.3,clean,1.0,16.5054,3364.2,0.0,0.0643,18.31,14.93,9.86,18.3,clean,1.0,16.5054,3364.2,0.0,0.0643,18.31,14.93,9.86,18.3,clean,1.0,16.5054,3364.2,0.0,0.0643,18.31,14.93,9.86,18.3,9,64,52.0,62.0
2026-08-17,CRCG,580,11.1485,11.02,0,1,clean,1.0,11.1819,25000.0,0.0,0.04,95.15,70.07,32.54,95.21,clean,1.0,11.1819,25000.0,0.0,0.04,95.15,70.07,32.54,95.21,clean,1.0,11.1819,25000.0,0.0,0.04,95.15,70.07,32.54,95.21,clean,1.0,11.1819,25000.0,0.0,0.04,95.15,70.07,32.54,95.21,11,64,56.0,62.0
2026-08-17,DFSC,579,2.9480000000000004,2.7779,0,1,clean,10.0,2.9568,25000.0,0.0,-1.0075,-2970.24,-2992.26,-3025.22,-2970.23,clean,10.0,2.9568,25000.0,0.0,-1.0075,-2970.24,-2992.26,-3025.22,-2970.23,clean,10.0,2.9568,25000.0,0.0,-1.0075,-2970.24,-2992.26,-3025.22,-2970.23,clean,10.0,2.9568,25000.0,0.0,-1.0075,-2970.24,-2992.26,-3025.22,-2970.23,51,63,,
2026-08-17,EYPT,575,4.466,4.345,0,0,clean,0.0,4.4794,25000.0,0.0,0.4261,1256.51,1230.28,1187.24,1256.36,clean,0.0,4.4794,25000.0,0.0,0.4261,1256.51,1230.28,1187.24,1256.36,clean,0.0,4.4794,25000.0,0.0,0.4261,1256.51,1230.28,1187.24,1256.36,clean,0.0,4.4794,25000.0,0.0,0.4261,1256.51,1230.28,1187.24,1256.36,1,62,,
2026-08-17,FDMT,596,13.42,13.265,0,1,clean,6.0,13.4603,25000.0,0.0,0.5328,1316.85,1290.53,1251.15,1316.81,clean,6.0,13.4603,25000.0,0.0,0.5328,1316.85,1290.53,1251.15,1316.81,clean,6.0,13.4603,25000.0,0.0,0.5328,1316.85,1290.53,1251.15,1316.81,clean,6.0,13.4603,25000.0,0.0,0.5328,1316.85,1290.53,1251.15,1316.81,14,64,19.0,64.0
2026-08-17,HAO,593,4.389,4.1531,0,1,clean,26.0,4.4022,9838.65,0.0,-1.0054,-1567.06,-1575.34,-1587.72,-1120.5,clean,26.0,4.4022,9838.65,0.0,-1.0054,-1567.06,-1575.34,-1587.72,-1120.5,clean,26.0,4.4022,9838.65,0.0,-1.0054,-1567.06,-1575.34,-1587.72,-1120.5,clean,26.0,4.4022,9838.65,0.0,-1.0054,-1567.06,-1575.34,-1587.72,-1120.5,64,64,63.0,64.0
2026-08-17,INDI,630,5.115000000000001,5.045,0,0,clean,0.0,5.1303,25000.0,0.0,-0.8277,-1759.26,-1782.48,-1817.23,-1759.26,clean,0.0,5.1303,25000.0,0.0,-0.8277,-1759.26,-1782.48,-1817.23,-1759.26,clean,0.0,5.1303,25000.0,0.0,-0.8277,-1759.26,-1782.48,-1817.23,-1759.26,clean,0.0,5.1303,25000.0,0.0,-0.8277,-1759.26,-1782.48,-1817.23,-1759.26,18,65,40.0,65.0
2026-08-17,JDZG,615,4.312,4.18,0,0,clean,0.0,4.3249,21238.2,0.0,-1.0147,-1395.49,-1415.33,-1445.03,-1395.48,clean,0.0,4.3249,21238.2,0.0,-1.0147,-1395.49,-1415.33,-1445.03,-1395.48,clean,0.0,4.3249,21238.2,0.0,-1.0147,-1395.49,-1415.33,-1445.03,-1395.48,clean,0.0,4.3249,21238.2,0.0,-1.0147,-1395.49,-1415.33,-1445.03,-1395.48,27,64,25.0,64.0
2026-08-17,RDWU,611,11.418,11.255,0,1,miss_noelect,,,,,,,,,,miss_noelect,,,,,,,,,,miss_noelect,,,,,,,,,,miss_noelect,,,,,,,,,,20,64,22.0,64.0
2026-08-17,RKLX,591,27.412000000000003,27.25,0,1,miss_noelect,,,,,,,,,,miss_noelect,,,,,,,,,,miss_noelect,,,,,,,,,,miss_noelect,,,,,,,,,,16,64,11.0,64.0
2026-08-17,XHLD,577,6.589,6.45,0,0,clean,0.0,6.6088,17031.6,0.0,0.1936,330.65,313.29,287.3,330.61,clean,0.0,6.6088,17031.6,0.0,0.1936,330.65,313.29,287.3,330.61,clean,0.0,6.6088,17031.6,0.0,0.1936,330.65,313.29,287.3,330.61,clean,0.0,6.6088,17031.6,0.0,0.1936,330.65,313.29,287.3,330.61,29,62,,
2026-08-17,YSS,575,11.396,11.64,1,0,adverse,1.0,11.51,25000.0,0.0,-0.8087,-2039.13,-2039.13,-2039.13,-2039.03,adverse,0.0,11.6239,25000.0,0.0,-0.8259,-2264.42,-2264.42,-2264.42,-2264.32,gap_into,0.0,11.64,25000.0,0.0,-0.8281,-2295.86,-2295.86,-2295.86,-2295.76,gap_into,0.0,11.64,25000.0,0.0,-0.8281,-2295.86,-2295.86,-2295.86,-2295.76,9,62,,
2026-08-18,AIAI,605,5.511,5.46,0,0,clean,0.0,5.5275,10652.4,0.0,0.0038,-8.03,-18.68,-34.61,-8.01,clean,0.0,5.5275,10652.4,0.0,0.0038,-8.03,-18.68,-34.61,-8.01,clean,0.0,5.5275,10652.4,0.0,0.0038,-8.03,-18.68,-34.61,-8.01,clean,0.0,5.5275,10652.4,0.0,0.0038,-8.03,-18.68,-34.61,-8.01,24,74,48.0,74.0
2026-08-18,ANGX,608,5.269,5.2309,0,0,clean,0.0,5.2848,25000.0,0.0,-1.0135,-1753.23,-1776.46,-1811.22,-1753.25,clean,0.0,5.2848,25000.0,0.0,-1.0135,-1753.23,-1776.46,-1811.22,-1753.25,clean,0.0,5.2848,25000.0,0.0,-1.0135,-1753.23,-1776.46,-1811.22,-1753.25,clean,0.0,5.2848,25000.0,0.0,-1.0135,-1753.23,-1776.46,-1811.22,-1753.25,16,74,17.0,74.0
2026-08-18,BOXL,579,7.722,7.65,0,0,clean,0.0,7.7452,14798.7,0.0,-0.0204,-46.74,-61.49,-83.57,-46.79,clean,0.0,7.7452,14798.7,0.0,-0.0204,-46.74,-61.49,-83.57,-46.79,clean,0.0,7.7452,14798.7,0.0,-0.0204,-46.74,-61.49,-83.57,-46.79,clean,0.0,7.7452,14798.7,0.0,-0.0204,-46.74,-61.49,-83.57,-46.79,29,71,,
2026-08-18,DLLL,575,28.886000000000003,28.655,0,1,clean,4.0,28.9727,25000.0,0.0,-1.0093,-2449.46,-2471.99,-2505.71,-2449.43,clean,4.0,28.9727,25000.0,0.0,-1.0093,-2449.46,-2471.99,-2505.71,-2449.43,clean,4.0,28.9727,25000.0,0.0,-1.0093,-2449.46,-2471.99,-2505.71,-2449.43,clean,4.0,28.9727,25000.0,0.0,-1.0093,-2449.46,-2471.99,-2505.71,-2449.43,20,64,,
2026-08-18,EYPT,575,5.203000000000001,5.34,1,0,adverse,2.0,5.255,25000.0,0.0,0.4349,1137.88,1137.88,1137.88,1137.81,adverse,1.0,5.3071,25000.0,0.0,0.3112,881.59,881.59,881.59,881.52,gap_into,0.0,5.34,25000.0,0.0,0.2434,721.91,721.91,721.91,721.85,gap_into,0.0,5.34,25000.0,0.0,0.2434,721.91,721.91,721.91,721.85,5,64,,
2026-08-18,FCEL,575,23.276000000000003,23.55,1,0,adverse,0.0,23.5088,25000.0,0.0,-0.4748,-1413.91,-1413.91,-1413.91,-1413.75,gap_into,0.0,23.55,24876.76,0.0,-0.4824,-1448.04,-1448.04,-1448.04,-1447.88,gap_into,0.0,23.55,24876.76,0.0,-0.4824,-1448.04,-1448.04,-1448.04,-1447.88,gap_into,0.0,23.55,24876.76,0.0,-0.4824,-1448.04,-1448.04,-1448.04,-1447.88,15,64,,
2026-08-18,FCUV,579,7.194000000000001,6.83,0,0,clean,0.0,7.2156,25000.0,0.0,1.6367,3813.8,3785.0,3741.91,3813.76,clean,0.0,7.2156,25000.0,0.0,1.6367,3813.8,3785.0,3741.91,3813.76,clean,0.0,7.2156,25000.0,0.0,1.6367,3813.8,3785.0,3741.91,3813.76,clean,0.0,7.2156,25000.0,0.0,1.6367,3813.8,3785.0,3741.91,3813.76,33,71,,
2026-08-18,FGI,586,9.768000000000002,9.75,0,0,clean,0.0,9.7973,15862.35,0.0,-0.444,-678.48,-693.67,-716.39,-678.4,clean,0.0,9.7973,15862.35,0.0,-0.444,-678.48,-693.67,-716.39,-678.4,clean,0.0,9.7973,15862.35,0.0,-0.444,-678.48,-693.67,-716.39,-678.4,clean,0.0,9.7973,15862.35,0.0,-0.444,-678.48,-693.67,-716.39,-678.4,50,73,42.0,73.0
2026-08-18,GNPX,615,4.664000000000001,4.55,0,0,clean,0.0,4.678,5833.2,0.0,-1.0062,-820.04,-825.05,-832.55,-820.07,clean,0.0,4.678,5833.2,0.0,-1.0062,-820.04,-825.05,-832.55,-820.07,clean,0.0,4.678,5833.2,0.0,-1.0062,-820.04,-825.05,-832.55,-820.07,clean,0.0,4.678,5833.2,0.0,-1.0062,-820.04,-825.05,-832.55,-820.07,17,74,23.0,74.0
2026-08-18,HAO,617,4.565,4.5299,0,0,clean,0.0,4.5787,8441.25,0.0,-0.3927,-385.66,-393.72,-405.77,-385.66,clean,0.0,4.5787,8441.25,0.0,-0.3927,-385.66,-393.72,-405.77,-385.66,clean,0.0,4.5787,8441.25,0.0,-0.3927,-385.66,-393.72,-405.77,-385.66,clean,0.0,4.5787,8441.25,0.0,-0.3927,-385.66,-393.72,-405.77,-385.66,28,74,21.0,74.0
2026-08-18,HSAI,580,17.281000000000002,17.24,0,1,clean,15.0,17.3328,25000.0,0.0,-0.0507,-126.23,-151.09,-188.28,-126.3,clean,15.0,17.3328,25000.0,0.0,-0.0507,-126.23,-151.09,-188.28,-126.3,clean,15.0,17.3328,25000.0,0.0,-0.0507,-126.23,-151.09,-188.28,-126.3,clean,15.0,17.3328,25000.0,0.0,-0.0507,-126.23,-151.09,-188.28,-126.3,8,71,16.0,64.0
2026-08-18,IPST,599,8.239,8.08,0,0,clean,0.0,8.2637,14056.2,0.0,4.3248,12971.81,12897.33,12786.9,12971.86,clean,0.0,8.2637,14056.2,0.0,4.3248,12971.81,12897.33,12786.9,12971.86,clean,0.0,8.2637,14056.2,0.0,4.3248,12971.81,12897.33,12786.9,12971.86,clean,0.0,8.2637,14056.2,0.0,4.3248,12971.81,12897.33,12786.9,12971.86,73,74,70.0,74.0
2026-08-18,NMAX,608,11.341,11.3158,0,0,clean,0.0,11.375,25000.0,0.0,-0.1469,-252.98,-277.72,-314.74,-253.01,clean,0.0,11.375,25000.0,0.0,-0.1469,-252.98,-277.72,-314.74,-253.01,clean,0.0,11.375,25000.0,0.0,-0.1469,-252.98,-277.72,-314.74,-253.01,clean,0.0,11.375,25000.0,0.0,-0.1469,-252.98,-277.72,-314.74,-253.01,14,74,11.0,74.0
2026-08-18,NUAI,578,5.753000000000001,5.72,0,1,clean,1.0,5.7703,25000.0,0.0,-1.0088,-2590.39,-2612.78,-2646.3,-2590.33,clean,1.0,5.7703,25000.0,0.0,-1.0088,-2590.39,-2612.78,-2646.3,-2590.33,clean,1.0,5.7703,25000.0,0.0,-1.0088,-2590.39,-2612.78,-2646.3,-2590.33,clean,1.0,5.7703,25000.0,0.0,-1.0088,-2590.39,-2612.78,-2646.3,-2590.33,17,69,,
2026-08-18,ONDG,577,3.4320000000000004,3.38,0,0,clean,0.0,3.4423,25000.0,0.0,-0.1273,-322.73,-347.4,-384.31,-322.63,clean,0.0,3.4423,25000.0,0.0,-0.1273,-322.73,-347.4,-384.31,-322.63,clean,0.0,3.4423,25000.0,0.0,-0.1273,-322.73,-347.4,-384.31,-322.63,clean,0.0,3.4423,25000.0,0.0,-0.1273,-322.73,-347.4,-384.31,-322.63,12,68,,
2026-08-18,ONDL,577,8.701,8.63,0,0,clean,0.0,8.7271,25000.0,0.0,-0.1066,-271.6,-296.33,-333.33,-271.66,clean,0.0,8.7271,25000.0,0.0,-0.1066,-271.6,-296.33,-333.33,-271.66,clean,0.0,8.7271,25000.0,0.0,-0.1066,-271.6,-296.33,-333.33,-271.66,clean,0.0,8.7271,25000.0,0.0,-0.1066,-271.6,-296.33,-333.33,-271.66,11,68,,
2026-08-18,QMCO,581,26.224,25.78,0,1,miss_noelect,,,,,,,,,,miss_noelect,,,,,,,,,,miss_noelect,,,,,,,,,,miss_noelect,,,,,,,,,,31,73,21.0,66.0
2026-08-18,QPUX,581,20.35,20.3,0,1,gap_into,1.0,20.4993,4385.55,0.0,-0.8468,-407.31,-407.31,-407.31,-407.3,gap_into,1.0,20.4993,4385.55,0.0,-0.8468,-407.31,-407.31,-407.31,-407.3,gap_into,1.0,20.4993,4385.55,0.0,-0.8468,-407.31,-407.31,-407.31,-407.3,gap_into,1.0,20.4993,4385.55,0.0,-0.8468,-407.31,-407.31,-407.31,-407.3,16,73,10.0,66.0
2026-08-18,RCAT,579,10.835,10.7201,0,1,clean,2.0,10.8675,25000.0,0.0,-0.5316,-1310.06,-1333.73,-1369.15,-1310.17,clean,2.0,10.8675,25000.0,0.0,-0.5316,-1310.06,-1333.73,-1369.15,-1310.17,clean,2.0,10.8675,25000.0,0.0,-0.5316,-1310.06,-1333.73,-1369.15,-1310.17,clean,2.0,10.8675,25000.0,0.0,-0.5316,-1310.06,-1333.73,-1369.15,-1310.17,18,71,,
2026-08-18,RDWU,580,9.955000000000002,9.94,0,0,clean,0.0,9.9849,7058.25,0.0,-0.4664,-474.93,-481.51,-491.36,-474.94,clean,0.0,9.9849,7058.25,0.0,-0.4664,-474.93,-481.51,-491.36,-474.94,clean,0.0,9.9849,7058.25,0.0,-0.4664,-474.93,-481.51,-491.36,-474.94,clean,0.0,9.9849,7058.25,0.0,-0.4664,-474.93,-481.51,-491.36,-474.94,22,71,30.0,64.0
2026-08-18,RGTX,579,14.344,14.3301,0,1,gap_into,1.0,14.42,3672.9,0.0,-0.7739,-293.5,-293.5,-293.5,-293.51,gap_into,1.0,14.42,3672.9,0.0,-0.7739,-293.5,-293.5,-293.5,-293.51,gap_into,1.0,14.42,3672.9,0.0,-0.7739,-293.5,-293.5,-293.5,-293.51,gap_into,1.0,14.42,3672.9,0.0,-0.7739,-293.5,-293.5,-293.5,-293.51,11,71,,
2026-08-18,SECZ,629,5.819000000000001,5.779,0,1,gap_into,1.0,5.8378,13420.35,0.0,0.0233,11.94,11.94,11.94,11.96,gap_into,1.0,5.8378,13420.35,0.0,0.0233,11.94,11.94,11.94,11.96,gap_into,1.0,5.8378,13420.35,0.0,0.0233,11.94,11.94,11.94,11.96,gap_into,1.0,5.8378,13420.35,0.0,0.0233,11.94,11.94,11.94,11.96,15,74,24.0,74.0
2026-08-18,TJGC,603,4.29,4.29,0,1,clean,1.0,4.3029,19772.1,0.0,0.1131,316.82,295.21,263.31,316.96,clean,1.0,4.3029,19772.1,0.0,0.1131,316.82,295.21,263.31,316.96,clean,1.0,4.3029,19772.1,0.0,0.1131,316.82,295.21,263.31,316.96,clean,1.0,4.3029,19772.1,0.0,0.1131,316.82,295.21,263.31,316.96,29,74,38.0,74.0
2026-08-18,UMAC,578,31.5315,31.22,0,0,clean,0.0,31.6261,6738.75,0.0,-0.357,-245.9,-252.39,-262.11,-245.9,clean,0.0,31.6261,6738.75,0.0,-0.357,-245.9,-252.39,-262.11,-245.9,clean,0.0,31.6261,6738.75,0.0,-0.357,-245.9,-252.39,-262.11,-245.9,clean,0.0,31.6261,6738.75,0.0,-0.357,-245.9,-252.39,-262.11,-245.9,16,69,,
2026-08-19,APLZ,591,23.254,23.35,0,0,gap_into,0,23.35,9230.4,0,-0.6767,-722.63,-722.63,-722.63,-722.64,gap_into,0,23.35,9230.4,0,-0.6767,-722.63,-722.63,-722.63,-722.64,gap_into,0,23.35,9230.4,0,-0.6767,-722.63,-722.63,-722.63,-722.64,gap_into,0,23.35,9230.4,0,-0.6767,-722.63,-722.63,-722.63,-722.64,17,146,4.0,144.0
2026-08-19,ARKY,609,22.319000000000003,25.0,0,0,adverse,5,22.5422,2190.15,0,-1.0089,-226.36,-226.36,-226.36,-226.36,adverse,5,22.7654,2190.15,0,-1.0081,-245.64,-245.64,-245.64,-245.64,adverse,5,22.9886,2190.15,0,-1.0074,-264.54,-264.54,-264.54,-264.55,adverse,5,23.435,2190.15,0,-1.0064,-301.27,-301.27,-301.27,-301.27,42,146,29.0,146.0
2026-08-19,ASTL,582,4.598,4.5888,0,0,clean,0,4.6118,7256.1,0,0.3409,222.9,215.42,204.23,222.93,clean,0,4.6118,7256.1,0,0.3409,222.9,215.42,204.23,222.93,clean,0,4.6118,7256.1,0,0.3409,222.9,215.42,204.23,222.93,clean,0,4.6118,7256.1,0,0.3409,222.9,215.42,204.23,222.93,4,144,5.0,137.0
2026-08-19,AUNA,597,5.104,5.1,0,0,clean,0,5.1193,10702.2,0,0.5981,636.46,625.12,608.15,636.42,clean,0,5.1193,10702.2,0,0.5981,636.46,625.12,608.15,636.42,clean,0,5.1193,10702.2,0,0.5981,636.46,625.12,608.15,636.42,clean,0,5.1193,10702.2,0,0.5981,636.46,625.12,608.15,636.42,8,146,8.0,146.0
2026-08-19,BEZ,591,11.825,11.705,0,0,clean,0,11.8605,17121.0,0,-0.2584,-434.8,-451.49,-476.47,-434.82,clean,0,11.8605,17121.0,0,-0.2584,-434.8,-451.49,-476.47,-434.82,clean,0,11.8605,17121.0,0,-0.2584,-434.8,-451.49,-476.47,-434.82,clean,0,11.8605,17121.0,0,-0.2584,-434.8,-451.49,-476.47,-434.82,26,146,13.0,144.0
2026-08-19,CABA,616,3.245000000000001,3.205,0,1,clean,1,3.2547,25000.0,0,-0.5097,-975.56,-999.57,-1035.51,-975.61,clean,1,3.2547,25000.0,0,-0.5097,-975.56,-999.57,-1035.51,-975.61,clean,1,3.2547,25000.0,0,-0.5097,-975.56,-999.57,-1035.51,-975.61,clean,1,3.2547,25000.0,0,-0.5097,-975.56,-999.57,-1035.51,-975.61,19,147,11.0,146.0
2026-08-19,CDTG,596,3.212,3.13,0,0,clean,0,3.2216,3147.9,0,0.4943,296.47,297.74,299.64,264.19,clean,0,3.2216,3147.9,0,0.4943,296.47,297.74,299.64,264.19,clean,0,3.2216,3147.9,0,0.4943,296.47,297.74,299.64,264.19,clean,0,3.2216,3147.9,0,0.4943,296.47,297.74,299.64,264.19,126,146,145.0,146.0
2026-08-19,CONL,617,4.4055,4.38,0,1,clean,1,4.4187,25000.0,0,0.4847,817.17,828.8,846.21,727.88,clean,1,4.4187,25000.0,0,0.4847,817.17,828.8,846.21,727.88,clean,1,4.4187,25000.0,0,0.4847,817.17,828.8,846.21,727.88,clean,1,4.4187,25000.0,0,0.4847,817.17,828.8,846.21,727.88,25,147,17.0,146.0
2026-08-19,CORD,591,3.124,3.0899,0,0,clean,0,3.1334,25000.0,0,-0.4205,-987.68,-1011.68,-1047.57,-987.77,clean,0,3.1334,25000.0,0,-0.4205,-987.68,-1011.68,-1047.57,-987.77,clean,0,3.1334,25000.0,0,-0.4205,-987.68,-1011.68,-1047.57,-987.77,clean,0,3.1334,25000.0,0,-0.4205,-987.68,-1011.68,-1047.57,-987.77,27,146,3.0,144.0
2026-08-19,KIDZ,604,5.170000000000001,4.935,0,0,clean,0,5.1855,16181.7,0,-1.0058,-2422.03,-2435.8,-2456.39,-2421.98,clean,0,5.1855,16181.7,0,-1.0058,-2422.03,-2435.8,-2456.39,-2421.98,clean,0,5.1855,16181.7,0,-1.0058,-2422.03,-2435.8,-2456.39,-2421.98,clean,0,5.1855,16181.7,0,-1.0058,-2422.03,-2435.8,-2456.39,-2421.98,98,146,133.0,146.0
2026-08-19,MSTX,617,8.811,8.775,0,0,clean,0,8.8374,25000.0,0,1.4096,2134.2,2107.08,2066.51,2134.24,clean,0,8.8374,25000.0,0,1.4096,2134.2,2107.08,2066.51,2134.24,clean,0,8.8374,25000.0,0,1.4096,2134.2,2107.08,2066.51,2134.24,clean,0,8.8374,25000.0,0,1.4096,2134.2,2107.08,2066.51,2134.24,20,147,18.0,146.0
2026-08-19,NCT,580,4.279000000000001,4.28,0,1,clean,1,4.2918,3649.65,0,-0.573,-244.05,-247.45,-252.55,-244.03,clean,1,4.2918,3649.65,0,-0.573,-244.05,-247.45,-252.55,-244.03,clean,1,4.2918,3649.65,0,-0.573,-244.05,-247.45,-252.55,-244.03,clean,1,4.2918,3649.65,0,-0.573,-244.05,-247.45,-252.55,-244.03,9,140,130.0,135.0
2026-08-19,PFSA,575,17.523,16.6437,0,0,clean,0,17.5756,25000.0,0,-1.008,-2806.27,-2828.46,-2861.65,-2806.26,clean,0,17.5756,25000.0,0,-1.008,-2806.27,-2828.46,-2861.65,-2806.26,clean,0,17.5756,25000.0,0,-1.008,-2806.27,-2828.46,-2861.65,-2806.26,clean,0,17.5756,25000.0,0,-1.008,-2806.27,-2828.46,-2861.65,-2806.26,1,135,,
2026-08-19,PYXS,594,3.377,3.35,0,0,clean,0,3.3871,7738.65,0,-0.0371,-37.0,-44.71,-56.23,-36.96,clean,0,3.3871,7738.65,0,-0.0371,-37.0,-44.71,-56.23,-36.96,clean,0,3.3871,7738.65,0,-0.0371,-37.0,-44.71,-56.23,-36.96,clean,0,3.3871,7738.65,0,-0.0371,-37.0,-44.71,-56.23,-36.96,13,146,13.0,146.0
2026-08-19,SOXS,607,47.245000000000005,47.09,0,1,clean,1,47.3867,25000.0,0,-0.1786,-272.26,-296.97,-333.94,-272.26,clean,1,47.3867,25000.0,0,-0.1786,-272.26,-296.97,-333.94,-272.26,clean,1,47.3867,25000.0,0,-0.1786,-272.26,-296.97,-333.94,-272.26,clean,1,47.3867,25000.0,0,-0.1786,-272.26,-296.97,-333.94,-272.26,8,146,10.0,146.0
2026-08-19,WETO,577,23.65,23.16,0,0,clean,0,23.7209,23478.73,0,-1.0068,-3039.22,-3038.81,-3038.2,-3039.3,clean,0,23.7209,23478.73,0,-1.0068,-3039.22,-3038.81,-3038.2,-3039.3,clean,0,23.7209,23478.73,0,-1.0068,-3039.22,-3038.81,-3038.2,-3039.3,clean,0,23.7209,23478.73,0,-1.0068,-3039.22,-3038.81,-3038.2,-3039.3,117,137,,
2026-08-20,BRR,577,2.2880000000000003,2.26,0,1,clean,2,2.2949,4856.85,0,-0.1855,-90.2,-94.96,-102.1,-90.21,clean,2,2.2949,4856.85,0,-0.1855,-90.2,-94.96,-102.1,-90.21,clean,2,2.2949,4856.85,0,-0.1855,-90.2,-94.96,-102.1,-90.21,clean,2,2.2949,4856.85,0,-0.1855,-90.2,-94.96,-102.1,-90.21,25,64,,
2026-08-20,CJMB,575,2.849,2.9396,1,0,adverse,0,2.8775,24870.98,0,-1.0073,-3036.97,-3036.97,-3036.97,-3036.98,adverse,0,2.906,23211.94,0,-1.0067,-3033.36,-3033.36,-3033.36,-3033.37,adverse,0,2.9345,21786.84,0,-1.0063,-3030.37,-3030.37,-3030.37,-3030.38,gap_into,0,2.9396,21551.32,0,-1.0062,-3029.89,-3029.89,-3029.89,-3029.9,5,62,,
2026-08-20,COTY,590,2.805,2.725,0,1,clean,2,2.8134,25000.0,0,-0.1925,-531.98,-556.43,-593.03,-531.91,clean,2,2.8134,25000.0,0,-0.1925,-531.98,-556.43,-593.03,-531.91,clean,2,2.8134,25000.0,0,-0.1925,-531.98,-556.43,-593.03,-531.91,clean,2,2.8134,25000.0,0,-0.1925,-531.98,-556.43,-593.03,-531.91,26,69,45.0,68.0
2026-08-20,ENRD,583,6.6000000000000005,6.45,0,0,clean,0,6.6198,9381.9,0,-1.0087,-983.12,-991.52,-1004.09,-983.14,clean,0,6.6198,9381.9,0,-1.0087,-983.12,-991.52,-1004.09,-983.14,clean,0,6.6198,9381.9,0,-1.0087,-983.12,-991.52,-1004.09,-983.14,clean,0,6.6198,9381.9,0,-1.0087,-983.12,-991.52,-1004.09,-983.14,24,68,14.0,64.0
2026-08-20,GDC,581,2.475,2.395,0,0,clean,0,2.4824,3316.65,0,-1.0097,-317.52,-320.52,-325.01,-317.51,clean,0,2.4824,3316.65,0,-1.0097,-317.52,-320.52,-325.01,-317.51,clean,0,2.4824,3316.65,0,-1.0097,-317.52,-320.52,-325.01,-317.51,clean,0,2.4824,3316.65,0,-1.0097,-317.52,-320.52,-325.01,-317.51,4,67,11.0,63.0
2026-08-20,MRVI,578,8.118,8.02,0,0,clean,0,8.1424,25000.0,0,0.1609,371.69,346.34,308.41,371.77,clean,0,8.1424,25000.0,0,0.1609,371.69,346.34,308.41,371.77,clean,0,8.1424,25000.0,0,0.1609,371.69,346.34,308.41,371.77,clean,0,8.1424,25000.0,0,0.1609,371.69,346.34,308.41,371.77,13,64,,
2026-08-20,NXTT,613,7.194000000000001,7.29,0,0,adverse,0,7.2659,7598.55,0,0.4854,252.79,252.79,252.79,379.79,gap_into,0,7.29,7598.55,0,0.486,264.43,264.43,264.43,353.42,gap_into,0,7.29,7598.55,0,0.486,264.43,264.43,264.43,353.42,gap_into,0,7.29,7598.55,0,0.486,264.43,264.43,264.43,353.42,13,70,15.0,70.0
2026-08-20,PCLA,610,6.985,6.8,0,0,clean,0,7.006,8038.35,0,0.2901,239.12,230.84,218.45,239.16,clean,0,7.006,8038.35,0,0.2901,239.12,230.84,218.45,239.16,clean,0,7.006,8038.35,0,0.2901,239.12,230.84,218.45,239.16,clean,0,7.006,8038.35,0,0.2901,239.12,230.84,218.45,239.16,47,70,47.0,70.0
2026-08-20,SLE,581,4.477,4.49,0,1,clean,1,4.4904,3455.25,0,-0.3643,-127.59,-130.92,-135.9,-127.61,clean,1,4.4904,3455.25,0,-0.3643,-127.59,-130.92,-135.9,-127.61,clean,1,4.4904,3455.25,0,-0.3643,-127.59,-130.92,-135.9,-127.61,clean,1,4.4904,3455.25,0,-0.3643,-127.59,-130.92,-135.9,-127.61,5,67,27.0,63.0
2026-08-20,TEMT,575,27.291,27.5,1,0,gap_into,0,27.5,25000.0,0,0.384,1016.42,1016.42,1016.42,1016.54,gap_into,0,27.5,25000.0,0,0.384,1016.42,1016.42,1016.42,1016.54,gap_into,0,27.5,25000.0,0,0.384,1016.42,1016.42,1016.42,1016.54,gap_into,0,27.5,25000.0,0,0.384,1016.42,1016.42,1016.42,1016.54,2,62,,
2026-08-20,USDE,629,3.5530000000000004,3.51,0,0,clean,0,3.5637,8830.35,0,1.9204,1244.06,1233.99,1218.91,1244.07,clean,0,3.5637,8830.35,0,1.9204,1244.06,1233.99,1218.91,1244.07,clean,0,3.5637,8830.35,0,1.9204,1244.06,1233.99,1218.91,1244.07,clean,0,3.5637,8830.35,0,1.9204,1244.06,1233.99,1218.91,1244.07,12,70,13.0,70.0
2026-08-20,XOS,595,3.245000000000001,3.2401,0,0,clean,0,3.2547,25000.0,0,1.3332,3723.42,3694.71,3651.76,1652.55,clean,0,3.2547,25000.0,0,1.3332,3723.42,3694.71,3651.76,1652.55,clean,0,3.2547,25000.0,0,1.3332,3723.42,3694.71,3651.76,1652.55,clean,0,3.2547,25000.0,0,1.3332,3723.42,3694.71,3651.76,1652.55,14,69,58.0,69.0
2026-08-20,YJ,628,4.235,4.0897,0,1,clean,1,4.2477,25000.0,0,-1.0094,-2442.82,-2465.38,-2499.13,-2442.87,clean,1,4.2477,25000.0,0,-1.0094,-2442.82,-2465.38,-2499.13,-2442.87,clean,1,4.2477,25000.0,0,-1.0094,-2442.82,-2465.38,-2499.13,-2442.87,clean,1,4.2477,25000.0,0,-1.0094,-2442.82,-2465.38,-2499.13,-2442.87,37,70,43.0,70.0
2026-08-21,ALOY,578,12.463,12.35,0,1,miss_noelect,,,,,,,,,,miss_noelect,,,,,,,,,,miss_noelect,,,,,,,,,,miss_noelect,,,,,,,,,,21,95,,
2026-08-21,ANY,626,2.2,2.2,0,0,clean,0.0,2.2066,2434.8,0.0,4.0188,469.78,466.88,462.53,469.79,clean,0.0,2.2066,2434.8,0.0,4.0188,469.78,466.88,462.53,469.79,clean,0.0,2.2066,2434.8,0.0,4.0188,469.78,466.88,462.53,469.79,clean,0.0,2.2066,2434.8,0.0,4.0188,469.78,466.88,462.53,469.79,29,107,49.0,107.0
2026-08-21,ARCT,598,12.21,12.155,0,1,clean,5.0,12.2466,25000.0,0.0,0.8227,1915.72,1888.83,1848.58,1915.81,clean,5.0,12.2466,25000.0,0.0,0.8227,1915.72,1888.83,1848.58,1915.81,clean,5.0,12.2466,25000.0,0.0,0.8227,1915.72,1888.83,1848.58,1915.81,clean,5.0,12.2466,25000.0,0.0,0.8227,1915.72,1888.83,1848.58,1915.81,17,107,50.0,105.0
2026-08-21,BKKT,583,8.646,8.61,0,1,clean,17.0,8.6719,25000.0,0.0,-0.1757,-452.01,-476.54,-513.26,-452.08,clean,17.0,8.6719,25000.0,0.0,-0.1757,-452.01,-476.54,-513.26,-452.08,clean,17.0,8.6719,25000.0,0.0,-0.1757,-452.01,-476.54,-513.26,-452.08,clean,17.0,8.6719,25000.0,0.0,-0.1757,-452.01,-476.54,-513.26,-452.08,20,101,18.0,95.0
2026-08-21,CEPL,629,6.644000000000001,6.59,0,1,clean,12.0,6.6639,4625.25,0.0,-1.0714,-255.58,-259.96,-266.5,-255.6,clean,12.0,6.6639,4625.25,0.0,-1.0714,-255.58,-259.96,-266.5,-255.6,clean,12.0,6.6639,4625.25,0.0,-1.0714,-255.58,-259.96,-266.5,-255.6,clean,12.0,6.6639,4625.25,0.0,-1.0714,-255.58,-259.96,-266.5,-255.6,27,107,19.0,107.0
2026-08-21,DFNS,580,22.110000000000003,21.98,0,0,clean,0.0,22.1763,13044.3,0.0,-0.3305,-419.36,-431.99,-450.88,-419.38,clean,0.0,22.1763,13044.3,0.0,-0.3305,-419.36,-431.99,-450.88,-419.38,clean,0.0,22.1763,13044.3,0.0,-0.3305,-419.36,-431.99,-450.88,-419.38,clean,0.0,22.1763,13044.3,0.0,-0.3305,-419.36,-431.99,-450.88,-419.38,21,97,12.0,90.0
2026-08-21,EMAT,575,3.751,3.815,1,0,adverse,0.0,3.7885,10054.35,0.0,0.4895,479.64,479.64,479.64,615.55,gap_into,0.0,3.815,10054.35,0.0,0.5185,541.39,541.39,541.39,541.38,gap_into,0.0,3.815,10054.35,0.0,0.5185,541.39,541.39,541.39,541.38,gap_into,0.0,3.815,10054.35,0.0,0.5185,541.39,541.39,541.39,541.38,7,90,,
2026-08-21,FUTG,600,4.994000000000001,4.97,0,1,clean,2.0,5.009,25000.0,0.0,0.4288,987.62,961.64,922.77,987.53,clean,2.0,5.009,25000.0,0.0,0.4288,987.62,961.64,922.77,987.53,clean,2.0,5.009,25000.0,0.0,0.4288,987.62,961.64,922.77,987.53,clean,2.0,5.009,25000.0,0.0,0.4288,987.62,961.64,922.77,987.53,31,107,45.0,105.0
2026-08-21,GEMI,601,4.708000000000001,4.625,0,0,clean,0.0,4.7221,25000.0,0.0,-0.8497,-2402.22,-2424.8,-2458.59,-2402.1,clean,0.0,4.7221,25000.0,0.0,-0.8497,-2402.22,-2424.8,-2458.59,-2402.1,clean,0.0,4.7221,25000.0,0.0,-0.8497,-2402.22,-2424.8,-2458.59,-2402.1,clean,0.0,4.7221,25000.0,0.0,-0.8497,-2402.22,-2424.8,-2458.59,-2402.1,29,107,15.0,106.0
2026-08-21,MRNA,577,146.47050000000002,145.8,0,1,clean,12.0,146.9099,25000.0,0.0,-0.1058,-259.64,-284.35,-321.34,-259.55,clean,12.0,146.9099,25000.0,0.0,-0.1058,-259.64,-284.35,-321.34,-259.55,clean,12.0,146.9099,25000.0,0.0,-0.1058,-259.64,-284.35,-321.34,-259.55,clean,12.0,146.9099,25000.0,0.0,-0.1058,-259.64,-284.35,-321.34,-259.55,7,93,,
2026-08-21,NINE,580,11.55,11.3394,0,1,clean,2.0,11.5846,12507.45,0.0,-0.0583,-84.81,-97.23,-115.83,-84.83,clean,2.0,11.5846,12507.45,0.0,-0.0583,-84.81,-97.23,-115.83,-84.83,clean,2.0,11.5846,12507.45,0.0,-0.0583,-84.81,-97.23,-115.83,-84.83,clean,2.0,11.5846,12507.45,0.0,-0.0583,-84.81,-97.23,-115.83,-84.83,8,97,73.0,90.0
2026-08-21,NXTT,583,8.8,8.23,0,0,clean,0.0,8.8264,18761.7,0.0,-1.0097,-1796.14,-1813.11,-1838.51,-1796.15,clean,0.0,8.8264,18761.7,0.0,-1.0097,-1796.14,-1813.11,-1838.51,-1796.15,clean,0.0,8.8264,18761.7,0.0,-1.0097,-1796.14,-1813.11,-1838.51,-1796.15,clean,0.0,8.8264,18761.7,0.0,-1.0097,-1796.14,-1813.11,-1838.51,-1796.15,48,101,19.0,95.0
2026-08-21,ONDG,606,3.256,3.22,0,0,clean,0.0,3.2658,25000.0,0.0,-1.0135,-1778.95,-1802.18,-1836.93,-1778.9,clean,0.0,3.2658,25000.0,0.0,-1.0135,-1778.95,-1802.18,-1836.93,-1778.9,clean,0.0,3.2658,25000.0,0.0,-1.0135,-1778.95,-1802.18,-1836.93,-1778.9,clean,0.0,3.2658,25000.0,0.0,-1.0135,-1778.95,-1802.18,-1836.93,-1778.9,19,107,10.0,107.0
2026-08-21,ONDL,606,8.261000000000001,8.19,0,1,gap_into,302.0,8.29,11470.65,0.0,-0.2414,-207.48,-207.48,-207.48,-827.0,gap_into,302.0,8.29,11470.65,0.0,-0.2414,-207.48,-207.48,-207.48,-827.0,gap_into,302.0,8.29,11470.65,0.0,-0.2414,-207.48,-207.48,-207.48,-827.0,gap_into,302.0,8.29,11470.65,0.0,-0.2414,-207.48,-207.48,-207.48,-827.0,22,107,11.0,107.0
2026-08-21,PFSA,604,7.315000000000001,7.0292,0,0,clean,0.0,7.3369,6627.75,0.0,-1.0056,-1022.46,-1028.07,-1036.46,-1022.45,clean,0.0,7.3369,6627.75,0.0,-1.0056,-1022.46,-1028.07,-1036.46,-1022.45,clean,0.0,7.3369,6627.75,0.0,-1.0056,-1022.46,-1028.07,-1036.46,-1022.45,clean,0.0,7.3369,6627.75,0.0,-1.0056,-1022.46,-1028.07,-1036.46,-1022.45,74,107,47.0,107.0
2026-08-21,PSIG,596,2.387,2.36,0,0,clean,0.0,2.3942,2824.65,0.0,0.4897,137.67,138.94,140.83,196.18,clean,0.0,2.3942,2824.65,0.0,0.4897,137.67,138.94,140.83,196.18,clean,0.0,2.3942,2824.65,0.0,0.4897,137.67,138.94,140.83,196.18,clean,0.0,2.3942,2824.65,0.0,0.4897,137.67,138.94,140.83,196.18,11,106,12.0,103.0
2026-08-21,RGTX,627,12.254,12.25,0,0,clean,0.0,12.2908,10776.15,0.0,1.2913,797.41,785.84,768.52,797.41,clean,0.0,12.2908,10776.15,0.0,1.2913,797.41,785.84,768.52,797.41,clean,0.0,12.2908,10776.15,0.0,1.2913,797.41,785.84,768.52,797.41,clean,0.0,12.2908,10776.15,0.0,1.2913,797.41,785.84,768.52,797.41,26,107,18.0,107.0
2026-08-21,RZLT,601,5.159000000000001,5.13,0,0,clean,0.0,5.1745,9804.3,0.0,-0.0747,-86.56,-96.28,-110.83,-86.55,clean,0.0,5.1745,9804.3,0.0,-0.0747,-86.56,-96.28,-110.83,-86.55,clean,0.0,5.1745,9804.3,0.0,-0.0747,-86.56,-96.28,-110.83,-86.55,clean,0.0,5.1745,9804.3,0.0,-0.0747,-86.56,-96.28,-110.83,-86.55,21,107,32.0,106.0
2026-08-21,SOFX,598,10.703,10.62,0,1,clean,1.0,10.7351,19296.0,0.0,-0.2377,-499.68,-518.48,-546.61,-499.65,clean,1.0,10.7351,19296.0,0.0,-0.2377,-499.68,-518.48,-546.61,-499.65,clean,1.0,10.7351,19296.0,0.0,-0.2377,-499.68,-518.48,-546.61,-499.65,clean,1.0,10.7351,19296.0,0.0,-0.2377,-499.68,-518.48,-546.61,-499.65,20,107,28.0,105.0
2026-08-21,SSMR,583,19.283,19.365,0,0,gap_into,0.0,19.365,2936.25,0.0,-0.5818,-168.04,-168.04,-168.04,-168.03,gap_into,0.0,19.365,2936.25,0.0,-0.5818,-168.04,-168.04,-168.04,-168.03,gap_into,0.0,19.365,2936.25,0.0,-0.5818,-168.04,-168.04,-168.04,-168.03,gap_into,0.0,19.365,2936.25,0.0,-0.5818,-168.04,-168.04,-168.04,-168.03,15,101,29.0,95.0
2026-08-21,TGTX,590,55.440000000000005,55.14,0,0,clean,0.0,55.6063,25000.0,0.0,-0.158,-412.23,-436.81,-473.59,-412.26,clean,0.0,55.6063,25000.0,0.0,-0.158,-412.23,-436.81,-473.59,-412.26,clean,0.0,55.6063,25000.0,0.0,-0.158,-412.23,-436.81,-473.59,-412.26,clean,0.0,55.6063,25000.0,0.0,-0.158,-412.23,-436.81,-473.59,-412.26,11,103,37.0,102.0
2026-08-24,AIFU,613,18.678,19.05,0,0,adverse,0,18.8648,5256.9,0,1.6814,867.36,867.36,867.36,867.36,gap_into,0,19.05,5256.9,0,1.4391,807.75,807.75,807.75,807.75,gap_into,0,19.05,5256.9,0,1.4391,807.75,807.75,807.75,807.75,gap_into,0,19.05,5256.9,0,1.4391,807.75,807.75,807.75,807.75,12,58,14.0,58.0
2026-08-24,CANG,575,2.4640000000000004,2.43,0,0,clean,0,2.4714,6573.6,0,-1.0075,-788.75,-794.54,-803.2,-788.76,clean,0,2.4714,6573.6,0,-1.0075,-788.75,-794.54,-803.2,-788.76,clean,0,2.4714,6573.6,0,-1.0075,-788.75,-794.54,-803.2,-788.76,clean,0,2.4714,6573.6,0,-1.0075,-788.75,-794.54,-803.2,-788.76,24,51,,
2026-08-24,CVRX,577,3.278,3.25,0,0,clean,0,3.2878,11125.8,0,-1.0395,-1166.54,-1176.5,-1191.41,-1166.54,clean,0,3.2878,11125.8,0,-1.0395,-1166.54,-1176.5,-1191.41,-1166.54,clean,0,3.2878,11125.8,0,-1.0395,-1166.54,-1176.5,-1191.41,-1166.54,clean,0,3.2878,11125.8,0,-1.0395,-1166.54,-1176.5,-1191.41,-1166.54,9,54,,
2026-08-24,DTCX,600,2.882000000000001,2.7801,0,0,clean,0,2.8906,4687.8,0,-1.0083,-513.59,-517.76,-524.01,-513.59,clean,0,2.8906,4687.8,0,-1.0083,-513.59,-517.76,-524.01,-513.59,clean,0,2.8906,4687.8,0,-1.0083,-513.59,-517.76,-524.01,-513.59,clean,0,2.8906,4687.8,0,-1.0083,-513.59,-517.76,-524.01,-513.59,17,57,12.0,57.0
2026-08-24,EMAT,575,4.521000000000001,4.57,1,0,adverse,0,4.5662,25000.0,0,-1.0075,-2980.6,-2980.6,-2980.6,-2980.65,gap_into,0,4.57,25000.0,0,-1.0075,-2998.88,-2998.88,-2998.88,-2998.93,gap_into,0,4.57,25000.0,0,-1.0075,-2998.88,-2998.88,-2998.88,-2998.93,gap_into,0,4.57,25000.0,0,-1.0075,-2998.88,-2998.88,-2998.88,-2998.93,2,51,,
2026-08-24,GGR,586,2.3540000000000005,2.3652,0,0,gap_into,0,2.3652,2127.15,0,0.4926,150.39,150.39,150.39,274.59,gap_into,0,2.3652,2127.15,0,0.4926,150.39,150.39,150.39,274.59,gap_into,0,2.3652,2127.15,0,0.4926,150.39,150.39,150.39,274.59,gap_into,0,2.3652,2127.15,0,0.4926,150.39,150.39,150.39,274.59,39,56,35.0,54.0
2026-08-24,IPST,578,9.878000000000002,9.55,0,1,clean,1,9.9076,2475.75,0,-1.0068,-321.89,-324.04,-327.27,-321.89,clean,1,9.9076,2475.75,0,-1.0068,-321.89,-324.04,-327.27,-321.89,clean,1,9.9076,2475.75,0,-1.0068,-321.89,-324.04,-327.27,-321.89,clean,1,9.9076,2475.75,0,-1.0068,-321.89,-324.04,-327.27,-321.89,46,54,,
2026-08-24,SGLY,605,2.8380000000000005,2.73,0,0,clean,0,2.8465,13631.4,0,-0.8252,-1436.31,-1448.5,-1466.76,-1436.34,clean,0,2.8465,13631.4,0,-0.8252,-1436.31,-1448.5,-1466.76,-1436.34,clean,0,2.8465,13631.4,0,-0.8252,-1436.31,-1448.5,-1466.76,-1436.34,clean,0,2.8465,13631.4,0,-0.8252,-1436.31,-1448.5,-1466.76,-1436.34,19,57,25.0,57.0
2026-08-24,SMCZ,590,3.806,3.81,0,0,clean,0,3.8174,14085.15,0,-0.2865,-394.79,-408.49,-428.98,-394.85,clean,0,3.8174,14085.15,0,-0.2865,-394.79,-408.49,-428.98,-394.85,clean,0,3.8174,14085.15,0,-0.2865,-394.79,-408.49,-428.98,-394.85,clean,0,3.8174,14085.15,0,-0.2865,-394.79,-408.49,-428.98,-394.85,5,57,12.0,56.0
2026-08-24,WBTN,596,9.647,9.6,0,1,clean,3,9.6759,8248.5,0,-0.2384,-193.98,-202.04,-214.09,-194.02,clean,3,9.6759,8248.5,0,-0.2384,-193.98,-202.04,-214.09,-194.02,clean,3,9.6759,8248.5,0,-0.2384,-193.98,-202.04,-214.09,-194.02,clean,3,9.6759,8248.5,0,-0.2384,-193.98,-202.04,-214.09,-194.02,12,57,14.0,57.0
2026-08-24,WETO,576,24.750000000000004,24.55,0,1,clean,1,24.8242,4738.8,0,1.3621,598.64,593.3,585.31,598.65,clean,1,24.8242,4738.8,0,1.3621,598.64,593.3,585.31,598.65,clean,1,24.8242,4738.8,0,1.3621,598.64,593.3,585.31,598.65,clean,1,24.8242,4738.8,0,1.3621,598.64,593.3,585.31,598.65,9,54,,
2026-08-25,ABCL,605,12.078,12.01,0,1,clean,20,12.1142,25000.0,0,0.3023,412.06,386.68,348.69,412.09,clean,20,12.1142,25000.0,0,0.3023,412.06,386.68,348.69,412.09,clean,20,12.1142,25000.0,0,0.3023,412.06,386.68,348.69,412.09,clean,20,12.1142,25000.0,0,0.3023,412.06,386.68,348.69,412.09,8,109,11.0,109.0
2026-08-25,ADVB,590,8.712,8.74,0,0,gap_into,0,8.74,5334.45,0,0.3248,213.32,213.32,213.32,213.34,gap_into,0,8.74,5334.45,0,0.3248,213.32,213.32,213.32,213.34,gap_into,0,8.74,5334.45,0,0.3248,213.32,213.32,213.32,213.34,gap_into,0,8.74,5334.45,0,0.3248,213.32,213.32,213.32,213.34,13,109,28.0,108.0
2026-08-25,ARCT,584,15.532,15.41,0,1,gap_into,43,15.58,15328.05,0,-0.0548,-97.1,-97.1,-97.1,-97.1,gap_into,43,15.58,15328.05,0,-0.0548,-97.1,-97.1,-97.1,-97.1,gap_into,43,15.58,15328.05,0,-0.0548,-97.1,-97.1,-97.1,-97.1,gap_into,43,15.58,15328.05,0,-0.0548,-97.1,-97.1,-97.1,-97.1,14,108,20.0,107.0
2026-08-25,ASST,624,20.944,20.86,0,0,clean,0,21.0068,25000.0,0,0.4296,490.3,464.83,426.73,490.28,clean,0,21.0068,25000.0,0,0.4296,490.3,464.83,426.73,490.28,clean,0,21.0068,25000.0,0,0.4296,490.3,464.83,426.73,490.28,clean,0,21.0068,25000.0,0,0.4296,490.3,464.83,426.73,490.28,25,109,18.0,109.0
2026-08-25,BMNG,622,27.797,27.6,0,0,clean,0,27.8804,3762.75,0,-0.5064,-112.54,-116.19,-121.65,-112.54,clean,0,27.8804,3762.75,0,-0.5064,-112.54,-116.19,-121.65,-112.54,clean,0,27.8804,3762.75,0,-0.5064,-112.54,-116.19,-121.65,-112.54,clean,0,27.8804,3762.75,0,-0.5064,-112.54,-116.19,-121.65,-112.54,24,109,17.0,109.0
2026-08-25,BMNU,622,20.372,20.09,0,0,clean,0,20.4331,25000.0,0,-0.4562,-706.27,-730.54,-766.87,-706.29,clean,0,20.4331,25000.0,0,-0.4562,-706.27,-730.54,-766.87,-706.29,clean,0,20.4331,25000.0,0,-0.4562,-706.27,-730.54,-766.87,-706.29,clean,0,20.4331,25000.0,0,-0.4562,-706.27,-730.54,-766.87,-706.29,26,109,21.0,109.0
2026-08-25,CDZI,609,4.213,4.1753,0,1,clean,276,4.2256,9715.5,0,-0.1446,-116.59,-126.19,-140.56,-116.61,clean,276,4.2256,9715.5,0,-0.1446,-116.59,-126.19,-140.56,-116.61,clean,276,4.2256,9715.5,0,-0.1446,-116.59,-126.19,-140.56,-116.61,clean,276,4.2256,9715.5,0,-0.1446,-116.59,-126.19,-140.56,-116.61,8,109,19.0,109.0
2026-08-25,CONL,625,6.116,6.0893,0,1,clean,2,6.1343,25000.0,0,0.1866,405.19,379.81,341.82,405.27,clean,2,6.1343,25000.0,0,0.1866,405.19,379.81,341.82,405.27,clean,2,6.1343,25000.0,0,0.1866,405.19,379.81,341.82,405.27,clean,2,6.1343,25000.0,0,0.1866,405.19,379.81,341.82,405.27,23,111,26.0,109.0
2026-08-25,CRCA,575,22.836,23.055,1,0,gap_into,0,23.055,25000.0,0,0.5189,1389.15,1389.15,1389.15,1389.24,gap_into,0,23.055,25000.0,0,0.5189,1389.15,1389.15,1389.15,1389.24,gap_into,0,23.055,25000.0,0,0.5189,1389.15,1389.15,1389.15,1389.24,gap_into,0,23.055,25000.0,0,0.5189,1389.15,1389.15,1389.15,1389.24,3,105,,
2026-08-25,CRCG,575,15.466,15.6,1,0,gap_into,0,15.6,25000.0,0,0.4795,1334.88,1334.88,1334.88,1334.76,gap_into,0,15.6,25000.0,0,0.4795,1334.88,1334.88,1334.88,1334.76,gap_into,0,15.6,25000.0,0,0.4795,1334.88,1334.88,1334.88,1334.76,gap_into,0,15.6,25000.0,0,0.4795,1334.88,1334.88,1334.88,1334.76,4,105,,
2026-08-25,CRML,584,7.381,7.325,0,0,clean,0,7.4031,25000.0,0,0.6591,1540.73,1514.21,1474.54,1540.68,clean,0,7.4031,25000.0,0,0.6591,1540.73,1514.21,1474.54,1540.68,clean,0,7.4031,25000.0,0,0.6591,1540.73,1514.21,1474.54,1540.68,clean,0,7.4031,25000.0,0,0.6591,1540.73,1514.21,1474.54,1540.68,23,108,57.0,107.0
2026-08-25,CRMX,580,5.5,5.48,0,0,clean,0,5.5165,2811.45,0,2.0203,528.44,525.1,520.1,528.44,clean,0,5.5165,2811.45,0,2.0203,528.44,525.1,520.1,528.44,clean,0,5.5165,2811.45,0,2.0203,528.44,525.1,520.1,528.44,clean,0,5.5165,2811.45,0,2.0203,528.44,525.1,520.1,528.44,48,107,6.0,105.0
2026-08-25,EXOD,613,8.459000000000001,8.34,0,1,clean,1,8.4844,3289.35,0,1.808,409.19,405.49,399.96,409.19,clean,1,8.4844,3289.35,0,1.808,409.19,405.49,399.96,409.19,clean,1,8.4844,3289.35,0,1.808,409.19,405.49,399.96,409.19,clean,1,8.4844,3289.35,0,1.808,409.19,405.49,399.96,409.19,23,109,20.0,109.0
2026-08-25,EXYN,589,2.5850000000000004,2.53,0,0,clean,0,2.5928,3259.2,0,1.4925,583.44,579.59,573.84,583.43,clean,0,2.5928,3259.2,0,1.4925,583.44,579.59,573.84,583.43,clean,0,2.5928,3259.2,0,1.4925,583.44,579.59,573.84,583.43,clean,0,2.5928,3259.2,0,1.4925,583.44,579.59,573.84,583.43,67,109,57.0,108.0
2026-08-25,GEMI,579,4.609000000000001,4.58,0,0,clean,0,4.6228,25000.0,0,-0.1193,-306.99,-331.68,-368.63,-307.07,clean,0,4.6228,25000.0,0,-0.1193,-306.99,-331.68,-368.63,-307.07,clean,0,4.6228,25000.0,0,-0.1193,-306.99,-331.68,-368.63,-307.07,clean,0,4.6228,25000.0,0,-0.1193,-306.99,-331.68,-368.63,-307.07,4,107,,
2026-08-25,GENB,619,19.525,19.4099,0,1,clean,1,19.5836,25000.0,0,0.4842,780.97,792.63,810.07,780.9,clean,1,19.5836,25000.0,0,0.4842,780.97,792.63,810.07,780.9,clean,1,19.5836,25000.0,0,0.4842,780.97,792.63,810.07,780.9,clean,1,19.5836,25000.0,0,0.4842,780.97,792.63,810.07,780.9,23,109,36.0,109.0
2026-08-25,MSTU,625,29.568,29.99,0,0,adverse,0,29.8637,20167.35,0,0.209,250.19,250.19,250.19,250.13,gap_into,0,29.99,20167.35,0,0.1353,164.09,164.09,164.09,164.03,gap_into,0,29.99,20167.35,0,0.1353,164.09,164.09,164.09,164.03,gap_into,0,29.99,20167.35,0,0.1353,164.09,164.09,164.09,164.03,19,111,14.0,109.0
2026-08-25,MSTX,624,13.629,13.62,0,0,clean,0,13.6699,25000.0,0,0.4014,584.31,558.74,520.48,584.4,clean,0,13.6699,25000.0,0,0.4014,584.31,558.74,520.48,584.4,clean,0,13.6699,25000.0,0,0.4014,584.31,558.74,520.48,584.4,clean,0,13.6699,25000.0,0,0.4014,584.31,558.74,520.48,584.4,24,109,14.0,109.0
2026-08-25,OESX,580,23.507,23.525,0,1,clean,1,23.5775,5077.05,0,0.581,270.07,264.72,256.72,270.07,clean,1,23.5775,5077.05,0,0.581,270.07,264.72,256.72,270.07,clean,1,23.5775,5077.05,0,0.581,270.07,264.72,256.72,270.07,clean,1,23.5775,5077.05,0,0.581,270.07,264.72,256.72,270.07,26,107,14.0,105.0
2026-08-25,PURR,625,11.561,11.545,0,0,clean,0,11.5957,25000.0,0,0.3498,568.3,542.76,504.53,568.22,clean,0,11.5957,25000.0,0,0.3498,568.3,542.76,504.53,568.22,clean,0,11.5957,25000.0,0,0.3498,568.3,542.76,504.53,568.22,clean,0,11.5957,25000.0,0,0.3498,568.3,542.76,504.53,568.22,29,111,33.0,109.0
2026-08-25,SMTK,580,4.103000000000001,3.9,0,0,clean,0,4.1153,9312.75,0,0.4893,437.65,441.84,448.11,274.38,clean,0,4.1153,9312.75,0,0.4893,437.65,441.84,448.11,274.38,clean,0,4.1153,9312.75,0,0.4893,437.65,441.84,448.11,274.38,clean,0,4.1153,9312.75,0,0.4893,437.65,441.84,448.11,274.38,61,107,81.0,105.0
2026-08-25,STDN,627,13.255000000000004,13.14,0,1,gap_into,1,13.305,5825.1,0,0.4824,157.54,157.54,157.54,183.73,gap_into,1,13.305,5825.1,0,0.4824,157.54,157.54,157.54,183.73,gap_into,1,13.305,5825.1,0,0.4824,157.54,157.54,157.54,183.73,gap_into,1,13.305,5825.1,0,0.4824,157.54,157.54,157.54,183.73,33,111,38.0,109.0
2026-08-25,USDE,578,6.017,5.91,0,0,clean,0,6.0351,25000.0,0,-0.1328,-325.51,-350.18,-387.08,-325.42,clean,0,6.0351,25000.0,0,-0.1328,-325.51,-350.18,-387.08,-325.42,clean,0,6.0351,25000.0,0,-0.1328,-325.51,-350.18,-387.08,-325.42,clean,0,6.0351,25000.0,0,-0.1328,-325.51,-350.18,-387.08,-325.42,9,107,,
2026-08-25,VIR,617,11.033,10.9601,0,0,clean,0,11.0661,25000.0,0,-0.5242,-735.37,-759.62,-795.9,-735.39,clean,0,11.0661,25000.0,0,-0.5242,-735.37,-759.62,-795.9,-735.39,clean,0,11.0661,25000.0,0,-0.5242,-735.37,-759.62,-795.9,-735.39,clean,0,11.0661,25000.0,0,-0.5242,-735.37,-759.62,-795.9,-735.39,23,109,31.0,109.0
2026-08-25,WETO,576,30.723000000000003,29.36,0,0,clean,0,30.8152,16905.75,0,-0.8267,-1328.83,-1344.41,-1367.73,-1328.88,clean,0,30.8152,16905.75,0,-0.8267,-1328.83,-1344.41,-1367.73,-1328.88,clean,0,30.8152,16905.75,0,-0.8267,-1328.83,-1344.41,-1367.73,-1328.88,clean,0,30.8152,16905.75,0,-0.8267,-1328.83,-1344.41,-1367.73,-1328.88,44,106,,
2026-08-26,BEX,575,25.652,25.66,1,0,clean,0,25.729,25000.0,0,-1.0097,-2368.39,-2391.0,-2424.84,-2368.49,clean,0,25.729,25000.0,0,-1.0097,-2368.39,-2391.0,-2424.84,-2368.49,clean,0,25.729,25000.0,0,-1.0097,-2368.39,-2391.0,-2424.84,-2368.49,clean,0,25.729,25000.0,0,-1.0097,-2368.39,-2391.0,-2424.84,-2368.49,4,51,,
2026-08-26,BZ,575,18.447000000000003,18.29,0,1,clean,1,18.5023,25000.0,0,0.2245,569.0,543.45,505.23,569.01,clean,1,18.5023,25000.0,0,0.2245,569.0,543.45,505.23,569.01,clean,1,18.5023,25000.0,0,0.2245,569.0,543.45,505.23,569.01,clean,1,18.5023,25000.0,0,0.2245,569.0,543.45,505.23,569.01,2,51,,
2026-08-26,CAPR,592,9.119,8.95,0,0,clean,0,9.1464,25000.0,0,0.0394,116.06,90.42,52.55,116.13,clean,0,9.1464,25000.0,0,0.0394,116.06,90.42,52.55,116.13,clean,0,9.1464,25000.0,0,0.0394,116.06,90.42,52.55,116.13,clean,0,9.1464,25000.0,0,0.0394,116.06,90.42,52.55,116.13,9,55,5.0,55.0
2026-08-26,CRMU,588,3.2010000000000005,3.163,0,0,clean,0,3.2106,2887.35,0,-1.0079,-330.32,-332.88,-336.71,-330.33,clean,0,3.2106,2887.35,0,-1.0079,-330.32,-332.88,-336.71,-330.33,clean,0,3.2106,2887.35,0,-1.0079,-330.32,-332.88,-336.71,-330.33,clean,0,3.2106,2887.35,0,-1.0079,-330.32,-332.88,-336.71,-330.33,14,55,16.0,55.0
2026-08-26,CRMX,583,7.227000000000001,7.1,0,0,clean,0,7.2487,7137.9,0,-1.0097,-683.34,-689.8,-699.46,-683.37,clean,0,7.2487,7137.9,0,-1.0097,-683.34,-689.8,-699.46,-683.37,clean,0,7.2487,7137.9,0,-1.0097,-683.34,-689.8,-699.46,-683.37,clean,0,7.2487,7137.9,0,-1.0097,-683.34,-689.8,-699.46,-683.37,5,55,5.0,54.0
2026-08-26,NCNO,587,21.263,21.135,0,1,clean,32,21.3268,25000.0,0,0.0563,135.57,110.46,72.87,135.56,clean,32,21.3268,25000.0,0,0.0563,135.57,110.46,72.87,135.56,clean,32,21.3268,25000.0,0,0.0563,135.57,110.46,72.87,135.56,clean,32,21.3268,25000.0,0,0.0563,135.57,110.46,72.87,135.56,3,55,7.0,55.0
2026-08-26,OPTX,596,8.536,8.51,0,0,clean,0,8.5616,3722.85,0,-0.0519,-22.56,-26.26,-31.8,-22.57,clean,0,8.5616,3722.85,0,-0.0519,-22.56,-26.26,-31.8,-22.57,clean,0,8.5616,3722.85,0,-0.0519,-22.56,-26.26,-31.8,-22.57,clean,0,8.5616,3722.85,0,-0.0519,-22.56,-26.26,-31.8,-22.57,13,57,8.0,55.0
2026-08-26,QMLS,608,7.117,7.06,0,0,clean,0,7.1384,4195.8,0,-1.0066,-560.23,-563.86,-569.3,-560.22,clean,0,7.1384,4195.8,0,-1.0066,-560.23,-563.86,-569.3,-560.22,clean,0,7.1384,4195.8,0,-1.0066,-560.23,-563.86,-569.3,-560.22,clean,0,7.1384,4195.8,0,-1.0066,-560.23,-563.86,-569.3,-560.22,14,58,14.0,58.0
2026-08-26,SMTC,588,143.51700000000002,141.645,0,1,clean,1,143.9476,25000.0,0,-0.2724,-750.45,-774.68,-810.93,-750.44,clean,1,143.9476,25000.0,0,-0.2724,-750.45,-774.68,-810.93,-750.44,clean,1,143.9476,25000.0,0,-0.2724,-750.45,-774.68,-810.93,-750.44,clean,1,143.9476,25000.0,0,-0.2724,-750.45,-774.68,-810.93,-750.44,12,55,12.0,55.0
2026-08-26,WBTN,604,10.395,10.37,0,0,clean,0,10.4262,25000.0,0,0.0361,74.99,49.92,12.42,74.91,clean,0,10.4262,25000.0,0,0.0361,74.99,49.92,12.42,74.91,clean,0,10.4262,25000.0,0,0.0361,74.99,49.92,12.42,74.91,clean,0,10.4262,25000.0,0,0.0361,74.99,49.92,12.42,74.91,10,58,11.0,58.0
2026-08-26,XOS,591,3.839,3.77,0,1,gap_into,1,3.87,8507.7,0,-0.5238,-537.82,-537.82,-537.82,-537.86,gap_into,1,3.87,8507.7,0,-0.5238,-537.82,-537.82,-537.82,-537.86,gap_into,1,3.87,8507.7,0,-0.5238,-537.82,-537.82,-537.82,-537.86,gap_into,1,3.87,8507.7,0,-0.5238,-537.82,-537.82,-537.82,-537.86,9,55,23.0,55.0
2026-08-26,ZYME,602,30.261000000000003,30.157,0,1,gap_into,1,30.37,21918.3,0,-0.6466,-1108.87,-1108.87,-1108.87,-1108.85,gap_into,1,30.37,21918.3,0,-0.6466,-1108.87,-1108.87,-1108.87,-1108.85,gap_into,1,30.37,21918.3,0,-0.6466,-1108.87,-1108.87,-1108.87,-1108.85,gap_into,1,30.37,21918.3,0,-0.6466,-1108.87,-1108.87,-1108.87,-1108.85,9,58,14.0,57.0
2026-08-27,BETR,613,14.938,14.8686,0,1,clean,1,14.9828,11845.2,0,-1.0145,-789.17,-800.23,-816.78,-789.2,clean,1,14.9828,11845.2,0,-1.0145,-789.17,-800.23,-816.78,-789.2,clean,1,14.9828,11845.2,0,-1.0145,-789.17,-800.23,-816.78,-789.2,clean,1,14.9828,11845.2,0,-1.0145,-789.17,-800.23,-816.78,-789.2,25,68,22,68
2026-08-27,BEZ,596,10.175,10.06,0,0,clean,0,10.2055,4698.75,0,-0.1166,-58.83,-63.47,-70.41,-58.84,clean,0,10.2055,4698.75,0,-0.1166,-58.83,-63.47,-70.41,-58.84,clean,0,10.2055,4698.75,0,-0.1166,-58.83,-63.47,-70.41,-58.84,clean,0,10.2055,4698.75,0,-0.1166,-58.83,-63.47,-70.41,-58.84,13,66,17,65
2026-08-27,DFNS,613,12.881000000000002,12.8199,0,1,clean,1,12.9196,25000.0,0,0.0427,84.81,59.74,22.22,84.84,clean,1,12.9196,25000.0,0,0.0427,84.81,59.74,22.22,84.84,clean,1,12.9196,25000.0,0,0.0427,84.81,59.74,22.22,84.84,clean,1,12.9196,25000.0,0,0.0427,84.81,59.74,22.22,84.84,13,68,31,68
2026-08-27,DLTR,596,130.28400000000002,129.48,0,1,clean,1,130.6749,25000.0,0,-0.2436,-584.2,-608.6,-645.12,-584.18,clean,1,130.6749,25000.0,0,-0.2436,-584.2,-608.6,-645.12,-584.18,clean,1,130.6749,25000.0,0,-0.2436,-584.2,-608.6,-645.12,-584.18,clean,1,130.6749,25000.0,0,-0.2436,-584.2,-608.6,-645.12,-584.18,2,66,2,65
2026-08-27,HSDT,620,2.299,2.275,0,1,clean,1,2.3059,5122.35,0,0.9845,247.32,241.95,233.92,247.32,clean,1,2.3059,5122.35,0,0.9845,247.32,241.95,233.92,247.32,clean,1,2.3059,5122.35,0,0.9845,247.32,241.95,233.92,247.32,clean,1,2.3059,5122.35,0,0.9845,247.32,241.95,233.92,247.32,15,68,20,68
2026-08-27,HYPD,594,3.729000000000001,3.72,0,1,clean,55,3.7402,3053.25,0,-0.2575,-77.29,-80.26,-84.72,-77.28,clean,55,3.7402,3053.25,0,-0.2575,-77.29,-80.26,-84.72,-77.28,clean,55,3.7402,3053.25,0,-0.2575,-77.29,-80.26,-84.72,-77.28,clean,55,3.7402,3053.25,0,-0.2575,-77.29,-80.26,-84.72,-77.28,9,66,3,65
2026-08-28,APMD,625,31.911000000000005,31.817,0,1,clean,22,32.0067,25000.0,0,-1.0149,-1603.38,-1626.76,-1661.75,-1603.4,clean,22,32.0067,25000.0,0,-1.0149,-1603.38,-1626.76,-1661.75,-1603.4,clean,22,32.0067,25000.0,0,-1.0149,-1603.38,-1626.76,-1661.75,-1603.4,clean,22,32.0067,25000.0,0,-1.0149,-1603.38,-1626.76,-1661.75,-1603.4,5,46,29.0,46.0
2026-08-28,FTCI,600,2.706,2.6038,0,1,gap_into,1,2.728,5083.95,0,-0.1862,-99.1,-99.1,-99.1,-99.09,gap_into,1,2.728,5083.95,0,-0.1862,-99.1,-99.1,-99.1,-99.09,gap_into,1,2.728,5083.95,0,-0.1862,-99.1,-99.1,-99.1,-99.09,gap_into,1,2.728,5083.95,0,-0.1862,-99.1,-99.1,-99.1,-99.09,6,45,3.0,45.0
2026-08-28,GDXD,614,16.126,16.1,0,1,clean,13,16.1744,25000.0,0,0.2321,608.53,582.94,544.66,608.56,clean,13,16.1744,25000.0,0,0.2321,608.53,582.94,544.66,608.56,clean,13,16.1744,25000.0,0,0.2321,608.53,582.94,544.66,608.56,clean,13,16.1744,25000.0,0,0.2321,608.53,582.94,544.66,608.56,7,46,15.0,45.0
2026-08-28,SCTX,620,31.658000000000005,31.1791,0,0,clean,0,31.753,4685.7,0,-1.0144,-315.17,-319.54,-326.08,-315.17,clean,0,31.753,4685.7,0,-1.0144,-315.17,-319.54,-326.08,-315.17,clean,0,31.753,4685.7,0,-1.0144,-315.17,-319.54,-326.08,-315.17,clean,0,31.753,4685.7,0,-1.0144,-315.17,-319.54,-326.08,-315.17,11,46,12.0,46.0
2026-08-28,TII,599,3.2010000000000005,3.2,0,0,clean,0,3.2106,12473.1,0,-0.2982,-386.38,-398.47,-416.56,-386.39,clean,0,3.2106,12473.1,0,-0.2982,-386.38,-398.47,-416.56,-386.39,clean,0,3.2106,12473.1,0,-0.2982,-386.38,-398.47,-416.56,-386.39,clean,0,3.2106,12473.1,0,-0.2982,-386.38,-398.47,-416.56,-386.39,8,45,6.0,45.0
2026-08-28,TJGC,578,8.569,8.5,0,0,clean,0,8.5947,6650.85,0,1.1424,1079.48,1071.75,1060.18,1079.45,clean,0,8.5947,6650.85,0,1.1424,1079.48,1071.75,1060.18,1079.45,clean,0,8.5947,6650.85,0,1.1424,1079.48,1071.75,1060.18,1079.45,clean,0,8.5947,6650.85,0,1.1424,1079.48,1071.75,1060.18,1079.45,2,45,,
2026-08-28,USDE,596,8.008000000000001,7.87,0,0,clean,0,8.032,25000.0,0,-1.0091,-2498.67,-2521.16,-2554.81,-2498.59,clean,0,8.032,25000.0,0,-1.0091,-2498.67,-2521.16,-2554.81,-2498.59,clean,0,8.032,25000.0,0,-1.0091,-2498.67,-2521.16,-2554.81,-2498.59,clean,0,8.032,25000.0,0,-1.0091,-2498.67,-2521.16,-2554.81,-2498.59,14,45,22.0,45.0
2026-08-31,PSQL,575,19.767,18.83,0,0,clean,0,19.8263,25000.0,0,-1.0091,-2517.28,-2539.76,-2573.39,-2517.28,clean,0,19.8263,25000.0,0,-1.0091,-2517.28,-2539.76,-2573.39,-2517.28,clean,0,19.8263,25000.0,0,-1.0091,-2517.28,-2539.76,-2573.39,-2517.28,clean,0,19.8263,25000.0,0,-1.0091,-2517.28,-2539.76,-2573.39,-2517.28,10,38,,
2026-09-01,AIFU,616,23.1,22.99,0,0,clean,0,23.1693,3225.0,0,-0.4487,-144.36,-147.44,-152.05,-144.36,clean,0,23.1693,3225.0,0,-0.4487,-144.36,-147.44,-152.05,-144.36,clean,0,23.1693,3225.0,0,-0.4487,-144.36,-147.44,-152.05,-144.36,clean,0,23.1693,3225.0,0,-0.4487,-144.36,-147.44,-152.05,-144.36,19,41,19.0,41.0
2026-09-01,ALMS,575,10.912,10.38,0,0,clean,0,10.9447,12307.35,0,-1.0071,-1548.95,-1559.72,-1575.82,-1548.97,clean,0,10.9447,12307.35,0,-1.0071,-1548.95,-1559.72,-1575.82,-1548.97,clean,0,10.9447,12307.35,0,-1.0071,-1548.95,-1559.72,-1575.82,-1548.97,clean,0,10.9447,12307.35,0,-1.0071,-1548.95,-1559.72,-1575.82,-1548.97,3,37,,
2026-09-01,ARCT,609,16.357,16.23,0,0,clean,0,16.4061,25000.0,0,-0.1457,-304.92,-329.59,-366.52,-304.84,clean,0,16.4061,25000.0,0,-0.1457,-304.92,-329.59,-366.52,-304.84,clean,0,16.4061,25000.0,0,-0.1457,-304.92,-329.59,-366.52,-304.84,clean,0,16.4061,25000.0,0,-0.1457,-304.92,-329.59,-366.52,-304.84,7,41,5.0,41.0
2026-09-01,BRNX,602,3.762,3.68,0,0,clean,0,3.7733,4322.25,0,-1.0073,-528.22,-532.02,-537.7,-528.21,clean,0,3.7733,4322.25,0,-1.0073,-528.22,-532.02,-537.7,-528.21,clean,0,3.7733,4322.25,0,-1.0073,-528.22,-532.02,-537.7,-528.21,clean,0,3.7733,4322.25,0,-1.0073,-528.22,-532.02,-537.7,-528.21,6,41,10.0,41.0
2026-09-01,DAIC,575,3.5640000000000005,3.65,1,0,adverse,360,3.5996,15137.55,0,0.0455,50.63,50.63,50.63,1550.92,adverse,0,3.6353,15137.55,0,0.3566,568.72,568.72,568.72,1387.13,gap_into,0,3.65,15137.55,0,0.3079,505.3,505.3,505.3,1320.42,gap_into,0,3.65,15137.55,0,0.3079,505.3,505.3,505.3,1320.42,14,37,,
2026-09-01,EMPD,576,3.575,3.575,0,0,clean,0,3.5857,8092.65,0,-0.1809,-146.76,-154.71,-166.6,-146.78,clean,0,3.5857,8092.65,0,-0.1809,-146.76,-154.71,-166.6,-146.78,clean,0,3.5857,8092.65,0,-0.1809,-146.76,-154.71,-166.6,-146.78,clean,0,3.5857,8092.65,0,-0.1809,-146.76,-154.71,-166.6,-146.78,1,38,,
2026-09-01,GDXU,622,158.95000000000002,159.0,0,1,gap_into,1,159.625,9606.3,0,-1.0335,-750.09,-750.09,-750.09,-750.11,gap_into,1,159.625,9606.3,0,-1.0335,-750.09,-750.09,-750.09,-750.11,gap_into,1,159.625,9606.3,0,-1.0335,-750.09,-750.09,-750.09,-750.11,gap_into,1,159.625,9606.3,0,-1.0335,-750.09,-750.09,-750.09,-750.11,8,41,9.0,41.0
2026-09-01,INBS,605,2.64,2.4401,0,0,clean,0,2.6479,13285.66,0,-0.2474,-750.68,-760.57,-775.26,-750.58,clean,0,2.6479,13285.66,0,-0.2474,-750.68,-760.57,-775.26,-750.58,clean,0,2.6479,13285.66,0,-0.2474,-750.68,-760.57,-775.26,-750.58,clean,0,2.6479,13285.66,0,-0.2474,-750.68,-760.57,-775.26,-750.58,33,41,40.0,41.0
2026-09-01,MOVE,582,11.099,10.9,0,1,clean,2,11.1323,9546.9,0,1.2061,1170.04,1159.32,1143.29,1170.0,clean,2,11.1323,9546.9,0,1.2061,1170.04,1159.32,1143.29,1170.0,clean,2,11.1323,9546.9,0,1.2061,1170.04,1159.32,1143.29,1170.0,clean,2,11.1323,9546.9,0,1.2061,1170.04,1159.32,1143.29,1170.0,6,40,1.0,39.0
2026-09-01,SWVL,584,3.102,3.08,0,0,clean,0,3.1113,5385.0,0,1.7713,917.25,910.94,901.51,917.23,clean,0,3.1113,5385.0,0,1.7713,917.25,910.94,901.51,917.23,clean,0,3.1113,5385.0,0,1.7713,917.25,910.94,901.51,917.23,clean,0,3.1113,5385.0,0,1.7713,917.25,910.94,901.51,917.23,7,40,15.0,39.0
2026-09-02,CABO,589,26.565,26.66,0,0,gap_into,0,26.66,8147.4,0,0.9464,719.09,719.09,719.09,719.12,gap_into,0,26.66,8147.4,0,0.9464,719.09,719.09,719.09,719.12,gap_into,0,26.66,8147.4,0,0.9464,719.09,719.09,719.09,719.12,gap_into,0,26.66,8147.4,0,0.9464,719.09,719.09,719.09,719.12,17,91,28.0,90.0
2026-09-02,DAIC,575,3.685000000000001,3.69,1,0,clean,0,3.6961,20867.25,0,-1.0097,-1997.72,-2016.59,-2044.84,-1997.65,clean,0,3.6961,20867.25,0,-1.0097,-1997.72,-2016.59,-2044.84,-1997.65,clean,0,3.6961,20867.25,0,-1.0097,-1997.72,-2016.59,-2044.84,-1997.65,clean,0,3.6961,20867.25,0,-1.0097,-1997.72,-2016.59,-2044.84,-1997.65,9,75,,
2026-09-02,JFB,609,5.346000000000001,5.268,0,1,clean,1,5.362,4948.65,0,-1.0093,-492.2,-496.65,-503.32,-492.21,clean,1,5.362,4948.65,0,-1.0093,-492.2,-496.65,-503.32,-492.21,clean,1,5.362,4948.65,0,-1.0093,-492.2,-496.65,-503.32,-492.21,clean,1,5.362,4948.65,0,-1.0093,-492.2,-496.65,-503.32,-492.21,40,93,33.0,93.0
2026-09-02,MOVE,575,13.519,13.2,0,0,clean,0,13.5596,9279.15,0,0.7741,666.65,656.7,641.82,666.62,clean,0,13.5596,9279.15,0,0.7741,666.65,656.7,641.82,666.62,clean,0,13.5596,9279.15,0,0.7741,666.65,656.7,641.82,666.62,clean,0,13.5596,9279.15,0,0.7741,666.65,656.7,641.82,666.62,36,75,,
2026-09-02,NCT,584,5.764000000000001,5.3601,0,0,clean,0,5.7813,25000.0,0,-1.0095,-2412.42,-2434.99,-2468.76,-2412.41,clean,0,5.7813,25000.0,0,-1.0095,-2412.42,-2434.99,-2468.76,-2412.41,clean,0,5.7813,25000.0,0,-1.0095,-2412.42,-2434.99,-2468.76,-2412.41,clean,0,5.7813,25000.0,0,-1.0095,-2412.42,-2434.99,-2468.76,-2412.41,55,90,52.0,89.0
2026-09-02,RDTL,597,13.343000000000002,13.3817,0,1,clean,3,13.383,5054.85,0,0.5635,313.84,308.47,300.44,313.82,clean,3,13.383,5054.85,0,0.5635,313.84,308.47,300.44,313.82,clean,3,13.383,5054.85,0,0.5635,313.84,308.47,300.44,313.82,clean,3,13.383,5054.85,0,0.5635,313.84,308.47,300.44,313.82,11,91,10.0,91.0
2026-09-02,RNXT,581,2.3540000000000005,2.335,0,1,clean,3,2.3611,6012.0,0,0.7642,422.95,416.52,406.89,422.95,clean,3,2.3611,6012.0,0,0.7642,422.95,416.52,406.89,422.95,clean,3,2.3611,6012.0,0,0.7642,422.95,416.52,406.89,422.95,clean,3,2.3611,6012.0,0,0.7642,422.95,416.52,406.89,422.95,3,90,7.0,80.0
2026-09-02,TEMT,582,26.96100000000001,26.66,0,1,gap_into,1,27.11,11452.95,0,-1.0133,-1126.72,-1126.72,-1126.72,-1126.76,gap_into,1,27.11,11452.95,0,-1.0133,-1126.72,-1126.72,-1126.72,-1126.76,gap_into,1,27.11,11452.95,0,-1.0133,-1126.72,-1126.72,-1126.72,-1126.76,gap_into,1,27.11,11452.95,0,-1.0133,-1126.72,-1126.72,-1126.72,-1126.76,5,90,12.0,87.0
2026-09-02,TITN,598,22.693,22.37,0,0,clean,0,22.7611,25000.0,0,0.348,815.58,789.77,751.15,815.51,clean,0,22.7611,25000.0,0,0.348,815.58,789.77,751.15,815.51,clean,0,22.7611,25000.0,0,0.348,815.58,789.77,751.15,815.51,clean,0,22.7611,25000.0,0,0.348,815.58,789.77,751.15,815.51,14,92,18.0,91.0
2026-09-03,CBIO,597,20.603,20.38,0,0,clean,0,20.6648,25000.0,0,-0.2221,-545.04,-569.49,-606.08,-545.01,clean,0,20.6648,25000.0,0,-0.2221,-545.04,-569.49,-606.08,-545.01,clean,0,20.6648,25000.0,0,-0.2221,-545.04,-569.49,-606.08,-545.01,clean,0,20.6648,25000.0,0,-0.2221,-545.04,-569.49,-606.08,-545.01,30,87,28.0,87.0
2026-09-03,CIFG,614,3.927,3.91,0,0,clean,0,3.9388,4861.05,0,3.2508,871.92,866.19,857.61,871.91,clean,0,3.9388,4861.05,0,3.2508,871.92,866.19,857.61,871.91,clean,0,3.9388,4861.05,0,3.2508,871.92,866.19,857.61,871.91,clean,0,3.9388,4861.05,0,3.2508,871.92,866.19,857.61,871.91,13,89,18.0,89.0
2026-09-03,CLSX,619,11.264,11.265,0,0,clean,0,11.2978,5430.15,0,1.5139,544.88,538.9,529.96,544.87,clean,0,11.2978,5430.15,0,1.5139,544.88,538.9,529.96,544.87,clean,0,11.2978,5430.15,0,1.5139,544.88,538.9,529.96,544.87,clean,0,11.2978,5430.15,0,1.5139,544.88,538.9,529.96,544.87,16,89,19.0,89.0
2026-09-03,CSEX,595,10.659,10.64,0,0,clean,0,10.691,7971.75,0,1.0743,832.29,823.49,810.31,832.33,clean,0,10.691,7971.75,0,1.0743,832.29,823.49,810.31,832.33,clean,0,10.691,7971.75,0,1.0743,832.29,823.49,810.31,832.33,clean,0,10.691,7971.75,0,1.0743,832.29,823.49,810.31,832.33,9,87,19.0,87.0
2026-09-03,CURR,581,4.455,4.37,0,0,clean,0,4.4684,14759.01,0,-1.07,-3219.0,-3217.9,-3216.27,-3219.05,clean,0,4.4684,14759.01,0,-1.07,-3219.0,-3217.9,-3216.27,-3219.05,clean,0,4.4684,14759.01,0,-1.07,-3219.0,-3217.9,-3216.27,-3219.05,clean,0,4.4684,14759.01,0,-1.07,-3219.0,-3217.9,-3216.27,-3219.05,17,87,10.0,81.0
2026-09-03,DFNS,577,10.164,10.005,0,0,clean,0,10.1945,15572.55,0,-0.0047,-25.55,-41.1,-64.37,-25.51,clean,0,10.1945,15572.55,0,-0.0047,-25.55,-41.1,-64.37,-25.51,clean,0,10.1945,15572.55,0,-0.0047,-25.55,-41.1,-64.37,-25.51,clean,0,10.1945,15572.55,0,-0.0047,-25.55,-41.1,-64.37,-25.51,1,85,,
2026-09-03,MEI,624,16.599,16.55,0,0,clean,0,16.6488,22341.9,0,-0.8332,-1635.54,-1656.25,-1687.24,-1635.61,clean,0,16.6488,22341.9,0,-0.8332,-1635.54,-1656.25,-1687.24,-1635.61,clean,0,16.6488,22341.9,0,-0.8332,-1635.54,-1656.25,-1687.24,-1635.61,clean,0,16.6488,22341.9,0,-0.8332,-1635.54,-1656.25,-1687.24,-1635.61,16,89,19.0,89.0
2026-09-03,NTAP,582,177.11100000000002,177.21,0,0,clean,0,177.6423,25000.0,0,0.366,841.92,816.09,777.44,841.81,clean,0,177.6423,25000.0,0,0.366,841.92,816.09,777.44,841.81,clean,0,177.6423,25000.0,0,0.366,841.92,816.09,777.44,841.81,clean,0,177.6423,25000.0,0,0.366,841.92,816.09,777.44,841.81,5,87,3.0,85.0
2026-09-03,PLTG,593,19.107000000000003,19.17,0,0,gap_into,0,19.17,11913.75,0,0.1556,159.72,159.72,159.72,159.68,gap_into,0,19.17,11913.75,0,0.1556,159.72,159.72,159.72,159.68,gap_into,0,19.17,11913.75,0,0.1556,159.72,159.72,159.72,159.68,gap_into,0,19.17,11913.75,0,0.1556,159.72,159.72,159.72,159.68,5,87,6.0,87.0
2026-09-03,PTIR,581,20.042,20.0,0,1,clean,1,20.1021,25000.0,0,0.1488,366.96,341.62,303.7,367.04,clean,1,20.1021,25000.0,0,0.1488,366.96,341.62,303.7,367.04,clean,1,20.1021,25000.0,0,0.1488,366.96,341.62,303.7,367.04,clean,1,20.1021,25000.0,0,0.1488,366.96,341.62,303.7,367.04,3,87,8.0,81.0
2026-09-03,RIOX,615,23.265,22.85,0,1,clean,1,23.3348,7675.05,0,1.9737,1084.48,1075.72,1062.62,1084.48,clean,1,23.3348,7675.05,0,1.9737,1084.48,1075.72,1062.62,1084.48,clean,1,23.3348,7675.05,0,1.9737,1084.48,1075.72,1062.62,1084.48,clean,1,23.3348,7675.05,0,1.9737,1084.48,1075.72,1062.62,1084.48,29,89,39.0,89.0
2026-09-04,ALAB,586,315.535,311.605,0,1,clean,1.0,316.4816,25000.0,0.0,-0.1212,-288.23,-312.92,-349.87,-288.11,clean,1.0,316.4816,25000.0,0.0,-0.1212,-288.23,-312.92,-349.87,-288.11,clean,1.0,316.4816,25000.0,0.0,-0.1212,-288.23,-312.92,-349.87,-288.11,clean,1.0,316.4816,25000.0,0.0,-0.1212,-288.23,-312.92,-349.87,-288.11,7,80,9.0,78.0
2026-09-04,ATTO,628,26.884000000000004,26.15,0,0,clean,0.0,26.9647,25000.0,0.0,-0.4172,-770.96,-795.18,-831.41,-770.96,clean,0.0,26.9647,25000.0,0.0,-0.4172,-770.96,-795.18,-831.41,-770.96,clean,0.0,26.9647,25000.0,0.0,-0.4172,-770.96,-795.18,-831.41,-770.96,clean,0.0,26.9647,25000.0,0.0,-0.4172,-770.96,-795.18,-831.41,-770.96,33,84,34.0,84.0
2026-09-04,CHPT,604,10.208,10.15,0,1,clean,1.0,10.2386,25000.0,0.0,-1.0101,-2269.2,-2291.91,-2325.89,-2269.12,clean,1.0,10.2386,25000.0,0.0,-1.0101,-2269.2,-2291.91,-2325.89,-2269.12,clean,1.0,10.2386,25000.0,0.0,-1.0101,-2269.2,-2291.91,-2325.89,-2269.12,clean,1.0,10.2386,25000.0,0.0,-1.0101,-2269.2,-2291.91,-2325.89,-2269.12,18,83,53.0,83.0
2026-09-04,CRDU,594,7.26,7.23,0,1,clean,2.0,7.2818,25000.0,0.0,-0.0387,-117.49,-142.36,-179.56,-117.56,clean,2.0,7.2818,25000.0,0.0,-0.0387,-117.49,-142.36,-179.56,-117.56,clean,2.0,7.2818,25000.0,0.0,-0.0387,-117.49,-142.36,-179.56,-117.56,clean,2.0,7.2818,25000.0,0.0,-0.0387,-117.49,-142.36,-179.56,-117.56,5,82,7.0,80.0
2026-09-04,LABX,576,11.539,11.4499,0,1,clean,1.0,11.5736,25000.0,0.0,0.78,1878.6,1851.73,1811.53,1878.64,clean,1.0,11.5736,25000.0,0.0,0.78,1878.6,1851.73,1811.53,1878.64,clean,1.0,11.5736,25000.0,0.0,0.78,1878.6,1851.73,1811.53,1878.64,clean,1.0,11.5736,25000.0,0.0,0.78,1878.6,1851.73,1811.53,1878.64,3,72,,
2026-09-04,LULG,584,4.378,4.325,0,1,clean,1.0,4.3911,25000.0,0.0,-0.309,-749.93,-774.16,-810.42,-749.85,clean,1.0,4.3911,25000.0,0.0,-0.309,-749.93,-774.16,-810.42,-749.85,clean,1.0,4.3911,25000.0,0.0,-0.309,-749.93,-774.16,-810.42,-749.85,clean,1.0,4.3911,25000.0,0.0,-0.309,-749.93,-774.16,-810.42,-749.85,13,80,2.0,75.0
2026-09-04,MEI,583,16.874000000000002,16.69,0,1,miss_noelect,,,,,,,,,,miss_noelect,,,,,,,,,,miss_noelect,,,,,,,,,,miss_noelect,,,,,,,,,,11,79,49.0,74.0
2026-09-04,MF,622,11.880000000000004,11.985,0,0,gap_into,0.0,11.985,6685.05,0.0,0.2592,132.96,132.96,132.96,132.96,gap_into,0.0,11.985,6685.05,0.0,0.2592,132.96,132.96,132.96,132.96,gap_into,0.0,11.985,6685.05,0.0,0.2592,132.96,132.96,132.96,132.96,gap_into,0.0,11.985,6685.05,0.0,0.2592,132.96,132.96,132.96,132.96,25,84,22.0,84.0
2026-09-04,PMI,619,4.906000000000001,4.88,0,0,clean,0.0,4.9207,11035.05,0.0,-0.5017,-575.49,-585.96,-601.61,-575.51,clean,0.0,4.9207,11035.05,0.0,-0.5017,-575.49,-585.96,-601.61,-575.51,clean,0.0,4.9207,11035.05,0.0,-0.5017,-575.49,-585.96,-601.61,-575.51,clean,0.0,4.9207,11035.05,0.0,-0.5017,-575.49,-585.96,-601.61,-575.51,18,84,17.0,84.0
2026-09-04,PYXS,608,3.883,3.755,0,0,clean,0.0,3.8946,25000.0,0.0,0.058,90.11,65.03,27.52,90.13,clean,0.0,3.8946,25000.0,0.0,0.058,90.11,65.03,27.52,90.13,clean,0.0,3.8946,25000.0,0.0,0.058,90.11,65.03,27.52,90.13,clean,0.0,3.8946,25000.0,0.0,0.058,90.11,65.03,27.52,90.13,22,84,18.0,83.0
2026-09-04,TYRA,629,26.96100000000001,26.87,0,0,clean,0.0,27.0419,25000.0,0.0,0.4784,560.46,2118.71,2078.12,2145.78,clean,0.0,27.0419,25000.0,0.0,0.4784,560.46,2118.71,2078.12,2145.78,clean,0.0,27.0419,25000.0,0.0,0.4784,560.46,2118.71,2078.12,2145.78,clean,0.0,27.0419,25000.0,0.0,0.4784,560.46,2118.71,2078.12,2145.78,13,84,12.0,84.0
