day,symbol,trig_m,day_open,level,entry,stop,r_pct,rr,reason,pos,pnl,bar_dollar,c50_off,c50_entry,c50_rr,c50_pnl,c100_off,c100_entry,c100_rr,c100_pnl,c200_off,c200_entry,c200_rr,c200_pnl,c500_off,c500_entry,c500_rr,c500_pnl
2026-08-17,AGPU,575,7.78,8.558000000000002,8.435229999999999,7.39,12.391,2.1428,eod,24210.64,6407.0,217595.0,1,8.435229999999999,2.1428,6407.0,1,8.435229999999999,2.1428,6407.0,1,8.435229999999999,2.1428,6407.0,1,8.435229999999999,2.1428,6407.0
2026-08-17,ASTX,589,14.96,16.456000000000003,16.59965,14.96,9.878,-0.8353,eod,25000.0,-2068.53,867382.0,1,16.5383,-0.8289,-1983.42,1,16.59965,-0.8353,-2068.53,1,16.59965,-0.8353,-2068.53,1,16.59965,-0.8353,-2068.53
2026-08-17,CDTG,580,2.17,2.387,2.3570499999999996,2.02,14.3,0.4925,lock,15378.69,1064.62,102525.0,1,2.3570499999999996,0.4925,1064.62,1,2.3570499999999996,0.4925,1064.62,1,2.3570499999999996,0.4925,1064.62,1,2.3570499999999996,0.4925,1064.62
2026-08-17,CIFG,590,5.25,5.775,5.777279999999999,5.25,9.127,-0.1276,eod,2792.16,-35.87,18614.0,1,5.777279999999999,-0.1276,-35.87,1,5.777279999999999,-0.1276,-35.87,1,5.777279999999999,-0.1276,-35.87,1,5.777279999999999,-0.1276,-35.87
2026-08-17,CORD,577,2.32,2.552,2.5676799999999997,2.27,11.593,-1.0076,stop,25000.0,-2932.68,408456.0,1,2.5648,-1.0077,-2907.54,1,2.5676799999999997,-1.0076,-2932.68,1,2.5676799999999997,-1.0076,-2932.68,1,2.5676799999999997,-1.0076,-2932.68
2026-08-17,CRCA,580,14.96,16.456000000000003,16.539469999999998,14.8001,10.516,0.0434,eod,3364.13,11.33,22428.0,1,16.5383,0.0441,11.57,1,16.539469999999998,0.0434,11.33,1,16.539469999999998,0.0434,11.33,1,16.539469999999998,0.0434,11.33
2026-08-17,CRCG,580,10.135,11.1485,11.183449999999999,9.98,10.761,0.0387,eod,25000.0,91.78,407044.0,1,11.183449999999999,0.0387,91.78,1,11.183449999999999,0.0387,91.78,1,11.183449999999999,0.0387,91.78,1,11.183449999999999,0.0387,91.78
2026-08-17,DFSC,579,2.68,2.9480000000000004,2.9099035999999994,2.61,10.306,-1.0087,stop,25000.0,-2614.62,320116.0,1,2.9099035999999994,-1.0087,-2614.62,1,2.9099035999999994,-1.0087,-2614.62,1,2.9099035999999994,-1.0087,-2614.62,1,2.9099035999999994,-1.0087,-2614.62
2026-08-17,EYPT,575,4.06,4.466,4.626437799999999,3.95,14.621,0.1161,eod,20518.24,346.68,1927203.0,1,4.4883,0.4025,988.75,1,4.5107,0.3466,882.27,1,4.5553,0.2473,672.45,1,4.626437799999999,0.1161,346.68
2026-08-17,FDMT,596,12.2,13.42,13.390049999999999,12.1,9.634,0.6162,eod,25000.0,1454.99,171085.0,1,13.390049999999999,0.6162,1454.99,1,13.390049999999999,0.6162,1454.99,1,13.390049999999999,0.6162,1454.99,1,13.390049999999999,0.6162,1454.99
2026-08-17,HAO,593,3.99,4.389,4.102269999999999,3.71,9.562,-0.5001,lock,9838.68,-482.31,65591.0,1,4.102269999999999,-0.5001,-482.31,1,4.102269999999999,-0.5001,-482.31,1,4.102269999999999,-0.5001,-482.31,1,4.102269999999999,-0.5001,-482.31
2026-08-17,INDI,630,4.65,5.115000000000001,5.140375,4.695,8.664,-0.8316,eod,25000.0,-1804.62,1508510.0,1,5.140375,-0.8316,-1804.62,1,5.140375,-0.8316,-1804.62,1,5.140375,-0.8316,-1804.62,1,5.140375,-0.8316,-1804.62
2026-08-17,JDZG,615,3.92,4.312,4.312899999999999,4.05,6.096,-1.0154,stop,21238.23,-1340.04,141588.0,1,4.312899999999999,-1.0154,-1340.04,1,4.312899999999999,-1.0154,-1340.04,1,4.312899999999999,-1.0154,-1340.04,1,4.312899999999999,-1.0154,-1340.04
2026-08-17,RDWU,611,10.38,11.418000000000001,11.384049999999998,10.62,6.712,-1.0204,stop,9738.49,-678.65,64923.0,1,11.384049999999998,-1.0204,-678.65,1,11.384049999999998,-1.0204,-678.65,1,11.384049999999998,-1.0204,-678.65,1,11.384049999999998,-1.0204,-678.65
2026-08-17,RKLX,591,24.92,27.412000000000003,27.298450399999997,24.5,10.251,-0.7784,eod,25000.0,-2001.43,781009.0,1,27.298450399999997,-0.7784,-2001.43,1,27.298450399999997,-0.7784,-2001.43,1,27.298450399999997,-0.7784,-2001.43,1,27.298450399999997,-0.7784,-2001.43
2026-08-17,XHLD,577,5.99,6.589,6.632638399999999,5.905,10.971,0.1544,eod,17031.62,268.09,113544.0,1,6.6219,0.1716,296.06,1,6.632638399999999,0.1544,268.09,1,6.632638399999999,0.1544,268.09,1,6.632638399999999,0.1544,268.09
2026-08-17,YSS,575,10.36,11.396,11.649845,10.36,11.072,-0.8294,eod,25000.0,-2315.06,260059.0,1,11.453,-0.7987,-1924.8,1,11.51,-0.8087,-2039.13,1,11.6239,-0.8259,-2264.42,1,11.649845,-0.8294,-2315.06
2026-08-18,AIAI,605,5.01,5.511,5.34599,4.87,8.904,0.3866,eod,10652.42,353.88,71016.0,1,5.34599,0.3866,353.88,1,5.34599,0.3866,353.88,1,5.34599,0.3866,353.88,1,5.34599,0.3866,353.88
2026-08-18,ANGX,608,4.79,5.269,5.29584,4.92,7.097,-1.0131,stop,25000.0,-1801.67,1183620.0,1,5.2953,-1.0131,-1799.5,1,5.29584,-1.0131,-1801.67,1,5.29584,-1.0131,-1801.67,1,5.29584,-1.0131,-1801.67
2026-08-18,BOXL,579,7.02,7.722,7.8033399999999995,7.0015,10.276,-0.0915,eod,14798.64,-156.84,98658.0,1,7.7606,-0.0403,-76.13,1,7.7992,-0.0868,-149.1,1,7.8033399999999995,-0.0915,-156.84,1,7.8033399999999995,-0.0915,-156.84
2026-08-18,DLLL,575,26.26,28.886000000000003,28.63565,26.17,8.61,-1.0106,stop,25000.0,-2183.96,587518.0,1,28.63565,-1.0106,-2183.96,1,28.63565,-1.0106,-2183.96,1,28.63565,-1.0106,-2183.96,1,28.63565,-1.0106,-2183.96
2026-08-18,EYPT,575,4.73,5.203000000000001,5.4162,4.7032,13.164,0.1105,eod,22789.06,328.45,1335635.0,9,5.229,0.5059,1156.1,2,5.255,0.4349,1037.55,1,5.3071,0.3112,803.92,1,5.4162,0.1105,328.45
2026-08-18,FCEL,575,21.16,23.276000000000003,23.841309999999996,20.71,13.134,-0.5305,eod,22841.54,-1592.36,5806623.0,4,23.3924,-0.452,-1184.55,4,23.5088,-0.4748,-1291.77,1,23.7415,-0.5151,-1503.05,1,23.841309999999996,-0.5305,-1592.36
2026-08-18,FCUV,579,6.54,7.194000000000001,7.020999999999999,6.54,6.851,2.7033,eod,25000.0,4612.83,290627.0,1,7.020999999999999,2.7033,4612.83,1,7.020999999999999,2.7033,4612.83,1,7.020999999999999,2.7033,4612.83,1,7.020999999999999,2.7033,4612.83
2026-08-18,FGI,586,8.88,9.768000000000002,9.939729999999999,8.88,10.662,-0.5187,eod,15862.32,-896.32,105749.0,4,9.8168,-0.4556,-708.73,4,9.8657,-0.4826,-783.85,1,9.939729999999999,-0.5187,-896.32,1,9.939729999999999,-0.5187,-896.32
2026-08-18,GNPX,615,4.24,4.664000000000001,4.66395,4.03,13.593,-1.0064,stop,5833.2,-804.92,38888.0,1,4.66395,-1.0064,-804.92,1,4.66395,-1.0064,-804.92,1,4.66395,-1.0064,-804.92,1,4.66395,-1.0064,-804.92
2026-08-18,HAO,617,4.15,4.565,4.6137999999999995,4.06,12.003,-0.4312,eod,8441.18,-447.03,56275.0,1,4.5878,-0.4032,-401.71,1,4.6107,-0.4279,-441.56,1,4.6137999999999995,-0.4312,-447.03,1,4.6137999999999995,-0.4312,-447.03
2026-08-18,HSAI,580,15.71,17.281000000000002,17.10115,15.7,8.193,0.1062,eod,25000.0,210.86,741455.0,1,17.10115,0.1062,210.86,1,17.10115,0.1062,210.86,1,17.10115,0.1062,210.86,1,17.10115,0.1062,210.86
2026-08-18,IPST,599,7.49,8.239,8.5255,6.5,23.758,3.6366,eod,12627.25,10907.71,625831.0,-1,,,,-1,,,,-1,,,,5,8.5255,3.6366,10907.71
2026-08-18,NMAX,608,10.31,11.341000000000001,11.4248721,10.66,6.695,-0.2025,eod,25000.0,-361.05,225664.0,1,11.3977,-0.1731,-302.27,1,11.4248721,-0.2025,-361.05,1,11.4248721,-0.2025,-361.05,1,11.4248721,-0.2025,-361.05
2026-08-18,NUAI,578,5.23,5.753000000000001,5.76725,5.18,10.182,-1.0088,stop,25000.0,-2578.69,471242.0,1,5.76725,-1.0088,-2578.69,1,5.76725,-1.0088,-2578.69,1,5.76725,-1.0088,-2578.69,1,5.76725,-1.0088,-2578.69
2026-08-18,ONDG,577,3.12,3.4320000000000004,3.4753949999999993,3.11,10.514,-0.2063,eod,25000.0,-557.9,321450.0,9,3.4492,-0.1449,-371.87,1,3.4663,-0.1861,-493.87,1,3.4753949999999993,-0.2063,-557.9,1,3.4753949999999993,-0.2063,-557.9
2026-08-18,ONDL,577,7.91,8.701,8.806339999999999,7.91,10.178,-0.1856,eod,25000.0,-494.3,226393.0,10,8.7445,-0.1252,-320.86,1,8.788,-0.1686,-443.14,1,8.806339999999999,-0.1856,-494.3,1,8.806339999999999,-0.1856,-494.3
2026-08-18,QMCO,581,23.84,26.224,26.274587999999998,23.4558,10.728,-0.8105,eod,25000.0,-2178.33,1095466.0,1,26.274587999999998,-0.8105,-2178.33,1,26.274587999999998,-0.8105,-2178.33,1,26.274587999999998,-0.8105,-2178.33,1,26.274587999999998,-0.8105,-2178.33
2026-08-18,QPUX,581,18.5,20.35,20.5607979,18.28,11.093,-0.8509,eod,4385.62,-419.23,29237.0,1,20.4518,-0.8434,-398.06,1,20.5535,-0.8505,-417.82,1,20.5607979,-0.8509,-419.23,1,20.5607979,-0.8509,-419.23
2026-08-18,RCAT,579,9.85,10.835,10.802309999999999,9.8,9.279,-0.5012,eod,25000.0,-1167.06,1098714.0,1,10.802309999999999,-0.5012,-1167.06,1,10.802309999999999,-0.5012,-1167.06,1,10.802309999999999,-0.5012,-1167.06,1,10.802309999999999,-0.5012,-1167.06
2026-08-18,RDWU,580,9.05,9.955000000000002,9.979849999999999,8.57,14.127,-0.4645,eod,7058.25,-471.61,47055.0,1,9.979849999999999,-0.4645,-471.61,1,9.979849999999999,-0.4645,-471.61,1,9.979849999999999,-0.4645,-471.61,1,9.979849999999999,-0.4645,-471.61
2026-08-18,RGTX,579,13.04,14.344,14.463259999999998,12.9534,10.439,-0.7804,eod,3672.94,-303.63,24486.0,1,14.4157,-0.7732,-292.5,1,14.463259999999998,-0.7804,-303.63,1,14.463259999999998,-0.7804,-303.63,1,14.463259999999998,-0.7804,-303.63
2026-08-18,SECZ,629,5.29,5.819000000000001,5.855313399999999,5.314,9.245,-0.0098,eod,13420.38,-28.28,89469.0,1,5.8481,0.0036,-11.73,1,5.855313399999999,-0.0098,-28.28,1,5.855313399999999,-0.0098,-28.28,1,5.855313399999999,-0.0098,-28.28
2026-08-18,TJGC,603,3.9,4.29,4.29284,3.65,14.975,0.1305,eod,20033.79,368.33,139423.0,1,4.29284,0.1305,368.33,1,4.29284,0.1305,368.33,1,4.29284,0.1305,368.33,1,4.29284,0.1305,368.33
2026-08-18,UMAC,578,28.665,31.5315,32.020775,28.5,10.995,-0.4291,eod,6738.77,-326.03,44925.0,7,31.6892,-0.3697,-258.84,7,31.8468,-0.3994,-290.96,1,32.020775,-0.4291,-326.03,1,32.020775,-0.4291,-326.03
2026-08-19,APLZ,591,21.14,23.254,23.379929999999995,20.69,11.505,-0.6803,eod,9230.4,-733.53,61536.0,2,23.3703,-0.6791,-730.02,2,23.379929999999995,-0.6803,-733.53,2,23.379929999999995,-0.6803,-733.53,2,23.379929999999995,-0.6803,-733.53
2026-08-19,ARKY,609,20.29,22.319000000000003,22.5675,20.2597,10.226,-1.0088,stop,2190.18,-228.57,14601.0,6,22.4306,-1.0093,-216.58,5,22.5422,-1.0089,-226.36,5,22.5675,-1.0088,-228.57,5,22.5675,-1.0088,-228.57
2026-08-19,ASTL,582,4.18,4.598,4.667961999999999,4.18,10.453,0.1866,eod,7256.11,132.81,48374.0,2,4.621,0.313,208.0,2,4.644,0.2479,171.01,1,4.667961999999999,0.1866,132.81,1,4.667961999999999,0.1866,132.81
2026-08-19,AUNA,597,4.64,5.104,5.130344999999999,4.6,10.337,0.5648,eod,10702.16,612.04,71348.0,1,5.1295,0.5673,613.87,1,5.130344999999999,0.5648,612.04,1,5.130344999999999,0.5648,612.04,1,5.130344999999999,0.5648,612.04
2026-08-19,BEZ,591,10.75,11.825000000000001,11.8858509,10.75,9.556,-0.275,eod,17120.97,-470.47,114140.0,1,11.8841,-0.2739,-468.05,1,11.8858509,-0.275,-470.47,1,11.8858509,-0.275,-470.47,1,11.8858509,-0.275,-470.47
2026-08-19,CABA,616,2.95,3.2450000000000006,3.2547349999999997,3.01,7.519,-0.5097,eod,25000.0,-975.56,286488.0,1,3.2547349999999997,-0.5097,-975.56,1,3.2547349999999997,-0.5097,-975.56,1,3.2547349999999997,-0.5097,-975.56,1,3.2547349999999997,-0.5097,-975.56
2026-08-19,CDTG,596,2.92,3.212,3.1995699999999996,2.6,18.739,0.4942,lock,3147.9,287.72,20986.0,1,3.1995699999999996,0.4942,287.72,1,3.1995699999999996,0.4942,287.72,1,3.1995699999999996,0.4942,287.72,1,3.1995699999999996,0.4942,287.72
2026-08-19,CONL,617,4.005,4.4055,4.408184999999999,4.12,6.537,0.4842,lock,25000.0,789.35,2478630.0,1,4.408184999999999,0.4842,789.35,1,4.408184999999999,0.4842,789.35,1,4.408184999999999,0.4842,789.35,1,4.408184999999999,0.4842,789.35
2026-08-19,CORD,591,2.84,3.124,3.1590487999999994,2.84,10.1,-0.4672,eod,25000.0,-1182.88,1494555.0,1,3.1396,-0.4326,-1035.48,1,3.1552,-0.4607,-1154.13,1,3.1590487999999994,-0.4672,-1182.88,1,3.1590487999999994,-0.4672,-1182.88
2026-08-19,KIDZ,604,4.7,5.170000000000001,5.015,4.42,11.864,-1.0074,stop,16181.65,-1953.54,107878.0,1,5.015,-1.0074,-1953.54,1,5.015,-1.0074,-1953.54,1,5.015,-1.0074,-1953.54,1,5.015,-1.0074,-1953.54
2026-08-19,MSTX,617,8.01,8.811,8.806339999999999,8.3,5.75,1.5576,eod,25000.0,2230.03,564046.0,1,8.806339999999999,1.5576,2230.03,1,8.806339999999999,1.5576,2230.03,1,8.806339999999999,1.5576,2230.03,1,8.806339999999999,1.5576,2230.03
2026-08-19,NCT,580,3.89,4.279000000000001,4.282809999999999,3.8,11.273,-0.565,eod,3649.6,-236.85,24331.0,1,4.282809999999999,-0.565,-236.85,1,4.282809999999999,-0.565,-236.85,1,4.282809999999999,-0.565,-236.85,1,4.282809999999999,-0.565,-236.85
2026-08-19,PFSA,575,15.93,17.523,16.80025,15.6261,6.989,-1.0133,stop,25000.0,-1781.54,451809.0,1,16.80025,-1.0133,-1781.54,1,16.80025,-1.0133,-1781.54,1,16.80025,-1.0133,-1781.54,1,16.80025,-1.0133,-1781.54
2026-08-19,PYXS,594,3.07,3.3770000000000002,3.4302599999999996,3.06,10.794,-0.1492,eod,7738.67,-133.95,51591.0,1,3.3939,-0.0566,-52.35,1,3.4108,-0.102,-90.44,1,3.4302599999999996,-0.1492,-133.95,1,3.4302599999999996,-0.1492,-133.95
2026-08-19,SOXS,607,42.95,47.245000000000005,47.15102999999999,44.55,5.516,-0.1042,eod,25000.0,-148.62,1016105.0,1,47.15102999999999,-0.1042,-148.62,1,47.15102999999999,-0.1042,-148.62,1,47.15102999999999,-0.1042,-148.62,1,47.15102999999999,-0.1042,-148.62
2026-08-19,WETO,577,21.5,23.650000000000002,24.152239999999995,20.69,14.335,-1.006,stop,20927.7,-3032.82,235315.0,1,23.7682,-1.0067,-2743.47,1,23.8865,-1.0065,-2833.57,1,24.123,-1.006,-3011.11,1,24.152239999999995,-1.006,-3032.82
2026-08-20,BRR,577,2.08,2.2880000000000003,2.2767096999999996,2.08,8.64,-0.1104,eod,4856.9,-52.14,32379.0,1,2.2767096999999996,-0.1104,-52.14,1,2.2767096999999996,-0.1104,-52.14,1,2.2767096999999996,-0.1104,-52.14,1,2.2767096999999996,-0.1104,-52.14
2026-08-20,CJMB,575,2.59,2.849,2.93879,2.5304,13.897,-1.0062,stop,21588.11,-3029.96,327807.0,11,2.8632,-1.0076,-2540.02,11,2.8775,-1.0073,-2634.37,1,2.906,-1.0067,-2820.3,1,2.93879,-1.0062,-3029.96
2026-08-20,COTY,590,2.55,2.805,2.8080990999999997,2.51,10.616,-0.1781,eod,25000.0,-485.63,387515.0,1,2.8080990999999997,-0.1781,-485.63,1,2.8080990999999997,-0.1781,-485.63,1,2.8080990999999997,-0.1781,-485.63,1,2.8080990999999997,-0.1781,-485.63
2026-08-20,ENRD,583,6.0,6.6000000000000005,6.529529999999999,5.94,9.029,-1.0101,stop,9381.96,-866.86,62546.0,1,6.529529999999999,-1.0101,-866.86,1,6.529529999999999,-1.0101,-866.86,1,6.529529999999999,-1.0101,-866.86,1,6.529529999999999,-1.0101,-866.86
2026-08-20,GDC,581,2.25,2.475,2.5175299999999994,2.25,10.627,-1.0084,stop,3316.72,-359.4,22111.0,1,2.4874,-1.0095,-323.5,1,2.4998,-1.009,-338.34,1,2.5175299999999994,-1.0084,-359.4,1,2.5175299999999994,-1.0084,-359.4
2026-08-20,MRVI,578,7.38,8.118,8.109255,7.38,8.993,0.2136,eod,25000.0,475.27,1025886.0,1,8.109255,0.2136,475.27,1,8.109255,0.2136,475.27,1,8.109255,0.2136,475.27,1,8.109255,0.2136,475.27
2026-08-20,NXTT,613,6.54,7.194000000000001,7.346975,6.75,8.125,0.4872,lock,7598.61,291.69,50657.0,1,7.23,0.4637,224.8,1,7.2659,0.4854,252.79,1,7.3379,0.487,287.36,1,7.346975,0.4872,291.69
2026-08-20,PCLA,610,6.35,6.985,7.321899999999999,6.2587,14.521,-0.0932,lock,8038.35,-118.48,53589.0,-1,,,,-1,,,,-1,,,,1,7.321899999999999,-0.0932,-118.48
2026-08-20,SLE,581,4.07,4.477,4.488424999999999,4.05,9.768,-0.3614,eod,3455.19,-126.1,23035.0,1,4.488424999999999,-0.3614,-126.1,1,4.488424999999999,-0.3614,-126.1,1,4.488424999999999,-0.3614,-126.1,1,4.488424999999999,-0.3614,-126.1
2026-08-20,TEMT,575,24.81,27.291,27.717905,24.57,11.357,0.2882,eod,25000.0,811.85,793314.0,2,27.4275,0.4191,1085.25,1,27.5639,0.3544,956.09,1,27.717905,0.2882,811.85,1,27.717905,0.2882,811.85
2026-08-20,USDE,629,3.23,3.5530000000000004,3.625845,3.3,8.987,1.3631,eod,8830.38,1071.1,58869.0,2,3.5708,1.8438,1224.0,2,3.5885,1.6687,1174.17,1,3.6241,1.3761,1075.98,1,3.625845,1.3631,1071.1
2026-08-20,XOS,595,2.95,3.2450000000000006,3.2799102999999996,2.89,11.888,0.4911,lock,25000.0,1447.85,429553.0,1,3.2612,1.2924,3666.23,1,3.2775,0.491,1439.59,1,3.2799102999999996,0.4911,1447.85,1,3.2799102999999996,0.4911,1447.85
2026-08-20,YJ,628,3.85,4.235,4.232659999999999,3.84,9.277,-1.0098,stop,25000.0,-2362.57,241968.0,1,4.232659999999999,-1.0098,-2362.57,1,4.232659999999999,-1.0098,-2362.57,1,4.232659999999999,-1.0098,-2362.57,1,4.232659999999999,-1.0098,-2362.57
2026-08-21,ALOY,578,11.33,12.463000000000001,12.480529599999997,11.12,10.901,-0.1437,eod,25000.0,-401.3,519265.0,1,12.480529599999997,-0.1437,-401.3,1,12.480529599999997,-0.1437,-401.3,1,12.480529599999997,-0.1437,-401.3,1,12.480529599999997,-0.1437,-401.3
2026-08-21,ANY,626,2.0,2.2,2.21663,2.1,5.262,3.5872,eod,2434.86,456.64,16232.0,1,2.211,3.8198,464.01,1,2.21663,3.5872,456.64,1,2.21663,3.5872,456.64,1,2.21663,3.5872,456.64
2026-08-21,ARCT,598,11.1,12.21,12.0940737,11.1,8.22,1.1025,eod,25000.0,2255.37,497526.0,1,12.0940737,1.1025,2255.37,1,12.0940737,1.1025,2255.37,1,12.0940737,1.1025,2255.37,1,12.0940737,1.1025,2255.37
2026-08-21,BKKT,583,7.86,8.646,8.555589999999999,7.81,8.715,-0.0471,eod,25000.0,-117.97,324026.0,1,8.555589999999999,-0.0471,-117.97,1,8.555589999999999,-0.0471,-117.97,1,8.555589999999999,-0.0471,-117.97,1,8.555589999999999,-0.0471,-117.97
2026-08-21,CEPL,629,6.04,6.644000000000001,6.66995,6.3277,5.131,-1.0702,stop,4625.28,-259.53,30835.0,1,6.66995,-1.0702,-259.53,1,6.66995,-1.0702,-259.53,1,6.66995,-1.0702,-259.53,1,6.66995,-1.0702,-259.53
2026-08-21,DFNS,580,20.1,22.110000000000003,22.066,20.1,8.91,-0.293,eod,13044.32,-356.16,86962.0,1,22.066,-0.293,-356.16,1,22.066,-0.293,-356.16,1,22.066,-0.293,-356.16,1,22.066,-0.293,-356.16
2026-08-21,EMAT,575,3.41,3.7510000000000003,3.9317599999999997,3.41,13.27,0.1787,eod,10054.3,226.37,67029.0,2,3.7698,0.7095,668.7,2,3.7885,0.4895,479.64,2,3.826,0.4783,510.83,1,3.9317599999999997,0.1787,226.37
2026-08-21,FUTG,600,4.54,4.994000000000001,5.015,4.54,9.472,0.4107,eod,25000.0,956.41,309200.0,1,5.015,0.4107,956.41,1,5.015,0.4107,956.41,1,5.015,0.4107,956.41,1,5.015,0.4107,956.41
2026-08-21,GEMI,601,4.28,4.708000000000001,4.749205,4.19,11.775,-0.8569,eod,25000.0,-2531.12,583454.0,1,4.7315,-0.8523,-2447.2,1,4.749205,-0.8569,-2531.12,1,4.749205,-0.8569,-2531.12,1,4.749205,-0.8569,-2531.12
2026-08-21,MRNA,577,133.155,146.47050000000002,145.2344,132.545,8.737,0.0123,eod,25000.0,25.79,5052995.0,1,145.2344,0.0123,25.79,1,145.2344,0.0123,25.79,1,145.2344,0.0123,25.79,1,145.2344,0.0123,25.79
2026-08-21,NINE,580,10.5,11.55,11.5345,10.475,9.185,-0.0137,eod,12507.44,-30.73,83383.0,1,11.5345,-0.0137,-30.73,1,11.5345,-0.0137,-30.73,1,11.5345,-0.0137,-30.73,1,11.5345,-0.0137,-30.73
2026-08-21,NXTT,583,8.0,8.8,8.6841746,8.0,7.878,-1.0117,stop,18761.73,-1517.92,125078.0,1,8.6841746,-1.0117,-1517.92,1,8.6841746,-1.0117,-1517.92,1,8.6841746,-1.0117,-1517.92,1,8.6841746,-1.0117,-1517.92
2026-08-21,ONDG,606,2.96,3.2560000000000002,3.2697799999999995,3.04,7.027,-1.0132,stop,25000.0,-1807.48,182562.0,1,3.2697799999999995,-1.0132,-1807.48,1,3.2697799999999995,-1.0132,-1807.48,1,3.2697799999999995,-1.0132,-1807.48,1,3.2697799999999995,-1.0132,-1807.48
2026-08-21,ONDL,606,7.51,8.261000000000001,8.304839999999999,7.71,7.163,-1.013,stop,11470.65,-846.01,76471.0,1,8.3023,-1.013,-842.76,1,8.304839999999999,-1.013,-846.01,1,8.304839999999999,-1.013,-846.01,1,8.304839999999999,-1.013,-846.01
2026-08-21,PFSA,604,6.65,7.315000000000001,7.2375476999999995,6.2201,14.058,-1.0061,stop,6627.78,-945.38,44185.0,1,7.2375476999999995,-1.0061,-945.38,1,7.2375476999999995,-1.0061,-945.38,1,7.2375476999999995,-1.0061,-945.38,1,7.2375476999999995,-1.0061,-945.38
2026-08-21,PSIG,596,2.17,2.387,2.4272599999999995,2.15,11.423,0.4907,lock,2824.6,154.95,18831.0,-1,,,,-1,,,,1,2.4272599999999995,0.4907,154.95,1,2.4272599999999995,0.4907,154.95
2026-08-21,RGTX,627,11.14,12.254000000000001,12.427169999999998,11.575,6.857,0.9245,eod,10776.22,670.24,71841.0,2,12.3153,1.2154,774.36,1,12.3765,1.0461,717.11,1,12.427169999999998,0.9245,670.24,1,12.427169999999998,0.9245,670.24
2026-08-21,RZLT,601,4.69,5.159000000000001,5.180495,4.646,10.317,-0.0851,eod,9804.35,-97.87,65362.0,1,5.180495,-0.0851,-97.87,1,5.180495,-0.0851,-97.87,1,5.180495,-0.0851,-97.87,1,5.180495,-0.0851,-97.87
2026-08-21,SOFX,598,9.73,10.703000000000001,10.762189999999999,9.62,10.613,-0.2558,eod,19296.07,-547.04,128640.0,1,10.7565,-0.2521,-537.13,1,10.762189999999999,-0.2558,-547.04,1,10.762189999999999,-0.2558,-547.04,1,10.762189999999999,-0.2558,-547.04
2026-08-21,SSMR,583,17.53,19.283,19.041954999999998,17.5,8.098,-0.4941,eod,2936.27,-121.02,19575.0,1,19.041954999999998,-0.4941,-121.02,1,19.041954999999998,-0.4941,-121.02,1,19.041954999999998,-0.4941,-121.02,1,19.041954999999998,-0.4941,-121.02
2026-08-21,TGTX,590,50.4,55.440000000000005,55.47593,50.03,9.817,-0.1379,eod,25000.0,-354.4,312551.0,1,55.47593,-0.1379,-354.4,1,55.47593,-0.1379,-354.4,1,55.47593,-0.1379,-354.4,1,55.47593,-0.1379,-354.4
2026-08-24,AIFU,613,16.98,18.678,19.578559999999996,17.0001,13.17,0.9391,eod,5256.84,643.85,35046.0,-1,,,,-1,,,,-1,,,,4,19.578559999999996,0.9391,643.85
2026-08-24,CANG,575,2.24,2.4640000000000004,2.41723,2.18,9.814,-1.0092,stop,6573.66,-658.96,43824.0,1,2.41723,-1.0092,-658.96,1,2.41723,-1.0092,-658.96,1,2.41723,-1.0092,-658.96,1,2.41723,-1.0092,-658.96
2026-08-24,CVRX,577,2.98,3.278,3.2597499999999995,2.96,9.195,-1.0432,stop,11125.85,-1080.63,74172.0,1,3.2597499999999995,-1.0432,-1080.63,1,3.2597499999999995,-1.0432,-1080.63,1,3.2597499999999995,-1.0432,-1080.63,1,3.2597499999999995,-1.0432,-1080.63
2026-08-24,DTCX,600,2.62,2.8820000000000006,2.9286597,2.58,11.905,-1.0074,stop,4687.76,-567.84,31252.0,1,2.8964,-1.0082,-521.9,1,2.9108,-1.0078,-542.55,1,2.9286597,-1.0074,-567.84,1,2.9286597,-1.0074,-567.84
2026-08-24,EMAT,575,4.11,4.521000000000001,4.483811199999999,4.03,10.121,-1.0089,stop,25000.0,-2575.53,219447.0,1,4.483811199999999,-1.0089,-2575.53,1,4.483811199999999,-1.0089,-2575.53,1,4.483811199999999,-1.0089,-2575.53,1,4.483811199999999,-1.0089,-2575.53
2026-08-24,GGR,586,2.14,2.3540000000000005,2.45735,2.02,17.798,0.4939,lock,2127.21,184.43,14181.0,9,2.3658,0.4927,150.62,9,2.3775,0.4929,155.11,5,2.4011,0.4932,163.96,1,2.45735,0.4939,184.43
2026-08-24,IPST,578,8.98,9.878000000000002,9.789279999999998,8.64,11.74,-1.0075,stop,2475.71,-295.81,16505.0,1,9.789279999999998,-1.0075,-295.81,1,9.789279999999998,-1.0075,-295.81,1,9.789279999999998,-1.0075,-295.81,1,9.789279999999998,-1.0075,-295.81
2026-08-24,SGLY,605,2.58,2.8380000000000005,2.8284599999999998,2.4872,12.065,-0.816,eod,13631.34,-1358.35,90876.0,1,2.8284599999999998,-0.816,-1358.35,1,2.8284599999999998,-0.816,-1358.35,1,2.8284599999999998,-0.816,-1358.35,1,2.8284599999999998,-0.816,-1358.35
2026-08-24,SMCZ,590,3.46,3.806,3.86155,3.46,10.399,-0.365,eod,14085.2,-551.45,93901.0,6,3.825,-0.3014,-422.07,1,3.8441,-0.336,-489.8,1,3.86155,-0.365,-551.45,1,3.86155,-0.365,-551.45
2026-08-24,WBTN,596,8.77,9.647,9.628799999999998,8.77,8.919,-0.1966,eod,8248.51,-154.5,54990.0,1,9.628799999999998,-0.1966,-154.5,1,9.628799999999998,-0.1966,-154.5,1,9.628799999999998,-0.1966,-154.5,1,9.628799999999998,-0.1966,-154.5
2026-08-24,WETO,576,22.5,24.750000000000004,24.623649999999998,22.5,8.624,1.5852,eod,4738.82,642.17,31592.0,1,24.623649999999998,1.5852,642.17,1,24.623649999999998,1.5852,642.17,1,24.623649999999998,1.5852,642.17,1,24.623649999999998,1.5852,642.17
2026-08-25,ABCL,605,10.98,12.078000000000001,12.111224999999997,11.45,5.46,0.3082,eod,25000.0,418.38,2218764.0,1,12.111224999999997,0.3082,418.38,1,12.111224999999997,0.3082,418.38,1,12.111224999999997,0.3082,418.38,1,12.111224999999997,0.3082,418.38
2026-08-25,ADVB,590,7.92,8.712,8.67595,7.6317,12.036,0.4061,eod,5334.41,254.33,35563.0,1,8.67595,0.4061,254.33,1,8.67595,0.4061,254.33,1,8.67595,0.4061,254.33,1,8.67595,0.4061,254.33
2026-08-25,ARCT,584,14.12,15.532,15.436169999999999,14.12,8.527,0.0485,eod,15328.12,44.99,102187.0,1,15.436169999999999,0.0485,44.99,1,15.436169999999999,0.0485,44.99,1,15.436169999999999,0.0485,44.99,1,15.436169999999999,0.0485,44.99
2026-08-25,ASST,624,19.04,20.944,21.173329999999996,20.045,5.329,0.2186,eod,25000.0,289.84,3555680.0,2,21.0487,0.3699,439.57,1,21.1534,0.2405,313.63,1,21.173329999999996,0.2186,289.84,1,21.173329999999996,0.2186,289.84
2026-08-25,BMNG,622,25.27,27.797,28.154209999999996,26.2999,6.586,-0.5793,eod,3762.81,-148.08,25085.0,-1,,,,2,28.075,-0.5605,-137.87,2,28.154209999999996,-0.5793,-148.08,2,28.154209999999996,-0.5793,-148.08
2026-08-25,BMNU,622,18.52,20.372,20.47123,19.18,6.308,-0.4723,eod,25000.0,-751.51,738479.0,1,20.47123,-0.4723,-751.51,1,20.47123,-0.4723,-751.51,1,20.47123,-0.4723,-751.51,1,20.47123,-0.4723,-751.51
2026-08-25,CDZI,609,3.83,4.213,4.2176149999999994,3.91,7.294,-0.1223,eod,9715.49,-98.31,64770.0,1,4.2176149999999994,-0.1223,-98.31,1,4.2176149999999994,-0.1223,-98.31,1,4.2176149999999994,-0.1223,-98.31,1,4.2176149999999994,-0.1223,-98.31
2026-08-25,CONL,625,5.56,6.116,6.0932249999999994,5.595,8.177,0.2846,eod,25000.0,576.68,998363.0,1,6.0932249999999994,0.2846,576.68,1,6.0932249999999994,0.2846,576.68,1,6.0932249999999994,0.2846,576.68,1,6.0932249999999994,0.2846,576.68
2026-08-25,CRCA,575,20.76,22.836000000000002,23.369899999999998,20.54,12.109,0.3499,eod,24774.62,1024.14,192732.0,2,22.9502,0.5849,1496.42,1,23.0644,0.5133,1366.24,1,23.2927,0.3877,1109.7,1,23.369899999999998,0.3499,1024.14
2026-08-25,CRCG,575,14.06,15.466000000000001,15.767159999999999,13.85,12.159,0.3505,eod,24672.68,1041.89,500450.0,1,15.5433,0.5291,1412.33,1,15.6207,0.4623,1283.14,1,15.767159999999999,0.3505,1041.89,1,15.767159999999999,0.3505,1041.89
2026-08-25,CRML,584,6.71,7.381,7.492409999999999,6.71,10.443,0.4698,eod,25000.0,1224.49,2439806.0,-1,,,,1,7.4548,0.544,1356.77,1,7.492409999999999,0.4698,1224.49,1,7.492409999999999,0.4698,1224.49
2026-08-25,CRMX,580,5.0,5.5,5.616799999999999,5.0,10.981,1.5292,eod,2811.49,468.74,18743.0,-1,,,,-1,,,,1,5.61,1.5574,472.73,1,5.616799999999999,1.5292,468.74
2026-08-25,EXOD,613,7.69,8.459000000000001,8.40514,7.895,6.069,2.2442,eod,3289.35,444.09,21929.0,1,8.40514,2.2442,444.09,1,8.40514,2.2442,444.09,1,8.40514,2.2442,444.09,1,8.40514,2.2442,444.09
2026-08-25,EXYN,589,2.35,2.5850000000000004,2.5526349999999995,2.2797,10.692,1.8589,eod,3259.2,643.89,21728.0,1,2.5526349999999995,1.8589,643.89,1,2.5526349999999995,1.8589,643.89,1,2.5526349999999995,1.8589,643.89,1,2.5526349999999995,1.8589,643.89
2026-08-25,GEMI,579,4.19,4.609000000000001,4.598755,4.18,9.106,-0.0687,eod,25000.0,-177.63,234642.0,1,4.598755,-0.0687,-177.63,1,4.598755,-0.0687,-177.63,1,4.598755,-0.0687,-177.63,1,4.598755,-0.0687,-177.63
2026-08-25,GENB,619,17.75,19.525000000000002,19.583574999999996,18.3,6.554,0.4842,lock,25000.0,780.97,399838.0,1,19.583574999999996,0.4842,780.97,1,19.583574999999996,0.4842,780.97,1,19.583574999999996,0.4842,780.97,1,19.583574999999996,0.4842,780.97
2026-08-25,MSTU,625,26.88,29.568,29.864324999999994,27.92,6.511,0.2086,eod,20167.38,249.75,134449.0,1,29.7158,0.3086,351.89,1,29.8637,0.209,250.19,1,29.864324999999994,0.2086,249.75,1,29.864324999999994,0.2086,249.75
2026-08-25,MSTX,624,12.39,13.629000000000001,13.836384999999998,12.86,7.057,0.1625,eod,25000.0,276.32,486847.0,2,13.6971,0.3558,533.37,1,13.7653,0.2537,406.92,1,13.836384999999998,0.1625,276.32,1,13.836384999999998,0.1625,276.32
2026-08-25,OESX,580,21.37,23.507,23.5705,21.37,9.336,0.586,eod,5077.09,271.67,33847.0,1,23.5705,0.586,271.67,1,23.5705,0.586,271.67,1,23.5705,0.586,271.67,1,23.5705,0.586,271.67
2026-08-25,PURR,625,10.51,11.561,11.609724999999997,10.84,6.63,0.3251,eod,25000.0,537.37,3202380.0,1,11.609724999999997,0.3251,537.37,1,11.609724999999997,0.3251,537.37,1,11.609724999999997,0.3251,537.37,1,11.609724999999997,0.3251,537.37
2026-08-25,SMTK,580,3.73,4.103000000000001,4.067164999999999,3.71,8.782,0.4881,lock,9312.79,388.01,62085.0,1,4.067164999999999,0.4881,388.01,1,4.067164999999999,0.4881,388.01,1,4.067164999999999,0.4881,388.01,1,4.067164999999999,0.4881,388.01
2026-08-25,STDN,627,12.05,13.255000000000003,13.344914999999999,12.526,6.137,0.4832,lock,5825.06,165.73,38834.0,1,13.3213,0.4827,160.89,1,13.344914999999999,0.4832,165.73,1,13.344914999999999,0.4832,165.73,1,13.344914999999999,0.4832,165.73
2026-08-25,USDE,578,5.47,6.017,6.017999999999999,5.47,9.106,-0.1058,eod,25000.0,-255.56,342117.0,1,6.017999999999999,-0.1058,-255.56,1,6.017999999999999,-0.1058,-255.56,1,6.017999999999999,-0.1058,-255.56,1,6.017999999999999,-0.1058,-255.56
2026-08-25,VIR,617,10.03,11.033,11.133299999999998,10.4536,6.105,-0.5713,eod,25000.0,-881.89,502301.0,1,11.0882,-0.5408,-783.67,1,11.133299999999998,-0.5713,-881.89,1,11.133299999999998,-0.5713,-881.89,1,11.133299999999998,-0.5713,-881.89
2026-08-25,WETO,576,27.93,30.723000000000003,30.576454999999996,27.93,8.655,-0.8111,eod,16905.72,-1207.06,112705.0,1,30.576454999999996,-0.8111,-1207.06,1,30.576454999999996,-0.8111,-1207.06,1,30.576454999999996,-0.8111,-1207.06,1,30.576454999999996,-0.8111,-1207.06
2026-08-26,BEX,575,23.32,25.652,25.616619999999998,23.32,8.965,-1.0102,stop,25000.0,-2269.12,995462.0,1,25.616619999999998,-1.0102,-2269.12,1,25.616619999999998,-1.0102,-2269.12,1,25.616619999999998,-1.0102,-2269.12,1,25.616619999999998,-1.0102,-2269.12
2026-08-26,BZ,575,16.77,18.447000000000003,18.455199999999998,16.62,9.944,0.256,eod,25000.0,634.31,2389893.0,1,18.455199999999998,0.256,634.31,1,18.455199999999998,0.256,634.31,1,18.455199999999998,0.256,634.31,1,18.455199999999998,0.256,634.31
2026-08-26,CAPR,592,8.29,9.119,9.11727,8.05,11.706,0.0677,eod,25000.0,196.2,2683723.0,1,9.11727,0.0677,196.2,1,9.11727,0.0677,196.2,1,9.11727,0.0677,196.2,1,9.11727,0.0677,196.2
2026-08-26,CRMU,588,2.91,3.2010000000000005,3.2697799999999995,2.85,12.838,-1.0068,stop,2887.38,-376.67,19249.0,2,3.217,-1.0078,-335.42,2,3.233,-1.0074,-348.07,1,3.265,-1.0069,-373.0,1,3.2697799999999995,-1.0068,-376.67
2026-08-26,CRMX,583,6.57,7.227000000000001,7.153696899999999,6.57,8.159,-1.0113,stop,7137.96,-597.53,47586.0,1,7.153696899999999,-1.0113,-597.53,1,7.153696899999999,-1.0113,-597.53,1,7.153696899999999,-1.0113,-597.53,1,7.153696899999999,-1.0113,-597.53
2026-08-26,NCNO,587,19.33,21.262999999999998,21.228494999999995,19.137,9.852,0.1059,eod,25000.0,252.0,564487.0,1,21.228494999999995,0.1059,252.0,1,21.228494999999995,0.1059,252.0,1,21.228494999999995,0.1059,252.0,1,21.228494999999995,0.1059,252.0
2026-08-26,OPTX,596,7.76,8.536,8.6056397,7.76,9.827,-0.1013,eod,3722.8,-41.52,24819.0,1,8.5787,-0.0717,-29.93,1,8.6056397,-0.1013,-41.52,1,8.6056397,-0.1013,-41.52,1,8.6056397,-0.1013,-41.52
2026-08-26,QMLS,608,6.47,7.117,7.18148,6.2,13.667,-1.0063,stop,4195.78,-582.09,27972.0,1,7.1526,-1.0065,-567.47,1,7.18148,-1.0063,-582.09,1,7.18148,-1.0063,-582.09,1,7.18148,-1.0063,-582.09
2026-08-26,SMTC,588,130.47,143.51700000000002,144.03079999999997,128.17,11.012,-0.2762,eod,25000.0,-764.47,1227863.0,1,144.03079999999997,-0.2762,-764.47,1,144.03079999999997,-0.2762,-764.47,1,144.03079999999997,-0.2762,-764.47,1,144.03079999999997,-0.2762,-764.47
2026-08-26,WBTN,604,9.45,10.395,10.380849399999999,9.35,9.93,0.0816,eod,25000.0,184.58,276577.0,1,10.380849399999999,0.0816,184.58,1,10.380849399999999,0.0816,184.58,1,10.380849399999999,0.0816,184.58,1,10.380849399999999,0.0816,184.58
2026-08-26,XOS,591,3.49,3.8390000000000004,3.88161,3.4118,12.103,-0.5356,eod,8507.71,-561.69,56718.0,1,3.8582,-0.5112,-513.4,1,3.8774,-0.5313,-553.03,1,3.88161,-0.5356,-561.69,1,3.88161,-0.5356,-561.69
2026-08-26,ZYME,602,27.51,30.261000000000003,30.461109999999998,28.05,7.915,-0.6599,eod,21918.29,-1171.19,146122.0,1,30.4123,-0.6529,-1137.85,1,30.461109999999998,-0.6599,-1171.19,1,30.461109999999998,-0.6599,-1171.19,1,30.461109999999998,-0.6599,-1171.19
2026-08-27,BETR,613,13.58,14.938,14.824139399999998,14.0166,5.447,-1.0174,stop,11845.23,-670.68,78968.0,1,14.824139399999998,-1.0174,-670.68,1,14.824139399999998,-1.0174,-670.68,1,14.824139399999998,-1.0174,-670.68,1,14.824139399999998,-1.0174,-670.68
2026-08-27,BEZ,596,9.25,10.175,10.28075,9.215,10.366,-0.179,eod,4698.82,-92.82,31325.0,2,10.2259,-0.1344,-68.07,1,10.2768,-0.1759,-91.03,1,10.28075,-0.179,-92.82,1,10.28075,-0.179,-92.82
2026-08-27,DFNS,613,11.71,12.881000000000002,12.874909199999998,11.74,8.815,0.0838,eod,25000.0,172.01,395839.0,1,12.874909199999998,0.0838,172.01,1,12.874909199999998,0.0838,172.01,1,12.874909199999998,0.0838,172.01,1,12.874909199999998,0.0838,172.01
2026-08-27,DLTR,596,118.44,130.28400000000002,131.03191999999999,118.44,9.61,-0.265,eod,25000.0,-650.77,354441.0,1,130.9354,-0.2593,-632.81,1,131.03191999999999,-0.265,-650.77,1,131.03191999999999,-0.265,-650.77,1,131.03191999999999,-0.265,-650.77
2026-08-27,HSDT,620,2.09,2.299,2.3068999999999997,2.19,5.067,0.9675,eod,5122.36,244.99,34149.0,1,2.3068999999999997,0.9675,244.99,1,2.3068999999999997,0.9675,244.99,1,2.3068999999999997,0.9675,244.99,1,2.3068999999999997,0.9675,244.99
2026-08-27,HYPD,594,3.39,3.7290000000000005,3.736175,3.39,9.265,-0.2489,eod,3053.2,-74.09,20355.0,1,3.736175,-0.2489,-74.09,1,3.736175,-0.2489,-74.09,1,3.736175,-0.2489,-74.09,1,3.736175,-0.2489,-74.09
2026-08-28,APMD,625,29.01,31.911000000000005,31.614559999999997,30.0,5.107,-1.0186,stop,25000.0,-1312.99,399576.0,1,31.614559999999997,-1.0186,-1312.99,1,31.614559999999997,-1.0186,-1312.99,1,31.614559999999997,-1.0186,-1312.99,1,31.614559999999997,-1.0186,-1312.99
2026-08-28,FTCI,600,2.46,2.706,2.7361839999999997,2.46,10.094,-0.2103,eod,5083.97,-114.02,33893.0,1,2.7195,-0.1596,-83.55,1,2.7331,-0.2013,-108.34,1,2.7361839999999997,-0.2103,-114.02,1,2.7361839999999997,-0.2103,-114.02
2026-08-28,GDXD,614,14.66,16.126,16.118109699999998,14.47,10.225,0.2742,eod,25000.0,697.94,1684342.0,1,16.118109699999998,0.2742,697.94,1,16.118109699999998,0.2742,697.94,1,16.118109699999998,0.2742,697.94,1,16.118109699999998,0.2742,697.94
2026-08-28,SCTX,620,28.78,31.658000000000005,32.00573,29.685,7.251,-1.0128,stop,4685.64,-349.72,31238.0,1,31.8163,-1.0139,-323.87,1,31.9746,-1.013,-345.49,1,32.00573,-1.0128,-349.72,1,32.00573,-1.0128,-349.72
2026-08-28,TII,599,2.91,3.2010000000000005,3.2096,2.89,9.958,-0.296,eod,12473.15,-382.6,83154.0,1,3.2096,-0.296,-382.6,1,3.2096,-0.296,-382.6,1,3.2096,-0.296,-382.6,1,3.2096,-0.296,-382.6
2026-08-28,TJGC,578,7.79,8.569,8.716069999999998,7.3646,15.505,0.95,eod,6650.8,971.72,44339.0,2,8.6118,1.113,1064.07,2,8.6547,1.0428,1025.84,1,8.716069999999998,0.95,971.72,1,8.716069999999998,0.95,971.72
2026-08-28,USDE,596,7.28,8.008000000000001,8.0238997,7.24,9.77,-1.0092,stop,25000.0,-2475.88,457346.0,1,8.0238997,-1.0092,-2475.88,1,8.0238997,-1.0092,-2475.88,1,8.0238997,-1.0092,-2475.88,1,8.0238997,-1.0092,-2475.88
2026-08-31,PSQL,575,17.97,19.767,19.844354999999997,17.8601,9.999,-1.009,stop,25000.0,-2537.75,323086.0,1,19.844354999999997,-1.009,-2537.75,1,19.844354999999997,-1.009,-2537.75,1,19.844354999999997,-1.009,-2537.75,1,19.844354999999997,-1.009,-2537.75
2026-09-01,AIFU,616,21.0,23.1,23.069,20.92,9.316,-0.423,eod,3225.05,-130.95,21500.0,1,23.069,-0.423,-130.95,1,23.069,-0.423,-130.95,1,23.069,-0.423,-130.95,1,23.069,-0.423,-130.95
2026-09-01,ALMS,575,9.92,10.912,10.94273,9.59,12.362,-1.0071,stop,12307.29,-1546.97,82049.0,1,10.94273,-1.0071,-1546.97,1,10.94273,-1.0071,-1546.97,1,10.94273,-1.0071,-1546.97,1,10.94273,-1.0071,-1546.97
2026-09-01,ARCT,609,14.87,16.357,16.31881,15.06,7.714,-0.0864,eod,25000.0,-172.83,814455.0,1,16.31881,-0.0864,-172.83,1,16.31881,-0.0864,-172.83,1,16.31881,-0.0864,-172.83,1,16.31881,-0.0864,-172.83
2026-09-01,BRNX,602,3.42,3.762,3.7612499999999995,3.32,11.731,-1.0075,stop,4322.24,-516.06,28815.0,1,3.7612499999999995,-1.0075,-516.06,1,3.7612499999999995,-1.0075,-516.06,1,3.7612499999999995,-1.0075,-516.06,1,3.7612499999999995,-1.0075,-516.06
2026-09-01,DAIC,575,3.24,3.5640000000000005,3.7311599999999996,3.24,13.164,0.4919,lock,15137.5,962.03,100917.0,-1,,,,-1,,,,-1,,,,1,3.7311599999999996,0.4919,962.03
2026-09-01,EMPD,576,3.25,3.575,3.5726859999999996,3.25,9.032,-0.1478,eod,8092.67,-117.73,53951.0,1,3.5726859999999996,-0.1478,-117.73,1,3.5726859999999996,-0.1478,-117.73,1,3.5726859999999996,-0.1478,-117.73,1,3.5726859999999996,-0.1478,-117.73
2026-09-01,GDXU,622,144.5,158.95000000000002,160.103875,147.75,7.716,-1.0322,stop,9606.23,-776.61,64042.0,1,159.7448,-1.0331,-756.73,1,160.103875,-1.0322,-776.61,1,160.103875,-1.0322,-776.61,1,160.103875,-1.0322,-776.61
2026-09-01,INBS,605,2.4,2.64,2.6980699999999995,2.05,24.02,-0.3056,eod,12489.72,-924.41,166045.0,1,2.6532,-0.254,-728.69,1,2.6664,-0.27,-786.95,1,2.6928,-0.2999,-901.76,1,2.6980699999999995,-0.3056,-924.41
2026-09-01,MOVE,582,10.09,11.099,10.982849999999997,9.99,9.04,1.5381,eod,9546.84,1316.02,63646.0,1,10.982849999999997,1.5381,1316.02,1,10.982849999999997,1.5381,1316.02,1,10.982849999999997,1.5381,1316.02,1,10.982849999999997,1.5381,1316.02
2026-09-01,SWVL,584,2.82,3.102,3.1092999999999997,2.81,9.626,1.7898,eod,5385.0,921.32,35900.0,1,3.1092999999999997,1.7898,921.32,1,3.1092999999999997,1.7898,921.32,1,3.1092999999999997,1.7898,921.32,1,3.1092999999999997,1.7898,921.32
2026-09-02,CABO,589,24.15,26.565,26.664755,24.14,9.469,0.9428,eod,8147.42,717.51,54316.0,1,26.664755,0.9428,717.51,1,26.664755,0.9428,717.51,1,26.664755,0.9428,717.51,1,26.664755,0.9428,717.51
2026-09-02,DAIC,575,3.35,3.6850000000000005,3.6709799999999997,3.35,8.744,-1.0104,stop,20867.32,-1868.66,139115.0,1,3.6709799999999997,-1.0104,-1868.66,1,3.6709799999999997,-1.0104,-1868.66,1,3.6709799999999997,-1.0104,-1868.66,1,3.6709799999999997,-1.0104,-1868.66
2026-09-02,JFB,609,4.86,5.346000000000001,5.340974999999999,4.84,9.38,-1.0097,stop,4948.68,-474.6,32991.0,1,5.340974999999999,-1.0097,-474.6,1,5.340974999999999,-1.0097,-474.6,1,5.340974999999999,-1.0097,-474.6,1,5.340974999999999,-1.0097,-474.6
2026-09-02,MOVE,575,12.29,13.519,13.445214999999997,12.28,8.666,0.9481,eod,9279.22,751.33,61861.0,1,13.445214999999997,0.9481,751.33,1,13.445214999999997,0.9481,751.33,1,13.445214999999997,0.9481,751.33,1,13.445214999999997,0.9481,751.33
2026-09-02,NCT,584,5.24,5.764000000000001,5.817399999999999,5.23,10.097,-1.0089,stop,25000.0,-2552.66,853663.0,1,5.7928,-1.0093,-2457.38,1,5.817399999999999,-1.0089,-2552.66,1,5.817399999999999,-1.0089,-2552.66,1,5.817399999999999,-1.0089,-2552.66
2026-09-02,RDTL,597,12.13,13.343000000000002,13.410009699999998,11.88,11.409,0.5359,eod,5054.9,303.03,33699.0,1,13.4097,0.5362,303.15,1,13.410009699999998,0.5359,303.03,1,13.410009699999998,0.5359,303.03,1,13.410009699999998,0.5359,303.03
2026-09-02,RNXT,581,2.14,2.3540000000000005,2.3669797,2.14,9.589,0.7182,eod,6012.01,406.85,40080.0,1,2.3658,0.7274,410.13,1,2.3669797,0.7182,406.85,1,2.3669797,0.7182,406.85,1,2.3669797,0.7182,406.85
2026-09-02,TEMT,582,24.51,26.961000000000006,27.191329999999997,24.51,9.861,-1.0129,stop,11452.99,-1157.65,76353.0,2,27.0958,-1.0133,-1121.31,1,27.191329999999997,-1.0129,-1157.65,1,27.191329999999997,-1.0129,-1157.65,1,27.191329999999997,-1.0129,-1157.65
2026-09-02,TITN,598,20.63,22.693,22.788159999999998,20.58,9.69,0.3314,eod,25000.0,784.88,277810.0,1,22.788159999999998,0.3314,784.88,1,22.788159999999998,0.3314,784.88,1,22.788159999999998,0.3314,784.88,1,22.788159999999998,0.3314,784.88
2026-09-03,CBIO,597,18.73,20.603,20.390989999999995,18.73,8.146,-0.0939,eod,25000.0,-216.31,199526.0,2,20.390989999999995,-0.0939,-216.31,2,20.390989999999995,-0.0939,-216.31,2,20.390989999999995,-0.0939,-216.31,2,20.390989999999995,-0.0939,-216.31
2026-09-03,CIFG,614,3.57,3.927,3.9718799999999996,3.72,6.342,2.6922,eod,4860.99,824.08,32407.0,-1,,,,1,3.9663,2.7763,832.13,1,3.9718799999999996,2.6922,824.08,1,3.9718799999999996,2.6922,824.08
2026-09-03,CLSX,619,10.24,11.264000000000001,11.474319999999999,10.54,8.143,1.0389,eod,5430.22,452.86,36201.0,3,11.3203,1.4413,532.98,3,11.3766,1.277,503.43,1,11.474319999999999,1.0389,452.86,1,11.474319999999999,1.0389,452.86
2026-09-03,CSEX,595,9.69,10.659,10.732099999999997,9.64,10.176,0.9962,eod,7971.8,798.53,53145.0,1,10.7123,1.033,814.76,1,10.732099999999997,0.9962,798.53,1,10.732099999999997,0.9962,798.53,1,10.732099999999997,0.9962,798.53
2026-09-03,CURR,581,4.05,4.455,4.483409999999999,3.5601,20.594,-1.0689,stop,14567.4,-3215.35,195181.0,1,4.4773,-1.0693,-3199.78,1,4.483409999999999,-1.0689,-3215.35,1,4.483409999999999,-1.0689,-3215.35,1,4.483409999999999,-1.0689,-3215.35
2026-09-03,DFNS,577,9.24,10.164000000000001,10.140329999999999,9.24,8.879,0.0552,eod,15572.5,57.59,103817.0,1,10.140329999999999,0.0552,57.59,1,10.140329999999999,0.0552,57.59,1,10.140329999999999,0.0552,57.59,1,10.140329999999999,0.0552,57.59
2026-09-03,MEI,624,15.09,16.599,16.649398799999997,15.21,8.645,-0.8333,eod,22341.83,-1636.28,148946.0,1,16.649398799999997,-0.8333,-1636.28,1,16.649398799999997,-0.8333,-1636.28,1,16.649398799999997,-0.8333,-1636.28,1,16.649398799999997,-0.8333,-1636.28
2026-09-03,NTAP,582,161.01,177.11100000000002,179.09568,161.01,10.098,0.2562,eod,25000.0,632.09,337595.0,1,177.9966,0.3375,790.46,1,178.8821,0.2713,662.72,1,179.09568,0.2562,632.09,1,179.09568,0.2562,632.09
2026-09-03,PLTG,593,17.37,19.107000000000003,19.357899999999997,17.37,10.269,0.0463,eod,11913.82,42.39,79425.0,-1,,,,-1,,,,1,19.357899999999997,0.0463,42.39,1,19.357899999999997,0.0463,42.39
2026-09-03,PTIR,581,18.22,20.042,20.0901903,18.1,9.906,0.1557,eod,25000.0,382.04,1433857.0,1,20.0901903,0.1557,382.04,1,20.0901903,0.1557,382.04,1,20.0901903,0.1557,382.04,1,20.0901903,0.1557,382.04
2026-09-03,RIOX,615,21.15,23.265,23.289659999999998,21.65,7.04,2.0555,eod,7675.11,1101.49,51167.0,1,23.289659999999998,2.0555,1101.49,1,23.289659999999998,2.0555,1101.49,1,23.289659999999998,2.0555,1101.49,1,23.289659999999998,2.0555,1101.49
2026-09-04,ALAB,586,286.85,315.535,316.92794,286.85,9.49,-0.1342,eod,25000.0,-323.04,1106712.0,1,316.92794,-0.1342,-323.04,1,316.92794,-0.1342,-323.04,1,316.92794,-0.1342,-323.04,1,316.92794,-0.1342,-323.04
2026-09-04,ATTO,628,24.44,26.884000000000004,26.830249999999996,25.0,6.822,-0.3744,eod,25000.0,-649.53,453351.0,1,26.830249999999996,-0.3744,-649.53,1,26.830249999999996,-0.3744,-649.53,1,26.830249999999996,-0.3744,-649.53,1,26.830249999999996,-0.3744,-649.53
2026-09-04,CHPT,604,9.28,10.208,10.230599999999999,9.32,8.901,-1.0102,stop,25000.0,-2251.36,1469482.0,1,10.230599999999999,-1.0102,-2251.36,1,10.230599999999999,-1.0102,-2251.36,1,10.230599999999999,-1.0102,-2251.36,1,10.230599999999999,-1.0102,-2251.36
2026-09-04,CRDU,594,6.6,7.26,7.246674999999999,6.46,10.856,0.0042,eod,25000.0,3.09,596365.0,1,7.246674999999999,0.0042,3.09,1,7.246674999999999,0.0042,3.09,1,7.246674999999999,0.0042,3.09,1,7.246674999999999,0.0042,3.09
2026-09-04,LABX,576,10.49,11.539000000000001,11.564589999999997,10.45,9.638,0.7944,eod,25000.0,1899.59,345642.0,1,11.564589999999997,0.7944,1899.59,1,11.564589999999997,0.7944,1899.59,1,11.564589999999997,0.7944,1899.59,1,11.564589999999997,0.7944,1899.59
2026-09-04,LULG,584,3.98,4.378,4.363049999999999,3.97,9.009,-0.2596,eod,25000.0,-593.78,553339.0,1,4.363049999999999,-0.2596,-593.78,1,4.363049999999999,-0.2596,-593.78,1,4.363049999999999,-0.2596,-593.78,1,4.363049999999999,-0.2596,-593.78
2026-09-04,MEI,583,15.34,16.874000000000002,16.8504,15.305,9.171,-1.0099,stop,5661.73,-531.19,37745.0,1,16.8504,-1.0099,-531.19,1,16.8504,-1.0099,-531.19,1,16.8504,-1.0099,-531.19,1,16.8504,-1.0099,-531.19
2026-09-04,MF,622,10.8,11.880000000000003,12.015939999999999,11.01,8.372,0.2205,lock,6685.07,115.38,44567.0,6,11.9394,0.321,159.03,4,11.9988,0.2417,125.11,4,12.015939999999999,0.2205,115.38,4,12.015939999999999,0.2205,115.38
2026-09-04,PMI,619,4.46,4.906000000000001,4.924830299999999,4.421,10.23,-0.5058,eod,11035.07,-584.24,73567.0,1,4.924830299999999,-0.5058,-584.24,1,4.924830299999999,-0.5058,-584.24,1,4.924830299999999,-0.5058,-584.24,1,4.924830299999999,-0.5058,-584.24
2026-09-04,PYXS,608,3.53,3.883,3.9317599999999997,3.63,7.675,-0.0721,eod,25000.0,-146.79,592933.0,1,3.9024,0.0278,40.16,1,3.9218,-0.0405,-83.84,1,3.9317599999999997,-0.0721,-146.79,1,3.9317599999999997,-0.0721,-146.79
2026-09-04,TYRA,629,24.51,26.961000000000006,27.306675,25.76,5.664,1.334,eod,25000.0,1882.54,770567.0,5,27.0958,1.7025,2091.8,2,27.2306,1.4548,1957.65,2,27.306675,1.334,1882.54,2,27.306675,1.334,1882.54
