symbol,bar_date,open,high,close,volume,prev_close,nbars,covered
AAOX,2026-08-17,25.01,27.57,25.68,9836727,24.1,391,True
AAOX,2026-08-20,15.25,17.4,17.11,9889954,15.31,391,True
ABAT,2026-08-21,2.37,2.59,2.57,3577809,2.33,377,True
ABCL,2026-08-25,11.0,12.5,12.5,10699440,10.61,391,True
ABTC,2026-08-19,6.98,8.295,7.9,2348697,6.94,370,True
ABTC,2026-08-24,8.0,8.8,8.64,2707290,7.93,374,True
ABTC,2026-08-27,8.41,9.31,8.76,1824673,8.18,383,True
ABTC,2026-09-03,8.18,9.47,9.34,2537044,7.87,388,True
ACDC,2026-08-27,4.78,5.385,5.26,1920298,4.62,380,True
ACHC,2026-08-26,30.15,32.865,30.58,2022878,29.87,0,False
ACHV,2026-08-19,7.62,8.61,8.53,3916843,7.52,371,True
ADAG,2026-08-17,3.63,3.99,3.83,1043341,3.7,336,True
ADBG,2026-08-19,4.64,5.11,5.0,3497057,4.66,328,True
ADBT,2026-08-25,12.0,13.2,6.26,1122035,,232,True
ADIG,2026-08-20,21.16,23.24,22.59,1500604,21.36,0,False
ADIG,2026-08-24,21.23,23.16,22.1,754311,21.12,0,False
ADVB,2026-08-19,8.43,9.4103,8.35,218827,8.72,87,False
ADVB,2026-08-25,7.92,9.39,9.18,595902,8.02,234,True
ADVB,2026-08-26,9.0,10.01,9.24,570879,9.18,168,True
ADVB,2026-09-01,9.36,10.8,10.44,369647,9.45,127,True
AEHL,2026-08-19,4.93,5.9,5.67,717459,5.69,140,True
AEHL,2026-08-20,5.89,7.0,6.31,631227,5.67,193,True
AEHL,2026-08-28,3.08,4.09,3.54,4963566,5.09,142,True
AEHL,2026-09-02,4.99,6.0,5.43,399019,5.0,184,True
AEHL,2026-09-04,6.88,8.4396,8.17,1555040,7.45,311,True
AEHR,2026-08-17,132.79,146.595,145.61,2509706,134.06,0,False
AEHR,2026-09-04,78.02,86.6699,86.26,4470736,76.27,0,False
AGEN,2026-08-19,7.66,8.7349,8.26,2273631,7.53,365,True
AGEN,2026-08-21,7.58,8.35,8.09,1506597,7.49,312,True
AGL,2026-08-20,90.51,100.0,92.73,190395,93.64,0,False
AGMB,2026-09-03,13.67,14.94,14.83,407971,13.66,0,False
AGPU,2026-08-17,7.84,10.8822,10.62,2613716,8.27,361,True
AGPU,2026-08-21,10.7,11.73,10.21,529525,10.69,220,True
AGPU,2026-09-04,9.88,10.915,10.67,310579,9.88,173,True
AHCO,2026-09-02,5.6,6.14,6.04,3661504,5.51,0,False
AIAI,2026-08-18,5.01,6.05,5.9,400564,5.01,181,True
AIBZ,2026-08-19,6.21,6.9,6.73,652521,6.2,223,True
AIFU,2026-08-24,16.98,27.54,22.2,115293,18.4999,113,True
AIFU,2026-08-25,20.745,26.8,24.8,92340,22.2,84,False
AIFU,2026-09-01,21.0,23.5,22.07,224054,21.49,108,True
AIFU,2026-09-04,22.86,31.11,18.755,94035,23.2,75,False
AIN,2026-09-02,55.41,61.07,58.78,402368,54.33,0,False
AIOS,2026-08-27,14.69,18.259,16.77,277778,14.7,114,True
AIRS,2026-09-04,2.51,2.875,2.795,1591691,2.54,279,True
AKAN,2026-08-25,3.66,5.2,4.95,1605278,3.705,119,True
AKTX,2026-08-26,8.1,9.9599,9.1,254815,7.87,130,True
ALAB,2026-09-04,286.0,321.6499,310.4,6273364,282.82,0,False
ALEC,2026-08-18,2.04,2.3,2.21,4765731,2.05,304,True
ALEC,2026-08-19,2.245,2.525,2.43,3752118,2.21,335,True
ALEC,2026-09-02,2.4,2.76,2.72,1668629,2.4,0,False
ALIT,2026-08-24,14.22,15.54,14.87,709053,14.22,0,False
ALM,2026-08-20,15.81,17.76,17.69,10490809,16.18,391,True
ALMR,2026-08-18,32.13,35.34,32.96,355490,32.13,0,False
ALMS,2026-09-01,9.93,11.06,9.47,28386138,21.81,0,False
ALMS,2026-09-03,10.375,11.92,11.36,7542827,10.35,0,False
ALNY,2026-09-02,246.48,269.94,267.4,3285728,246.11,0,False
ALOY,2026-08-21,11.31,12.5,12.5,2909158,11.08,377,True
ALVO,2026-08-20,3.89,4.37,4.27,1370521,3.99,336,True
AMOD,2026-09-01,2.42,2.87,2.77,2868921,2.45,48,False
AMR,2026-08-19,173.92,195.53,194.42,552900,169.44,0,False
ANDG,2026-08-20,45.51,50.46,50.32,3225664,45.02,0,False
ANEL,2026-08-26,25.5,28.13,27.7466,128642,24.8622,97,False
ANGI,2026-08-28,4.67,5.11,5.04,824748,4.67,0,False
ANGI,2026-09-02,4.64,5.09,4.96,1210700,4.665,0,False
ANGX,2026-08-18,4.79,5.33,4.85,4057518,4.71,370,True
ANIX,2026-08-19,3.49,3.81,3.71,569613,3.43,235,True
ANL,2026-08-17,13.08,14.42,13.34,276970,13.25,186,True
ANL,2026-08-26,13.7,15.105,15.06,149270,13.74,169,True
ANL,2026-09-04,14.69,16.02,15.01,307966,14.75,202,True
ANTX,2026-09-02,5.46,6.0,5.95,352760,5.48,0,False
ANY,2026-08-21,2.0,2.87,2.61,3075254,2.02,341,True
APLX,2026-08-20,9.76,10.68,10.34,686935,10.05,278,True
APLX,2026-08-25,9.3,10.39,10.36,1055519,9.05,305,True
APLZ,2026-08-19,21.14,23.76,21.415,158187,21.06,157,True
APLZ,2026-08-21,19.76,23.215,22.84,163817,20.92,139,True
APLZ,2026-08-26,20.7225,22.72,22.72,110603,19.95,99,False
APLZ,2026-08-28,22.81,25.44,25.12,138393,21.67,106,True
APMD,2026-08-17,31.7,34.77,32.55,519616,31.75,0,False
APMD,2026-08-25,26.6,29.56,27.37,480647,25.63,242,True
APMD,2026-08-26,27.59,30.19,29.58,333993,27.37,239,True
APMD,2026-08-28,29.01,32.37,29.71,536834,28.72,313,True
APPS,2026-09-03,10.0,10.935,10.88,2916773,9.78,0,False
APPX,2026-08-28,13.2,14.775,13.34,3237941,12.92,361,True
APUS,2026-08-17,3.45,4.3,4.28,1617033,4.55,144,True
APUS,2026-08-21,4.3,5.43,4.84,559653,4.39,137,True
APVO,2026-09-02,2.34,2.77,2.6,1027609,2.34,67,False
AQST,2026-08-19,4.31,4.745,4.59,8415749,4.32,381,True
ARCT,2026-08-20,10.08,11.4736,10.99,2292266,10.28,374,True
ARCT,2026-08-21,11.13,13.5,13.45,2856387,10.99,387,True
ARCT,2026-08-24,13.325,14.53,14.34,2394209,13.45,376,True
ARCT,2026-08-25,14.12,16.24,15.44,2209929,14.34,375,True
ARCT,2026-09-01,14.87,16.85,16.225,1356452,14.76,349,True
ARKY,2026-08-19,20.29,25.0,20.88,1181878,,102,True
ARMG,2026-08-26,15.73,17.51,17.29,1209602,16.03,279,True
ARMG,2026-09-03,14.6,16.1417,15.92,691148,14.99,307,True
ARQQ,2026-09-02,18.6,21.28,20.54,668326,18.9,141,True
ASMB,2026-08-18,30.0,33.08,32.13,484830,30.01,0,False
ASPC,2026-08-21,11.31,12.65,12.45,536321,10.8401,142,True
ASST,2026-08-19,12.95,14.8299,14.73,7600691,12.8,391,True
ASST,2026-08-25,19.04,22.16,21.39,12891552,19.73,391,True
ASTL,2026-08-19,4.18,5.07,4.79,5373813,4.09,384,True
ASTN,2026-08-28,5.18,5.7,5.62,535376,5.06,264,True
ASTX,2026-08-17,14.96,16.64,15.25,3374965,15.2,378,True
ASTX,2026-08-21,13.35,14.62,14.03,3079104,12.68,390,True
ASYS,2026-08-17,16.3,17.7984,16.86,667036,16.04,265,True
ATEX,2026-08-21,86.13,93.89,93.25,330544,85.31,0,False
ATTO,2026-08-17,19.85,22.71,22.71,149954,19.86,86,False
ATTO,2026-08-27,19.66,21.5,21.46,137319,19.55,108,True
ATTO,2026-09-03,23.46,26.0737,24.2,192806,23.13,175,True
ATTO,2026-09-04,24.44,27.66,25.55,311121,24.2,237,True
AUNA,2026-08-19,4.64,5.64,5.43,911286,5.42,269,True
AUTL,2026-08-19,2.36,2.58,2.54,7840822,2.29,387,True
AVBP,2026-08-25,28.64,31.52,31.35,961681,28.26,0,False
AXGN,2026-08-21,46.5,51.06,50.4,1779101,46.44,0,False
AXTI,2026-08-17,85.895,97.79,95.97,15323167,81.64,0,False
BABU,2026-08-20,11.78,13.332,13.32,205438,13.01,86,False
BABX,2026-08-20,21.83,24.65,24.65,4383292,24.09,377,True
BAK,2026-08-19,1.97,2.2,2.01,2981182,1.97,327,True
BAND,2026-08-27,47.35,52.145,51.85,570015,46.89,0,False
BANL,2026-08-21,12.24,13.45,12.65,180694,12.3,96,False
BCTX,2026-08-25,3.61,4.1,3.77,671131,3.46,226,True
BDSX,2026-08-19,21.91,26.3999,25.54,197999,22.34,133,True
BDSX,2026-08-21,24.25,27.105,26.63,274250,24.03,138,True
BDSX,2026-08-25,25.7,30.0,28.075,199246,25.39,184,True
BDSX,2026-08-26,28.34,31.31,30.6,216068,28.075,0,False
BE,2026-08-24,191.98,209.92,204.02,15274696,201.45,0,False
BEG,2026-08-24,26.36,31.5,29.9,440044,29.22,263,True
BEG,2026-08-26,32.45,36.8204,33.76,388320,33.8,0,False
BEG,2026-09-01,29.05,32.43,32.43,218105,30.14,0,False
BEG,2026-09-03,34.13,39.84,38.85,384041,33.45,0,False
BEG,2026-09-04,39.08,44.85,44.78,408576,38.85,0,False
BETR,2026-08-26,12.42,13.71,13.41,745409,12.3,243,True
BETR,2026-08-27,13.61,15.295,14.59,937658,13.41,317,True
BETR,2026-09-03,12.31,13.46,13.2,364778,12.3,0,False
BETR,2026-09-04,12.92,14.77,14.475,727794,13.2,279,True
BEX,2026-08-24,18.94,22.638,21.48,4116042,20.88,386,True
BEX,2026-08-26,23.32,26.39,24.41,2656536,24.18,357,True
BEX,2026-09-01,20.85,23.23,23.22,2179050,21.63,371,True
BEX,2026-09-03,24.36,28.7,28.03,3553640,24.07,387,True
BEX,2026-09-04,28.28,32.25,32.05,3467546,28.03,0,False
BEZ,2026-08-17,8.6,9.515,9.25,1769985,9.42,284,True
BEZ,2026-08-19,10.75,12.08,11.44,1357938,11.09,291,True
BEZ,2026-08-21,11.47,12.64,11.92,572956,11.8,243,True
BEZ,2026-08-27,9.25,10.3671,10.07,597252,10.05,228,True
BHVN,2026-08-26,14.24,18.24,16.95,15732626,14.38,391,True
BHYP,2026-08-19,33.23,40.61,39.55,1232464,33.09,0,False
BIAF,2026-09-04,11.12,20.3499,15.27,20042863,12.78,387,True
BIRD,2026-08-27,2.41,3.14,2.77,7032892,2.38,251,True
BITU,2026-08-19,9.6,10.98,10.6,12437038,9.48,390,True
BITX,2026-08-19,12.35,14.16,13.66,26012789,12.22,391,True
BIVI,2026-08-26,2.005,2.25,2.11,918375,2.09,184,True
BKCH,2026-09-03,68.51,74.77,74.63,44589,67.53,0,False
BKKT,2026-08-19,6.94,7.8197,7.74,2939797,6.93,380,True
BKKT,2026-08-21,7.86,8.8534,8.59,3570332,7.5,375,True
BL,2026-08-27,31.69,34.63,33.72,1906037,31.32,0,False
BLMN,2026-08-21,10.61,11.655,11.63,1848262,10.48,351,True
BLSH,2026-08-19,24.9,28.33,26.92,2174010,24.62,377,True
BLSH,2026-09-03,33.89,37.1,36.22,2191805,32.64,0,False
BLSM,2026-08-25,16.1,18.8,18.42,193571,16.03,173,True
BLSM,2026-09-04,20.0,22.16,22.01,168685,20.02,78,False
BLTE,2026-09-04,172.77,193.88,193.61,735599,171.09,0,False
BMM,2026-08-21,5.2,5.74,5.51,558296,4.96,183,True
BMM,2026-08-31,5.63,6.355,6.06,353440,5.62,0,False
BMNG,2026-08-19,15.79,19.65,18.4955,1931208,15.3751,302,True
BMNG,2026-08-25,25.27,29.62,27.3025,390071,26.1338,219,True
BMNG,2026-08-31,25.25,28.505,28.4126,359153,24.95,0,False
BMNR,2026-08-19,18.53,20.895,20.24,75516184,18.28,391,True
BMNR,2026-09-03,23.86,26.6,26.45,67029367,23.06,0,False
BMNU,2026-08-17,11.07,12.08,11.73,2940408,10.93,388,True
BMNU,2026-08-19,11.475,14.37,13.6,8179087,11.22,391,True
BMNU,2026-08-25,18.52,21.6361,20.11,5427482,19.02,391,True
BMNU,2026-08-31,18.52,20.85,20.66,3568976,18.26,0,False
BMNZ,2026-08-28,6.03,6.66,6.66,3484556,5.82,370,True
BNC,2026-08-21,2.8,3.18,3.15,760525,2.7,196,True
BOXL,2026-08-18,7.02,8.65,7.57,468813,7.22,224,True
BRCB,2026-08-19,7.88,8.84,8.81,428417,7.79,219,True
BRNX,2026-08-19,2.75,3.9,2.97,1878469,2.65,250,True
BRNX,2026-08-20,2.88,3.26,3.2,2486765,2.97,247,True
BRNX,2026-08-28,3.83,4.25,3.89,6088557,3.86,380,True
BRNX,2026-09-01,3.42,3.85,3.52,2404582,4.28,312,True
BRR,2026-08-20,2.08,2.33,2.24,1215934,2.1,269,True
BRR,2026-09-03,2.36,2.695,2.63,2692476,2.31,0,False
BRUN,2026-08-27,18.9,20.82,20.61,2851442,18.19,373,True
BRVE,2026-08-19,26.99,30.115,28.97,391843,26.75,201,True
BSP,2026-08-27,42.99,46.94,46.15,1244756,42.39,0,False
BTCL,2026-08-19,12.59,14.39,13.955,177930,12.49,136,True
BTDR,2026-08-19,8.99,10.0881,9.63,18924028,9.0,391,True
BTGO,2026-08-19,5.47,6.549,6.25,3586274,5.39,378,True
BTOG,2026-09-03,2.23,2.44,2.21,1927456,2.32,232,True
BTQ,2026-09-02,2.98,3.33,3.27,5101408,2.99,0,False
BULG,2026-08-19,45.153,52.92,52.8072,52672,44.8977,0,False
BULL,2026-09-03,9.2,10.19,10.0,32674062,9.0,0,False
BUUU,2026-08-17,29.49,38.9,27.55,119894,29.44,59,False
BUUU,2026-08-27,28.9,35.1,31.84,125271,28.15,53,False
BUUU,2026-09-03,30.1,36.0,31.67,89722,29.6,0,False
BUUU,2026-09-04,32.01,35.48,34.6,124931,31.67,0,False
BYND,2026-08-18,11.12,12.74,12.74,3528353,11.63,389,True
BYND,2026-08-19,12.63,14.298,14.08,2186145,12.74,382,True
BYND,2026-08-20,13.6,15.2,14.46,2655984,14.08,378,True
BZ,2026-08-26,16.77,19.335,18.84,25640585,16.29,391,True
CABA,2026-08-19,2.95,3.275,3.1,10432930,2.91,372,True
CABA,2026-09-01,3.0,3.315,3.3,6626210,3.11,0,False
CABA,2026-09-02,3.27,3.58,3.57,8030588,3.3,0,False
CABO,2026-08-25,22.85,26.68,26.34,386823,22.83,227,True
CABO,2026-08-28,22.26,25.72,25.5,298050,22.49,208,True
CABO,2026-09-02,24.15,29.39,28.51,355131,23.87,221,True
CADL,2026-08-19,12.42,13.82,13.5,2375816,12.05,380,True
CAI,2026-08-20,22.59,24.765,24.56,5597526,22.76,0,False
CAMP,2026-09-03,3.87,4.53,4.49,1277766,3.8,197,True
CANG,2026-08-24,2.24,2.7899,2.3,1686087,2.14,282,True
CANG,2026-08-27,2.4,2.85,2.59,720640,2.38,212,True
CAPR,2026-08-17,6.87,7.59,7.45,19181532,6.65,391,True
CAPR,2026-08-18,7.5,8.29,7.08,8522001,7.45,389,True
CAPR,2026-08-19,7.19,7.99,7.98,8548174,7.08,390,True
CAPR,2026-08-26,8.29,9.88,9.36,12013567,8.29,391,True
CAPR,2026-08-27,9.19,10.61,10.06,12026042,9.36,391,True
CBIO,2026-08-26,16.94,18.47,18.02,317582,17.0,0,False
CBIO,2026-09-01,16.43,18.13,17.93,788164,16.6,202,True
CBIO,2026-09-03,18.73,22.33,20.4,772793,18.54,252,True
CCC,2026-08-18,6.74,7.62,7.14,29469798,6.69,391,True
CCOI,2026-09-02,9.0,10.42,10.22,2633868,9.01,360,True
CCUP,2026-08-25,24.47,29.65,28.89,233381,26.38,186,True
CCUP,2026-08-27,28.64,31.4199,30.26,154581,27.71,126,True
CCUP,2026-08-31,25.45,30.99,30.62,167179,25.45,0,False
CCUP,2026-09-04,31.16,34.4859,34.1,93383,34.66,0,False
CDTG,2026-08-17,2.17,3.3,2.8,5992477,2.09,370,True
CDTG,2026-08-18,2.94,8.48,3.29,37455434,2.8,378,True
CDTG,2026-08-19,2.92,8.33,3.01,37485257,3.29,346,True
CDZI,2026-08-25,3.83,4.26,4.14,2095472,3.77,331,True
CEGX,2026-09-04,14.81,16.285,16.25,127032,14.83,0,False
CEPL,2026-08-21,6.04,6.75,6.6,615771,5.84,264,True
CEPL,2026-09-03,5.51,6.04,5.88,564789,5.52,288,True
CGEN,2026-08-25,2.6,2.91,2.87,799604,2.59,230,True
CHPT,2026-09-04,9.28,10.28,9.89,13414209,9.08,391,True
CHRN,2026-08-17,20.68,22.68,22.19,107395,20.93,99,False
CHRN,2026-08-18,21.57,24.027,23.53,162035,22.19,126,True
CHRN,2026-09-02,17.6,19.35,19.01,110537,17.66,136,True
CIFG,2026-08-17,5.34,5.8599,5.7,779463,5.36,257,True
CIFG,2026-08-20,4.3,4.81,4.8,763269,4.11,237,True
CIFG,2026-08-25,3.86,4.26,4.22,986118,3.7392,215,True
CIFG,2026-09-02,3.17,3.6454,3.5724,589352,3.3203,220,True
CIFG,2026-09-03,3.57,4.7,4.59,1312740,3.5724,301,True
CIFR,2026-09-03,15.11,17.57,17.37,37171060,15.18,0,False
CIFU,2026-08-17,13.02,14.36,13.98,786662,13.06,286,True
CIFU,2026-08-20,10.46,11.83,11.83,899582,10.17,249,True
CIFU,2026-08-25,9.4,10.4675,10.36,395943,9.235,218,True
CIFU,2026-09-02,7.8,8.91,8.765,356261,8.152,189,True
CIFU,2026-09-03,8.69,11.5,11.32,782274,8.765,267,True
CJMB,2026-08-20,2.59,3.24,2.355,2968869,2.49,377,True
CJMB,2026-08-27,2.05,2.3,2.2,981058,2.1,158,True
CLPT,2026-08-25,15.28,17.22,16.96,1081512,15.17,324,True
CLS,2026-09-03,282.64,314.09,309.84,3898407,277.77,0,False
CLSK,2026-09-03,11.42,12.66,12.58,23518147,11.33,0,False
CLSX,2026-08-19,11.1,12.23,11.26,571979,11.34,234,True
CLSX,2026-08-25,11.515,13.4,13.12,331879,11.56,202,True
CLSX,2026-08-27,12.54,14.17,13.41,596805,12.0,229,True
CLSX,2026-09-02,9.29,10.218,10.11,441513,9.72,199,True
CLSX,2026-09-03,10.24,12.48,12.35,848438,10.11,271,True
CLYM,2026-08-25,16.75,18.33,17.84,1201763,16.4,313,True
CLYM,2026-09-03,13.96,15.39,14.59,5507146,15.05,390,True
CLYM,2026-09-04,14.49,15.96,15.52,1486261,14.59,330,True
CMRC,2026-08-20,2.15,2.4,2.25,3467212,2.15,314,True
CNH,2026-09-02,12.46,13.89,13.65,53709512,12.5,0,False
CNTB,2026-09-01,2.2,2.415,2.36,1975023,2.2,374,True
CNTB,2026-09-02,2.37,2.8584,2.76,2605812,2.36,318,True
CNTN,2026-08-25,2.15,2.39,2.31,980156,2.14,253,True
CNXC,2026-08-19,23.88,26.455,25.72,2288705,23.67,370,True
CNXC,2026-09-01,29.95,33.84,32.28,2390688,30.1,0,False
CNXU,2026-08-20,8.98,9.8,9.43,261180,8.96,0,False
CNXU,2026-08-21,9.42,10.2909,8.89,403683,9.43,303,True
COHX,2026-08-17,33.41,38.955,36.72,2211190,32.03,0,False
COHX,2026-09-04,21.0,22.96,22.65,1500814,20.06,0,False
COIA,2026-08-19,6.15,7.51,7.12,272808,5.99,65,False
COIG,2026-08-19,3.95,4.87,4.5777,503898,3.8562,176,True
COIN,2026-08-19,147.5,165.74,160.2,16966528,146.23,0,False
COIW,2026-08-19,7.37,8.435,8.1,307826,7.28,185,True
COIW,2026-09-03,9.1,9.935,9.77,255114,8.68,0,False
CONI,2026-08-20,36.245,39.61,36.505,361464,42.9963,0,False
CONI,2026-08-24,29.46,32.95,32.72,772682,30.44,0,False
CONI,2026-08-28,29.67,32.8125,32.01,525120,28.41,0,False
CONL,2026-08-19,4.005,4.975,4.65,58954251,3.93,391,True
CONL,2026-08-25,5.56,6.4087,6.28,26212990,5.77,391,True
CONL,2026-08-31,5.65,6.37,6.25,16075491,5.65,0,False
CONX,2026-08-19,4.91,6.0299,5.6736,417324,4.7786,135,True
CONX,2026-08-25,6.7,7.78,7.6204,574451,7.0281,126,True
CONY,2026-08-19,17.86,19.61,19.04,818205,17.73,315,True
CORD,2026-08-17,2.32,2.575,2.365,18682095,2.39,381,True
CORD,2026-08-19,2.84,3.2,3.08,18722659,2.925,387,True
CORD,2026-08-27,3.05,3.3799,3.35,5918866,3.26,340,True
COTY,2026-08-19,2.79,3.09,3.03,15860479,2.74,388,True
COTY,2026-08-20,2.55,2.855,2.75,14011799,3.03,388,True
CRCA,2026-08-17,14.96,16.85,16.47,585713,15.2,292,True
CRCA,2026-08-25,20.76,25.14,24.38,1346492,22.31,352,True
CRCA,2026-08-31,21.67,26.2,25.91,716393,21.68,0,False
CRCA,2026-09-04,26.19,29.03,28.65,884059,29.3,0,False
CRCD,2026-08-28,2.37,2.6567,2.65,3694069,2.31,326,True
CRCG,2026-08-17,10.135,11.4,11.12,2802390,10.26,386,True
CRCG,2026-08-25,14.09,17.0,16.52,4068484,15.01,388,True
CRCG,2026-08-31,14.64,17.74,17.48,2757882,14.65,0,False
CRCG,2026-09-04,17.87,19.64,19.39,3154395,19.83,0,False
CRCL,2026-08-19,73.765,81.22,78.59,23232289,71.73,0,False
CRCL,2026-08-25,84.73,93.45,92.02,18132587,87.72,0,False
CRCL,2026-08-31,87.04,96.4,95.55,19891315,87.14,0,False
CRCL,2026-09-03,92.075,103.28,103.23,24732768,88.64,0,False
CRCO,2026-09-03,15.25,16.66,16.6448,178621,15.19,0,False
CRDL,2026-08-26,2.03,2.275,2.14,4481970,2.0,366,True
CRDU,2026-09-04,6.6,7.36,7.24,9476242,6.75,387,True
CRE,2026-08-27,5.51,6.0712,5.9,1364073,6.81,287,True
CRMG,2026-08-19,6.1,6.8399,6.72,3139962,6.1,356,True
CRMG,2026-08-28,9.54,10.5499,9.99,8007490,9.68,389,True
CRML,2026-08-21,6.0,7.2,7.11,16395048,5.8,391,True
CRML,2026-08-25,6.73,8.1,8.1,18974621,6.67,391,True
CRMU,2026-08-25,2.11,2.965,2.94,747143,2.07,242,True
CRMU,2026-08-26,2.91,3.29,2.87,882897,2.94,236,True
CRMX,2026-08-25,5.0,6.92,6.92,620741,4.86,225,True
CRMX,2026-08-26,6.57,7.73,6.68,609153,6.92,168,True
CRWG,2026-09-03,16.18,18.14,18.03,961658,16.56,0,False
CRWL,2026-08-26,54.0,59.529,58.67,357577,56.0493,0,False
CRWL,2026-08-31,77.625,85.74,83.6684,353075,75.04,0,False
CRWU,2026-09-03,31.16,34.81,34.74,126316,31.75,0,False
CSEX,2026-09-03,9.69,11.93,11.67,230931,9.45,180,True
CSTL,2026-08-19,29.03,32.39,32.32,451993,29.03,0,False
CTEV,2026-08-21,34.25,37.34,37.27,199255,34.08,0,False
CTMX,2026-09-01,3.32,3.73,3.67,8816465,3.36,0,False
CTRN,2026-08-25,65.38,73.025,69.71,664171,74.35,0,False
CUE,2026-08-17,31.15,34.19,27.64,305423,34.2,213,True
CUE,2026-08-25,23.69,28.29,26.76,170508,23.18,158,True
CUE,2026-08-26,26.63,29.325,28.85,205120,26.76,130,True
CUE,2026-09-01,25.29,29.28,28.44,177469,25.52,154,True
CURR,2026-09-02,3.39,4.08,4.01,2484013,3.36,257,True
CURR,2026-09-03,4.05,5.08,3.0,5727568,4.01,312,True
CVI,2026-08-21,36.18,40.17,39.51,1771242,35.83,0,False
CVI,2026-08-26,37.32,40.7,40.03,888615,37.89,0,False
CVRX,2026-08-24,2.99,3.29,3.15,1618712,2.84,312,True
CWVX,2026-09-03,13.45,15.1,15.01,938415,13.81,299,True
CWVX,2026-09-04,15.4,16.8,16.66,1178672,15.01,315,True
CXAI,2026-08-19,4.05,4.6,4.59,664340,4.26,301,True
CYCU,2026-09-03,3.13,3.76,3.59,813862,3.03,294,True
CYPH,2026-09-04,2.22,2.4897,2.42,17094304,2.27,0,False
DAIC,2026-09-01,3.24,4.8,3.55,11310984,3.48,378,True
DAIC,2026-09-02,3.35,4.01,3.045,2489676,3.55,372,True
DAO,2026-08-21,16.88,18.63,18.34,111418,16.86,96,False
DAVE,2026-09-02,338.3,373.04,372.85,336127,340.64,0,False
DBGI,2026-08-19,11.15,13.75,11.85,167563,10.905,136,True
DELL,2026-09-03,486.31,530.78,516.39,20335394,492.2,0,False
DERM,2026-08-20,6.8,7.73,7.49,337534,6.81,189,True
DFDV,2026-08-19,3.11,3.445,3.42,2973070,3.08,356,True
DFDV,2026-08-25,4.06,4.595,4.58,2349773,4.09,390,True
DFDV,2026-08-26,4.35,4.745,4.5,1382946,4.58,359,True
DFDV,2026-08-31,4.92,5.5198,5.38,2487002,4.98,384,True
DFNS,2026-08-17,28.625,31.261,30.99,299825,33.78,0,False
DFNS,2026-08-21,20.1,24.02,20.61,252015,24.4,194,True
DFNS,2026-08-27,11.71,14.2,12.71,2097849,11.875,369,True
DFNS,2026-09-03,9.24,10.6999,10.18,995932,9.26,299,True
DFNS,2026-09-04,9.24,10.3,10.24,542107,10.18,242,True
DFSC,2026-08-17,2.7,3.0946,2.16,9970859,3.0,372,True
DGXX,2026-08-20,3.58,3.93,3.92,3321181,3.58,0,False
DK,2026-08-21,64.7,72.0,71.47,3416135,64.04,0,False
DKNG,2026-08-28,24.28,26.58,25.26,19865132,24.22,391,True
DLLL,2026-08-18,26.26,29.1322,26.67,1047825,27.96,316,True
DLLL,2026-09-03,27.53,32.78,30.86,4986012,28.33,0,False
DLLL,2026-09-04,30.53,33.3299,31.98,2201493,30.86,0,False
DLTR,2026-08-27,120.0,132.28,127.0,5567074,132.18,0,False
DMRA,2026-09-04,27.49,30.35,30.06,295719,28.0,0,False
DNA,2026-08-25,6.94,7.63,7.54,1680012,6.78,338,True
DNN,2026-08-21,3.23,3.54,3.5,50139907,3.14,391,True
DOMO,2026-09-04,3.615,4.01,3.88,2551064,3.79,339,True
DOO,2026-08-18,63.765,70.11,68.58,783251,63.795,0,False
DSX,2026-09-02,2.77,3.02,3.01,3150650,2.75,0,False
DTCX,2026-08-21,2.04,2.66,2.62,1330224,2.02,240,True
DTCX,2026-08-24,2.62,2.93,2.92,852387,2.62,240,True
DTIL,2026-08-18,7.44,8.25,8.23,301648,7.4,218,True
DUST,2026-08-28,29.8,32.96,32.36,4288687,30.03,0,False
DXYZ,2026-08-20,31.8,34.68,34.65,1294841,33.43,0,False
EBS,2026-08-25,5.2,5.67,5.64,1360967,5.18,0,False
EDIT,2026-08-19,3.01,3.3,3.25,9582650,2.88,387,True
EDIT,2026-08-25,3.05,3.33,3.28,4201192,3.0,380,True
EDRY,2026-08-24,45.35,52.63,51.73,346408,46.85,0,False
EDRY,2026-09-04,50.502,57.43,57.43,141245,52.05,0,False
EDSA,2026-08-20,5.19,6.0,4.76,391925,5.75,218,True
EIKN,2026-08-18,10.35,11.71,11.65,747852,10.47,246,True
EIKN,2026-08-21,10.87,12.11,11.39,532816,10.75,224,True
EIKN,2026-08-25,11.26,12.82,12.55,566010,11.16,261,True
EIX,2026-09-01,54.01,59.81,58.8,24594346,53.98,0,False
ELMT,2026-08-21,17.2,20.64,19.885,1732239,16.67,378,True
ELOX,2026-08-21,19.0,23.3999,20.975,93440,18.04,103,True
EMAT,2026-08-18,2.745,3.58,3.12,1968231,2.79,337,True
EMAT,2026-08-20,2.76,3.56,3.35,1129450,2.85,348,True
EMAT,2026-08-21,3.41,4.5199,3.97,2575372,3.35,372,True
EMAT,2026-08-24,4.11,4.8,4.21,2971451,3.97,357,True
EMAT,2026-08-31,3.25,3.98,3.865,1364129,3.27,0,False
EMPD,2026-09-01,3.25,3.77,3.51,1465952,3.22,367,True
ENRD,2026-08-19,5.8,6.39,6.04,330513,5.73,209,True
ENRD,2026-08-20,6.0,6.7,6.095,447512,6.04,326,True
ENTX,2026-08-19,2.93,3.2099,3.11,693158,2.89,301,True
EOSE,2026-09-04,3.52,3.91,3.88,23931115,3.5,0,False
EPRX,2026-08-24,6.75,7.38,7.28,1324716,6.73,329,True
EPRX,2026-09-02,6.4,7.47,7.45,747028,6.34,0,False
EPRX,2026-09-04,7.45,8.4,8.4,3518903,7.5,0,False
ERAS,2026-08-26,17.57,19.5,19.15,7675388,17.76,390,True
ETH,2026-08-19,18.48,20.19,20.07,7977766,18.26,387,True
ETHA,2026-08-19,14.61,15.98,15.88,106768434,14.44,391,True
ETHE,2026-08-19,15.6,17.05,16.93,6011452,15.41,389,True
ETHT,2026-08-19,10.77,12.72,12.57,4838095,10.48,382,True
ETHT,2026-09-03,16.29,17.79,17.61,2767012,15.94,0,False
ETHU,2026-08-19,16.66,19.71,19.48,18436108,16.26,391,True
ETHU,2026-09-03,25.34,27.67,27.4,10173812,24.74,0,False
ETHW,2026-08-19,13.85,15.14,15.04,2398469,13.67,379,True
EVAX,2026-08-19,3.03,3.37,3.15,6361461,3.15,319,True
EXOD,2026-08-25,7.69,10.3099,9.69,392961,7.85,276,True
EXOD,2026-08-27,8.52,9.5,9.29,237874,8.37,181,True
EXYN,2026-08-24,2.1,2.68,2.3,1531157,2.21,324,True
EXYN,2026-08-25,2.38,3.25,3.22,1740885,2.3,331,True
EYPT,2026-08-17,4.06,4.9,4.87,52262997,14.75,391,True
EYPT,2026-08-18,4.73,5.52,5.47,16238633,4.87,391,True
EYPT,2026-09-02,4.36,4.81,4.79,4707617,4.58,0,False
EZPW,2026-08-21,29.14,33.31,32.22,2355244,28.76,0,False
FAC,2026-08-25,4.7,5.3809,5.21,399831,4.6,286,True
FBL,2026-09-01,19.4,21.33,20.9,1503338,20.47,351,True
FCEL,2026-08-18,21.18,24.38,21.7,13479334,22.36,391,True
FCFS,2026-08-21,207.87,228.02,225.28,625582,205.91,0,False
FCUV,2026-08-18,6.54,9.9,7.795,970853,6.49,207,True
FCUV,2026-09-01,9.96,11.9,11.35,364114,9.85,107,True
FCUV,2026-09-02,11.35,16.0,15.16,678674,11.35,256,True
FCUV,2026-09-03,15.36,19.95,19.69,393331,15.16,198,True
FCUV,2026-09-04,19.99,23.0,17.0,1382973,19.69,242,True
FDMT,2026-08-17,12.2,15.025,14.545,3438812,12.19,385,True
FDMT,2026-08-19,15.21,16.93,16.76,1965284,14.72,373,True
FETH,2026-08-19,19.28,21.07,20.93,6271652,19.06,389,True
FFAI,2026-08-26,2.7,2.97,2.6,985037,2.77,265,True
FGI,2026-08-18,8.88,10.75,9.35,432108,9.08,190,True
FHTX,2026-08-20,6.93,7.61,7.01,1326626,7.06,333,True
FIG,2026-08-27,28.0,31.22,30.62,27564017,27.03,0,False
FIGG,2026-08-18,23.64,25.94,25.125,179684,23.23,155,True
FIGR,2026-08-17,32.16,35.82,35.755,9336735,31.43,0,False
FIGR,2026-09-03,33.68,36.9599,36.21,5304123,33.19,0,False
FINV,2026-08-31,3.39,3.7,3.67,2065655,3.4,0,False
FISN,2026-09-02,6.38,6.98,6.97,339080,6.39,223,True
FLYE,2026-09-02,2.28,2.5,2.4,2033933,2.2,315,True
FMC,2026-09-02,12.0,13.455,13.33,6339199,11.88,0,False
FRHC,2026-08-18,147.23,160.82,160.8,197469,150.47,0,False
FRMM,2026-08-24,5.53,6.2,6.03,378123,5.48,201,True
FRNM,2026-08-17,11.5,13.17,13.0,1892321,11.56,349,True
FTCI,2026-08-28,2.46,2.9,2.55,925101,2.43,271,True
FTH,2026-08-17,32.69,35.98,32.77,417380,32.34,0,False
FTH,2026-09-02,34.0,40.89,39.12,574107,34.51,0,False
FUTG,2026-08-21,4.54,5.28,5.23,3364982,4.4,312,True
FUTG,2026-08-25,4.72,5.4,5.34,2505356,4.56,294,True
FVN,2026-08-21,12.2,15.09,13.0,763434,12.0,117,True
FVN,2026-08-24,12.9,21.8818,19.84,299279,13.0,140,True
FVN,2026-08-27,9.61,11.8171,11.35,730237,9.76,117,True
FWDI,2026-08-19,4.59,5.105,4.94,1625379,4.54,355,True
FWDI,2026-08-25,5.71,6.3,6.05,2815540,5.73,379,True
FWRD,2026-09-04,16.21,18.355,17.89,796628,16.31,262,True
FXHO,2026-08-25,9.91,11.0,9.35,867187,9.9,115,True
FXHO,2026-08-31,9.81,12.45,12.32,162617,10.38,63,False
GALT,2026-09-01,3.91,4.385,4.17,475780,3.95,245,True
GALT,2026-09-04,4.33,4.72,4.61,472568,4.35,0,False
GDC,2026-08-19,1.96,3.05,2.2,17418086,1.87,390,True
GDC,2026-08-20,2.25,2.55,2.49,1705778,2.2,339,True
GDC,2026-08-21,2.59,3.59,1.56,10991226,2.49,370,True
GDXD,2026-08-28,14.66,17.18,16.69,7500426,14.9,387,True
GDXU,2026-08-20,153.51,173.47,170.52,2199426,158.63,0,False
GDXU,2026-08-25,179.41,200.3,199.03,1526713,188.62,0,False
GDXU,2026-09-01,144.28,159.8449,141.33,2309052,161.17,0,False
GEMI,2026-08-19,3.55,4.0,3.93,3071266,3.54,375,True
GEMI,2026-08-21,4.28,4.79,4.28,7309305,4.14,388,True
GEMI,2026-08-25,4.19,4.795,4.66,4259493,4.19,386,True
GEMI,2026-09-03,4.39,4.865,4.84,3637193,4.29,383,True
GENB,2026-08-25,17.67,22.6699,20.38,4676174,17.72,382,True
GENC,2026-08-17,18.5,20.19,20.0,240115,18.0,148,True
GFUZ,2026-08-31,7.17,8.53,8.1,516685,7.03,293,True
GGR,2026-08-24,2.14,3.3835,2.93,1479118,2.27,254,True
GIBO,2026-09-04,28.71,35.7788,33.7,67424,31.35,0,False
GIXI,2026-09-02,8.49,15.5,12.0,1195399,,0,False
GLSI,2026-08-25,17.46,19.64,18.59,199154,17.58,149,True
GLXY,2026-08-19,20.41,22.36,21.9,8520391,20.43,391,True
GLXY,2026-08-25,22.85,25.145,24.79,8073272,22.84,391,True
GLXY,2026-09-03,24.6,27.19,26.5,8510012,24.06,0,False
GME.WS,2026-08-28,2.39,2.64,2.25,929403,2.38,0,False
GNLN,2026-08-18,1.95,3.34,3.05,747622,2.01,208,True
GNPX,2026-08-17,4.2,4.8921,4.475,446687,4.32,140,True
GNPX,2026-08-18,4.24,4.83,3.95,4292502,4.475,300,True
GOGO,2026-09-04,2.64,2.88,2.84,2259797,2.65,0,False
GOLD,2026-09-04,41.0,46.295,46.13,1402613,41.48,0,False
GORO,2026-08-20,2.86,3.23,3.0,3540839,2.83,373,True
GORO,2026-08-24,3.2,3.62,3.53,2213535,3.19,363,True
GORO,2026-08-25,3.55,3.87,3.87,2649329,3.53,377,True
GPGI,2026-09-02,13.09,14.38,14.25,2223028,13.09,0,False
GPRK,2026-08-31,10.26,11.2132,11.0,2051227,9.83,365,True
GRAL,2026-08-20,73.77,81.8506,77.97,1349738,73.96,0,False
GRI,2026-09-03,2.08,2.5,2.29,1605494,2.0,321,True
GRI,2026-09-04,2.34,3.36,2.88,7464923,2.29,320,True
GRML,2026-08-31,4.77,5.25,4.85,600505,4.88,268,True
GRML,2026-09-04,4.44,4.98,4.76,785221,4.48,289,True
GRNQ,2026-09-03,13.82,15.91,14.3,136272,14.3403,89,False
GRNQ,2026-09-04,14.0,20.09,18.7,343936,14.3,110,True
GRRR,2026-08-26,14.03,16.08,15.45,1991611,14.04,386,True
GSIW,2026-08-28,15.0,17.65,16.55,152835,15.1,94,False
GSM,2026-09-02,4.09,4.54,4.52,2035933,4.03,0,False
GTM,2026-08-27,3.84,4.195,4.08,6053127,3.8,385,True
HAO,2026-08-17,3.99,5.47,4.08,2086787,3.98,282,True
HAO,2026-08-18,4.11,4.67,4.49,2173632,4.08,264,True
HCWB,2026-08-18,2.52,3.05,2.13,1237437,2.52,193,True
HDSN,2026-08-17,5.66,6.38,6.15,2283038,5.67,303,True
HELP,2026-08-25,13.16,14.35,13.985,2994486,13.02,385,True
HHS,2026-08-21,3.62,4.07,3.68,1143694,3.61,205,True
HIMS,2026-08-19,27.55,31.27,31.09,19978776,27.39,0,False
HIMZ,2026-08-19,26.16,33.0,32.74,606562,25.8,0,False
HIMZ,2026-08-20,31.725,37.02,34.21,507853,32.74,0,False
HIMZ,2026-08-21,33.9,39.75,38.27,368389,34.21,0,False
HIMZ,2026-08-27,30.31,33.68,33.13,245144,29.43,0,False
HIVE,2026-09-03,2.745,3.1,3.05,25621694,2.72,0,False
HODU,2026-08-19,9.84,11.25,10.4767,184039,9.5962,143,True
HODU,2026-08-25,11.92,14.08,13.98,215368,12.08,146,True
HOOG,2026-08-19,23.98,27.3,25.5,677097,23.2755,301,True
HOOG,2026-08-25,29.15,34.16,34.01,412891,29.2181,0,False
HOOW,2026-08-25,26.27,29.03,28.9,219477,26.33,186,True
HOV,2026-08-21,119.25,135.92,131.41,275559,118.13,0,False
HPE,2026-09-03,47.6,54.88,54.44,72105283,51.83,0,False
HPE.PRC,2026-09-03,120.41,140.35,139.02,603617,133.24,0,False
HQ,2026-08-21,17.7,21.0,19.93,1274741,17.4,238,True
HQ,2026-09-02,14.56,17.5,17.5,419761,14.59,141,True
HSAI,2026-08-18,15.765,17.5563,17.11,3838877,18.07,372,True
HSCS,2026-08-24,2.91,3.2,2.76,718087,2.8,189,True
HSDT,2026-08-27,2.09,2.48,2.43,1092936,2.05,292,True
HSDT,2026-09-03,2.13,2.449,2.35,1052272,2.08,269,True
HTFL,2026-08-18,41.5,45.33,45.23,4168809,41.94,0,False
HTZ,2026-08-21,2.08,2.3,2.25,27724128,2.09,391,True
HUT,2026-09-03,80.87,88.6898,88.09,5472854,80.68,0,False
HUTG,2026-08-20,12.56,14.7,14.64,227185,12.62,172,True
HUTG,2026-08-25,11.59,13.45,13.41,186142,11.69,160,True
HUTG,2026-09-02,10.75,11.87,11.69,194749,10.84,159,True
HUTG,2026-09-03,11.75,13.95,13.83,254827,11.69,216,True
HUTG,2026-09-04,13.67,15.79,15.49,242415,13.83,150,True
HYPD,2026-08-19,2.74,3.32,3.04,2152701,2.7,159,True
HYPD,2026-08-21,3.27,3.57,3.18,833441,3.13,225,True
HYPD,2026-08-27,3.39,3.83,3.62,1489028,3.39,265,True
HYPG,2026-08-19,20.99,25.6,24.7923,527905,20.86,131,True
IFRX,2026-08-25,2.06,2.46,2.46,3863518,2.05,308,True
ILMN,2026-08-20,200.302,220.32,213.44,2917769,205.0,0,False
IMMX,2026-08-19,11.99,13.19,13.19,1966077,11.81,370,True
IMMX,2026-08-25,13.6,15.1,14.47,3660486,13.61,371,True
INBS,2026-09-01,2.4,2.84,2.43,5039481,2.4,287,True
INBX,2026-08-25,105.5,126.5,122.72,510720,104.94,0,False
INDI,2026-08-17,4.65,5.1383,4.71,15844835,4.71,391,True
INFQ,2026-08-21,12.67,14.135,14.12,15389461,12.55,391,True
INHD,2026-08-18,7.07,10.4299,8.0,630441,8.02,234,True
INHD,2026-08-28,5.64,6.19,5.61,325957,6.0,158,True
INLF,2026-08-19,4.67,5.25,4.73,1020525,4.52,182,True
INSG,2026-08-21,4.0,4.43,4.39,550555,4.015,254,True
IONL,2026-08-21,14.94,17.3,16.86,528367,14.62,237,True
IONX,2026-08-18,30.76,33.785,30.31,532919,34.35,0,False
IONX,2026-08-21,27.5,31.765,30.82,962793,26.75,0,False
IONX,2026-08-31,22.51,24.5856,23.04,718000,22.98,293,True
IONX,2026-09-03,21.41,23.46,22.7,1025624,21.13,0,False
IONZ,2026-08-20,2.645,3.02,2.87,9536421,2.65,344,True
IONZ,2026-08-28,2.64,3.005,2.94,12435550,2.56,353,True
IOVA,2026-08-19,7.2,8.055,7.99,24248537,7.03,391,True
IOVA,2026-08-20,8.07,9.36,8.99,43637750,7.99,391,True
IPST,2026-08-18,7.46,25.34,15.76,32315415,7.39,338,True
IPST,2026-08-20,8.79,15.2717,10.31,7511816,8.45,348,True
IPST,2026-08-24,8.98,9.94,8.58,396078,9.65,208,True
IRD,2026-09-02,3.86,4.52,4.45,4989170,3.83,0,False
IRE,2026-08-19,10.41,11.5,11.17,8474001,10.71,391,True
IRE,2026-08-25,9.715,10.79,10.71,3903919,9.6,385,True
IRE,2026-08-31,7.37,8.075,7.99,7095249,7.32,0,False
IRE,2026-09-02,7.48,9.06,9.02,9499954,7.86,0,False
IRE,2026-09-03,8.88,10.025,9.94,7949078,9.02,0,False
IRE,2026-09-04,9.65,11.385,11.33,7963802,9.94,0,False
IREG,2026-08-19,8.42,9.28,9.03,929006,8.69,298,True
IREG,2026-08-25,7.88,8.75,8.69,664559,7.76,205,True
IREG,2026-08-31,6.0,6.5799,6.52,1383479,5.96,285,True
IREG,2026-09-02,6.02,7.405,7.37,688876,6.41,257,True
IREG,2026-09-03,7.26,8.18,8.11,1095994,7.37,273,True
IREG,2026-09-04,7.905,9.319,9.27,922023,8.11,283,True
IREN,2026-09-02,35.795,39.7099,39.6,40649104,36.82,0,False
IREN,2026-09-04,41.05,44.745,44.68,36265245,41.65,0,False
IREX,2026-08-19,14.96,16.4488,15.96,1595911,15.39,321,True
IREX,2026-08-25,13.9,15.48,15.33,1185845,13.77,276,True
IREX,2026-09-02,10.74,13.1,13.02,1806832,11.36,333,True
IREX,2026-09-03,12.78,14.48,14.35,1573544,13.02,330,True
IREX,2026-09-04,13.98,16.47,16.47,1640354,14.35,343,True
IREZ,2026-08-19,11.46,12.5,10.74,2147806,11.14,372,True
IREZ,2026-08-21,10.15,11.6994,11.22,1163341,10.81,286,True
ISOU,2026-08-21,10.58,11.93,11.89,191561,10.24,194,True
ITG,2026-09-02,12.04,13.25,12.88,164785,11.99,105,True
JACK,2026-09-04,14.93,16.395,16.14,539540,15.16,272,True
JATT,2026-08-21,14.4,23.76,13.24,217092,13.78,113,True
JDST,2026-08-28,19.14,21.51,21.03,2297805,19.34,384,True
JDZG,2026-08-17,3.92,4.36,4.17,586587,3.85,176,True
JELD,2026-08-24,2.28,2.51,2.49,1733676,2.3,313,True
JELD,2026-08-28,2.21,2.56,2.53,2609502,2.18,342,True
JELM,2026-09-03,25.53,28.07,25.525,99625,25.515,37,False
JEM,2026-08-26,5.23,5.86,5.67,501648,6.795,220,True
JFB,2026-08-27,4.01,4.8192,4.76,916202,4.03,246,True
JFB,2026-09-02,4.86,5.39,4.74,1258359,4.84,322,True
JFU,2026-08-17,2.01,2.56,2.32,6947140,2.23,269,True
JFU,2026-08-18,2.43,2.96,2.94,1010713,2.32,164,True
JZ,2026-08-21,2.28,2.58,2.2,1040219,3.32,273,True
JZ,2026-08-24,2.03,2.85,2.32,1146387,2.2,318,True
KARD,2026-09-02,19.8,22.51,21.92,354964,19.6,0,False
KIDZ,2026-08-18,3.97,4.7398,4.72,1397483,4.07,227,True
KIDZ,2026-08-19,4.7,5.2899,4.78,1153423,4.72,273,True
KIDZ,2026-08-20,4.62,5.29,5.04,422310,4.78,193,True
KLC,2026-08-18,2.52,2.815,2.72,1979198,2.56,338,True
KLC,2026-08-19,2.67,2.9688,2.91,1502074,2.72,319,True
KLRA,2026-09-01,15.21,17.06,16.41,1204072,15.4,0,False
KORU,2026-09-04,20.93,23.6,23.47,25281555,20.69,0,False
KSS,2026-08-26,16.645,18.23,17.94,12959351,17.68,390,True
KTUP,2026-08-18,8.78,9.7562,9.1,241315,9.53,133,True
KURA,2026-08-24,11.77,12.87,12.4,2693145,11.89,381,True
KYTX,2026-08-17,8.15,8.985,8.95,1145459,8.17,326,True
KZIA,2026-08-18,13.37,14.725,14.38,161713,13.56,81,False
KZIA,2026-08-27,14.67,17.18,16.9,982675,14.6,231,True
LABT,2026-08-31,2.23,2.58,2.5,13655487,2.3,102,True
LABX,2026-09-03,9.24,10.23,10.23,849863,9.63,266,True
LABX,2026-09-04,10.49,13.02,12.16,1768541,10.23,330,True
LAR,2026-08-21,6.28,6.86,6.83,2651548,5.98,373,True
LCID,2026-08-27,5.0,5.6,5.09,30213941,4.95,391,True
LENZ,2026-09-02,5.21,5.81,5.8,990431,5.23,307,True
LEU,2026-08-25,175.7,193.79,193.39,702965,177.14,0,False
LEUX,2026-08-26,14.43,17.0,13.86,170241,14.76,82,False
LEXX,2026-08-31,10.3,12.2,11.28,359592,10.35,132,True
LHSW,2026-09-02,2.25,4.15,3.71,1789657,2.88,288,True
LHSW,2026-09-03,3.88,4.4,4.36,924034,3.71,202,True
LHSW,2026-09-04,4.3,4.75,4.5,2718732,4.36,203,True
LIFE,2026-08-24,33.05,37.17,36.72,2614345,34.16,0,False
LIME,2026-08-20,37.41,42.24,42.06,369728,37.73,0,False
LITX,2026-08-17,35.48,39.3707,37.03,3416402,33.85,0,False
LITX,2026-08-20,26.44,30.12,29.93,2881942,26.71,380,True
LITX,2026-08-26,29.63,34.3398,33.78,3193962,30.04,0,False
LMB,2026-09-01,41.3,45.42,44.79,885368,41.22,0,False
LONA,2026-08-18,7.71,8.9016,8.17,526311,7.71,41,False
LPSN,2026-09-02,2.97,3.25,3.1,891452,2.97,230,True
LPTH,2026-08-21,13.1,14.475,14.42,2702132,13.02,389,True
LTGO,2026-08-24,22.62,25.0,22.0,234088,22.37,133,True
LTGO,2026-08-26,22.64,24.7899,24.13,137959,22.57,160,True
LULG,2026-09-04,3.98,4.5298,4.27,6291598,6.58,371,True
LUNL,2026-08-18,6.86,7.49,6.81,1208390,7.6,337,True
LVLU,2026-08-28,12.78,15.0,14.15,143134,13.17,56,False
LYEL,2026-08-18,13.54,15.81,15.79,311019,13.55,171,True
MAAS,2026-08-27,14.83,16.64,16.54,126579,14.79,133,True
MAAS,2026-09-02,16.3,17.88,17.4,146982,16.33,0,False
MARA,2026-08-19,8.905,9.8899,9.65,67140545,8.96,391,True
MARA,2026-08-25,11.07,12.15,11.83,48487220,11.18,391,True
MARA,2026-09-03,10.6,11.85,11.6,69068118,10.47,0,False
MARO,2026-09-03,3.98,4.38,4.3,595043,3.98,240,True
MEI,2026-09-03,15.09,18.03,15.32,2255072,18.1,375,True
MEI,2026-09-04,15.34,16.9022,15.69,1241302,15.32,335,True
METC,2026-08-27,12.88,14.16,13.91,2536491,12.7,375,True
METU,2026-09-01,18.77,20.62,20.2,8406506,19.79,387,True
MEVO,2026-09-03,10.01,11.14,10.04,297774,10.02,12,False
MF,2026-08-18,11.994,13.34,12.51,159334,11.6,107,True
MF,2026-08-24,15.05,18.82,17.51,185506,16.38,110,True
MF,2026-09-04,10.8,14.29,11.66,276572,10.79,139,True
MFI,2026-08-21,8.901,15.0,9.65,345368,8.56,133,True
MGNI,2026-09-02,22.92,25.22,24.88,5879333,22.89,0,False
MGRT,2026-08-21,96.83,106.16,96.49,42808,98.81,0,False
MGRT,2026-09-01,98.15,107.99,107.99,37051,98.07,0,False
MI,2026-08-27,2.66,2.94,2.85,1217218,2.74,61,False
MLAB,2026-08-19,109.91,120.45,119.72,236520,107.94,0,False
MLYS,2026-09-02,25.7,29.285,29.04,2039651,25.57,0,False
MMED,2026-09-01,20.4,22.74,22.42,6054421,20.26,390,True
MNRO,2026-08-25,12.6,13.99,13.96,2330070,12.86,343,True
MOB,2026-08-17,6.03,6.8,6.01,449627,6.1,183,True
MOB,2026-08-19,5.78,6.47,6.29,420320,5.71,177,True
MOBI,2026-08-26,10.51,12.05,11.65,315284,10.63,152,True
MOBI,2026-09-01,11.08,12.085,11.45,596018,11.16,207,True
MODD,2026-08-18,2.2,3.08,3.03,744585,2.37,235,True
MODD,2026-08-19,3.05,3.57,3.32,652447,3.03,149,True
MODD,2026-08-27,3.27,3.7943,3.61,813212,3.31,102,True
MOVE,2026-09-01,10.09,12.95,12.81,810130,10.95,302,True
MOVE,2026-09-02,12.28,15.2,14.48,556504,12.81,317,True
MPG,2026-08-18,5.46,6.0,5.5556,489703,5.9357,142,True
MPLT,2026-08-25,11.47,12.74,12.54,703512,11.36,229,True
MRAL,2026-08-17,27.44,30.5,30.0782,113827,27.22,0,False
MRAL,2026-08-19,25.17,30.67,29.3456,236481,25.5837,155,True
MRAL,2026-08-24,38.86,44.5444,38.71,292634,39.33,0,False
MRAL,2026-08-25,37.75,45.185,43.181,202891,38.71,0,False
MRAL,2026-08-27,40.36,46.2552,43.39,220702,39.48,0,False
MRAL,2026-09-02,30.1,33.2513,32.98,88952,31.5457,0,False
MRAL,2026-09-03,33.5,41.3783,39.68,235049,32.98,0,False
MRAM,2026-08-25,17.0,18.8799,17.63,1924985,16.14,375,True
MRLN,2026-08-27,3.41,3.72,3.52,1847899,3.32,327,True
MRLN,2026-09-03,2.9,3.38,3.36,2112002,2.85,362,True
MRNA,2026-08-21,133.11,159.47,145.13,87319327,133.32,0,False
MRNA,2026-08-25,143.5,161.37,158.83,49227568,138.89,0,False
MRNA,2026-09-01,140.25,154.7,154.27,25819887,140.34,0,False
MRNX,2026-08-21,74.0,103.86,87.53,1897171,74.31,0,False
MRNX,2026-08-31,72.03,83.5,79.5,478457,76.89,0,False
MRNX,2026-09-01,78.37,95.47,95.11,546707,79.5,0,False
MRNY,2026-08-21,31.89,37.5,34.42,561070,32.0,0,False
MRNY,2026-08-25,34.15,37.58,36.97,235882,33.15,0,False
MRVI,2026-08-20,7.44,8.3781,8.29,13102551,7.22,391,True
MRVU,2026-08-17,118.07,130.92,125.16,170680,112.43,0,False
MRVU,2026-08-20,126.43,141.22,141.07,202464,126.01,0,False
MRVU,2026-09-04,97.325,108.53,108.27,190012,95.1,0,False
MSOX,2026-08-19,2.55,2.88,2.8,2750162,2.53,304,True
MST,2026-08-19,7.73,9.28,8.96,231260,7.55,155,True
MST,2026-08-24,11.45,12.5,11.7,248008,11.1,114,True
MST,2026-08-25,11.13,12.62,12.34,160637,11.7,98,False
MST,2026-08-27,12.17,14.185,13.8,145724,11.75,144,True
MSTP,2026-08-24,20.03,21.86,20.16,193687,19.18,112,True
MSTR,2026-08-19,94.54,106.9,104.25,49177746,92.52,0,False
MSTR,2026-08-27,126.77,139.78,137.4,44362156,123.19,0,False
MSTR,2026-09-03,127.985,144.92,144.82,45226432,123.19,0,False
MSTU,2026-08-25,26.98,31.33,30.5,6780194,28.86,0,False
MSTU,2026-09-04,33.6,37.4,36.46,5429236,37.65,0,False
MSTW,2026-08-19,3.07,3.54,3.43,1096434,3.01,304,True
MSTW,2026-08-25,4.0,4.37,4.31,710009,4.135,0,False
MSTW,2026-08-27,4.29,4.82,4.73,1006433,4.15,316,True
MSTW,2026-09-03,4.26,4.93,4.93,1739154,4.065,353,True
MSTX,2026-08-17,7.87,8.745,8.59,6574430,7.82,390,True
MSTX,2026-08-19,8.01,10.06,9.63,15229761,7.81,391,True
MSTX,2026-08-24,12.99,14.25,13.15,12637277,12.45,391,True
MSTX,2026-08-25,12.39,14.44,14.04,10543261,13.15,391,True
MSTX,2026-09-04,15.515,17.21,16.79,8133259,17.33,0,False
MSTY,2026-08-19,12.08,13.285,12.99,4601279,11.92,390,True
MSTY,2026-09-03,14.72,16.31,16.29,2789864,14.4,388,True
MSTZ,2026-08-20,7.2,8.05,7.4,21988413,8.77,391,True
MSTZ,2026-08-28,4.845,5.37,5.3,36354199,4.63,391,True
MTA,2026-08-19,10.13,11.05,10.89,1089042,9.77,343,True
MULL,2026-09-04,21.91,23.95,23.86,5585134,21.34,0,False
MUU,2026-09-04,31.5,34.42,34.25,32873458,30.69,0,False
MVLL,2026-08-17,29.16,32.22,30.76,3982543,27.69,425,True
MVLL,2026-08-20,31.095,34.7,34.57,5529253,30.95,0,False
MVLL,2026-09-04,23.82,26.52,26.49,4163730,23.23,376,True
NAKA,2026-08-19,5.09,6.1,6.06,617931,5.01,270,True
NAKA,2026-08-21,6.64,7.47,7.06,450704,6.3,222,True
NBIG,2026-09-02,13.11,14.37,14.25,1436442,13.62,309,True
NBIG,2026-09-04,15.03,17.37,17.37,1950298,15.12,343,True
NBIL,2026-09-02,19.0,20.8498,20.69,1971865,19.76,356,True
NBIL,2026-09-04,21.8,25.21,25.19,3764417,21.92,381,True
NBIZ,2026-08-17,4.45,4.86,4.7,33561117,4.435,391,True
NBIZ,2026-08-18,4.72,5.55,5.42,35159486,4.7,391,True
NBIZ,2026-08-20,6.54,7.18,6.72,12456539,6.51,391,True
NBIZ,2026-08-27,6.3,6.9,6.69,6760636,7.0,383,True
NBTX,2026-08-17,39.65,45.4499,42.05,522582,38.31,0,False
NBTX,2026-08-27,42.63,46.69,45.16,347846,44.5,0,False
NCI,2026-08-24,12.91,15.24,14.85,1263164,12.99,176,True
NCNO,2026-08-26,19.33,21.685,21.51,5729046,20.81,390,True
NCT,2026-08-19,3.89,4.38,4.0,1238223,3.89,170,True
NCT,2026-08-21,4.15,4.625,4.12,1027185,4.17,151,True
NCT,2026-08-27,4.24,4.67,4.67,915424,4.25,178,True
NCT,2026-09-02,5.24,6.16,4.9,15262218,5.22,332,True
NCTY,2026-08-21,4.58,5.8099,5.78,910795,4.36,255,True
NCTY,2026-08-24,5.73,7.75,5.57,1012381,5.78,255,True
NDRA,2026-09-01,5.07,5.65,5.27,396114,5.005,99,False
NEBX,2026-09-02,19.52,21.3971,21.25,1437875,20.32,0,False
NEBX,2026-09-04,22.43,25.86,25.82,1961993,22.54,0,False
NEO,2026-08-27,17.85,19.76,18.64,5090519,17.37,390,True
NEOV,2026-08-25,3.19,3.51,3.39,1381752,3.12,323,True
NERV,2026-08-26,5.01,5.63,5.43,383571,5.0,145,True
NETG,2026-08-27,17.86,19.9,19.786,115624,16.9673,107,True
NGEN,2026-08-27,2.19,2.39,2.335,981601,2.21,287,True
NINE,2026-08-21,10.5,12.72,11.55,968790,10.18,355,True
NIPG,2026-08-19,11.99,16.39,14.71,155373,11.94,107,True
NIPG,2026-08-25,13.47,18.86,17.06,121366,13.59,123,True
NKTX,2026-08-21,2.48,2.735,2.66,1109106,2.47,270,True
NMAX,2026-08-18,10.31,11.78,11.43,2361663,10.36,381,True
NN,2026-08-21,17.155,18.75,17.55,1905380,17.33,0,False
NNNN,2026-08-24,6.77,8.98,7.9,268968,6.81,149,True
NOW,2026-08-19,118.64,129.6,127.2,22512614,119.49,0,False
NOWL,2026-08-19,5.84,6.94,6.68,14907207,5.93,390,True
NOWL,2026-08-28,7.83,8.6388,8.52,10432279,7.83,391,True
NOWL,2026-08-31,8.18,9.091,8.91,8292299,8.52,387,True
NRGV,2026-09-02,3.27,3.57,3.55,3527955,3.27,0,False
NRXP,2026-08-17,3.1,3.67,3.43,1265256,3.27,298,True
NTAP,2026-09-03,161.95,187.45,185.38,6226527,180.77,0,False
NTLA,2026-08-19,12.1,13.35,13.28,6109203,11.6,390,True
NTWO,2026-08-18,11.02,12.14,11.65,11225208,10.71,367,True
NUAI,2026-08-17,5.2,5.74,5.46,7851740,5.07,391,True
NUAI,2026-08-18,5.23,5.82,5.13,8275121,5.46,391,True
NVA,2026-08-27,5.45,6.06,5.73,560174,5.51,242,True
NVAX,2026-08-31,9.1,9.985,9.37,7271869,9.26,0,False
NVAX,2026-09-01,9.2,10.261,10.12,10022617,9.37,0,False
NVCT,2026-08-18,19.13,20.91,20.91,217882,19.08,0,False
NVCT,2026-08-19,21.44,23.74,23.33,362854,20.91,219,True
NVD,2026-08-28,3.74,4.08,4.05,106073003,3.73,390,True
NVDQ,2026-08-28,8.44,9.2201,9.16,10227999,8.39,386,True
NVTX,2026-09-02,14.23,15.586,15.31,201035,14.46,0,False
NVTX,2026-09-04,15.02,16.95,16.88,303582,14.97,202,True
NXDT,2026-08-19,5.11,5.77,5.74,394191,5.1,247,True
NXTT,2026-08-20,6.54,13.21,8.0,4673844,6.64,327,True
NXTT,2026-08-21,8.0,8.8421,7.66,568137,8.0,267,True
NXTT,2026-09-03,5.4,6.15,5.93,384194,5.43,73,False
OABI,2026-08-18,3.84,4.19,3.92,3234336,3.82,360,True
OABI,2026-08-20,4.188,4.59,4.28,2132990,4.19,352,True
OABI,2026-09-02,4.47,5.43,5.04,5076979,4.44,0,False
OBIO,2026-08-18,4.74,5.77,5.66,2063469,4.72,275,True
OBIO,2026-09-04,4.71,5.14,5.08,476402,4.74,0,False
OBX,2026-08-28,16.58,18.11,16.3,260519,17.04,149,True
OBX,2026-09-04,17.26,18.9999,16.82,140126,17.09,107,True
ODTX,2026-08-19,22.52,24.66,24.25,226173,21.95,138,True
ODTX,2026-09-04,26.24,29.05,28.76,268895,26.4,215,True
OESX,2026-08-25,21.37,25.7,25.02,229823,20.99,187,True
OKLL,2026-08-25,2.54,3.035,2.97,12913448,2.44,391,True
OKLO,2026-08-25,40.76,44.85,44.27,14127091,39.69,0,False
OKLS,2026-08-26,22.41,25.93,25.0,226265,22.5,182,True
OKTG,2026-08-26,24.06,27.26,26.0168,144172,24.7689,74,False
OMER,2026-08-19,17.13,18.89,18.39,3171379,17.19,386,True
ONDG,2026-08-18,3.12,3.67,3.47,4921032,3.46,363,True
ONDG,2026-08-21,2.96,3.27,3.2,3093760,2.99,339,True
ONDG,2026-08-27,2.915,3.26,3.21,2468277,2.81,376,True
ONDG,2026-09-02,2.06,2.36,2.36,3309196,2.03,311,True
ONDL,2026-08-18,7.91,9.368,8.88,1258909,8.78,294,True
ONDL,2026-08-21,7.51,8.3,8.07,977056,7.59,241,True
ONDL,2026-08-27,7.43,8.22,8.06,1057014,7.13,321,True
ONDL,2026-09-02,5.15,5.91,5.91,2115645,5.11,338,True
OPTX,2026-08-26,7.76,8.8791,8.51,365963,7.84,257,True
ORCU,2026-09-03,7.8,8.78,8.51,5615773,7.64,388,True
ORCX,2026-09-02,19.76,21.55,21.31,1917520,20.02,0,False
ORCX,2026-09-03,21.82,24.5,23.72,1976426,21.31,381,True
ORMP,2026-08-25,4.8,5.25,5.21,622420,4.82,0,False
OTLY,2026-08-24,14.56,16.145,15.895,227685,14.5,167,True
PARR,2026-08-21,72.76,80.16,79.03,893050,72.45,0,False
PBF,2026-08-26,65.12,71.07,69.73,2157296,66.51,0,False
PBM,2026-08-18,3.6,5.0,4.47,897186,3.61,168,True
PCG,2026-09-01,13.3,14.79,14.06,144465579,13.27,0,False
PCLA,2026-08-20,6.35,12.86,8.4085,5124075,6.4,304,True
PEPG,2026-08-25,3.21,3.57,3.425,959176,3.19,311,True
PFSA,2026-08-19,15.93,17.58,13.57,1465040,27.48,305,True
PFSA,2026-08-21,6.65,7.5365,5.46,647786,7.57,286,True
PFSA,2026-08-25,4.45,5.18,5.0,1278699,4.58,269,True
PGEN,2026-08-17,6.165,6.78,6.55,6277277,6.1,388,True
PLAY,2026-09-02,8.42,9.42,9.34,2490120,8.45,362,True
PLTG,2026-08-26,17.1,18.75,18.5569,123418,17.6276,113,True
PLTG,2026-09-03,17.4,19.98,19.38,193093,16.7455,165,True
PLTU,2026-08-21,50.41,55.33,53.85,2464153,50.4,0,False
PLTU,2026-08-26,48.24,52.895,52.37,773332,49.6,0,False
PLTU,2026-09-03,48.89,56.43,54.55,1282546,47.29,0,False
PLTW,2026-09-03,23.48,25.7,25.23,196789,23.07,0,False
PLTZ,2026-09-02,9.32,10.46,10.08,5791802,9.03,381,True
PMI,2026-08-21,2.83,3.48,3.21,10870450,3.03,280,True
PMI,2026-08-31,8.04,11.87,8.46,2253415,8.8,270,True
PMI,2026-09-02,3.87,4.78,4.58,828727,3.86,308,True
PMI,2026-09-04,4.46,5.3521,4.56,512240,4.49,228,True
PNRG,2026-08-17,201.8,227.63,210.6,216208,200.98,0,False
PPHC,2026-08-24,10.56,11.66,11.09,209433,10.56,144,True
PPSI,2026-08-17,2.91,3.4792,2.94,646462,2.91,236,True
PRAM,2026-08-31,25.25,30.4,26.07,136400,24.7898,173,True
PRE,2026-08-21,17.4,20.5,20.2,326979,17.97,172,True
PRE,2026-08-24,19.13,21.88,21.82,417704,20.2,221,True
PRE,2026-08-26,23.8,26.29,25.78,821976,23.25,283,True
PRHI,2026-09-03,6.2905,8.86,7.55,339196,6.45,125,True
PRLD,2026-08-20,5.7,6.6496,6.5,2425209,5.78,335,True
PRME,2026-08-25,3.3,3.71,3.71,3319629,3.25,379,True
PRPO,2026-08-19,25.01,27.85,27.85,92819,24.69,138,True
PSIG,2026-08-21,2.17,2.98,2.79,991196,2.23,226,True
PSIX,2026-09-04,36.97,40.76,40.49,447975,36.42,0,False
PSNL,2026-08-21,16.655,18.89,18.38,7969480,16.88,388,True
PSNY,2026-09-04,8.42,9.27,9.21,564971,8.69,244,True
PSNYW,2026-08-31,5.45,7.27,5.75,407525,5.32,158,True
PSQL,2026-08-31,17.97,24.69,17.3,2021500,19.11,355,True
PTIR,2026-08-21,18.74,20.615,20.07,5516963,18.8,387,True
PTIR,2026-08-26,17.97,19.71,19.51,2906424,18.48,369,True
PTIR,2026-08-27,19.76,21.55,21.33,4109430,19.51,378,True
PTIR,2026-09-03,18.22,21.025,20.32,4361099,17.61,384,True
PTN,2026-09-02,12.0,13.5,12.84,311140,11.54,103,True
PTN,2026-09-03,12.82,14.0,13.08,534551,12.84,152,True
PURR,2026-08-19,7.26,9.4375,9.39,61901722,7.2,391,True
PURR,2026-08-25,10.51,12.1,11.87,29803438,10.64,391,True
PURR,2026-08-27,12.18,14.14,12.83,42744648,11.56,448,True
PURR,2026-08-28,12.675,13.86,11.61,37941298,12.83,391,True
PURR,2026-09-03,11.65,12.9299,12.77,36417655,11.32,0,False
PW,2026-09-01,6.95,7.63,7.42,358004,7.42,61,False
PYPG,2026-09-02,7.0,7.695,7.5738,942126,6.9536,214,True
PYXS,2026-08-19,3.07,3.5,3.37,1035825,2.99,296,True
PYXS,2026-08-26,3.03,3.36,3.34,634276,3.06,252,True
PYXS,2026-09-01,3.24,3.57,3.44,590038,3.24,278,True
PYXS,2026-09-02,3.45,3.77,3.75,731008,3.44,0,False
PYXS,2026-09-04,3.53,4.05,3.89,2218974,3.565,336,True
QBTX,2026-08-21,8.19,9.3607,9.18,2215539,7.9,372,True
QBTZ,2026-08-28,3.69,4.06,3.93,1941487,3.58,314,True
QDEL,2026-08-20,13.63,15.2,14.85,2507101,13.8,385,True
QMCO,2026-08-18,23.84,26.28,23.52,1587894,24.92,360,True
QMCO,2026-08-31,21.97,24.41,24.33,1205461,22.26,355,True
QMLS,2026-08-17,7.24,7.96,7.14,538021,7.32,175,True
QMLS,2026-08-21,5.44,6.11,5.86,433478,5.36,208,True
QMLS,2026-08-25,5.93,6.55,6.27,494990,5.89,247,True
QMLS,2026-08-26,6.47,7.25,6.1,823612,6.27,292,True
QNRX,2026-08-31,5.45,6.55,6.22,567554,6.12,223,True
QNRX,2026-09-03,6.81,8.0,7.87,439182,6.74,152,True
QPUX,2026-08-18,18.5,20.4993,18.37,171549,20.76,139,True
QPUX,2026-08-21,16.93,19.5,19.41,288007,16.31,197,True
QUBX,2026-08-18,7.6,8.335,7.62,251174,8.6,158,True
QUBX,2026-08-21,7.12,8.28,8.27,380009,6.95,240,True
QVCG,2026-08-27,15.16,16.655,16.23,162750,15.35,0,False
RBLU,2026-08-31,3.61,4.21,4.15,680288,3.64,255,True
RCAT,2026-08-18,9.85,10.96,10.205,9087298,10.44,390,True
RCAX,2026-08-18,4.29,5.3407,4.68,474875,4.9,147,True
RCEL,2026-08-18,7.94,10.2,9.85,1426908,7.9,336,True
RCKT,2026-08-28,3.61,3.9899,3.86,3444827,3.62,371,True
RCMT,2026-08-17,36.53,40.68,40.43,466728,35.05,0,False
RDDT,2026-09-02,144.02,158.27,158.1,6234577,144.64,0,False
RDIB,2026-08-28,15.13,24.0,18.31,653734,15.4,164,True
RDIB,2026-09-01,13.69,19.58,17.7,124261,15.1,173,True
RDIB,2026-09-04,13.34,18.9265,14.99,126865,13.745,110,True
RDTL,2026-08-25,13.73,15.325,15.32,701349,13.57,291,True
RDTL,2026-09-02,12.13,14.31,14.28,911947,12.04,318,True
RDWU,2026-08-17,10.38,11.42,10.24,520452,10.485,273,True
RDWU,2026-08-18,9.05,10.175,9.47,544615,10.24,224,True
REAX,2026-08-18,2.41,2.695,2.65,7783948,2.42,389,True
REF,2026-08-27,13.75,15.03,14.7,1067262,13.68,0,False
RFAI,2026-08-20,11.147,12.73,12.73,276625,11.195,18,False
RFAI,2026-08-24,40.98,64.3712,51.04,431612,58.0,0,False
RFAI,2026-08-25,50.91,57.57,51.09,99814,51.04,0,False
RFAI,2026-08-26,46.0,54.0,48.89,46368,51.09,0,False
RFAI,2026-08-27,47.4,60.64,51.99,82450,48.89,0,False
RFAI,2026-08-28,50.39,60.99,52.05,55949,51.99,0,False
RGC,2026-09-02,5.44,6.6,6.31,373148,5.5,0,False
RGC,2026-09-03,6.32,6.9,6.48,415372,6.31,0,False
RGC,2026-09-04,6.43,7.65,6.89,654344,6.48,0,False
RGNX,2026-08-25,8.14,8.99,8.91,1752269,8.055,368,True
RGTI,2026-08-21,16.315,18.055,17.91,23122753,16.065,391,True
RGTX,2026-08-18,13.04,14.66,13.22,474142,14.73,244,True
RGTX,2026-08-21,11.14,13.4195,13.17,784502,10.76,309,True
RGTZ,2026-08-20,3.27,3.76,3.6,4705570,3.25,344,True
RGTZ,2026-08-24,2.92,3.255,3.24,6047840,2.78,325,True
RGTZ,2026-08-26,3.08,3.37,3.35,4355055,3.01,322,True
RGTZ,2026-08-28,3.21,3.52,3.45,3381495,3.14,337,True
RHLD,2026-08-25,132.71,147.9,144.64,251561,128.68,0,False
RIOT,2026-09-03,18.705,21.205,21.14,23308887,18.635,0,False
RIOX,2026-08-17,23.5,25.98,25.98,358185,23.36,189,True
RIOX,2026-08-19,22.5,25.12,24.0,491083,22.96,195,True
RIOX,2026-08-20,24.85,27.98,27.98,418490,24.0,205,True
RIOX,2026-08-25,25.035,29.11,28.35,254653,25.23,173,True
RIOX,2026-09-02,18.71,21.7468,21.21,381803,19.37,148,True
RIOX,2026-09-03,21.15,26.91,26.75,867930,21.21,252,True
RIOX,2026-09-04,25.7,28.5,28.5,677501,26.75,159,True
RKLX,2026-08-17,24.92,27.4599,25.36,2650550,24.25,370,True
RKLZ,2026-08-25,3.69,4.065,4.01,3591142,3.8819,363,True
RKLZ,2026-08-28,3.99,4.355,4.22,3265709,3.9129,359,True
RMAX,2026-08-18,12.55,13.7632,13.61,401019,12.8,0,False
RNAC,2026-08-19,9.5,10.87,10.49,482488,9.2,225,True
RNXT,2026-09-02,2.14,2.59,2.52,4132113,2.11,361,True
ROBN,2026-08-19,23.98,27.33,25.5,1171260,23.29,340,True
ROBN,2026-08-25,29.0,34.2,33.97,887566,29.24,0,False
RPAY,2026-09-02,3.56,3.89,3.83,927364,3.51,0,False
RUM,2026-08-17,7.43,8.41,8.24,5422400,7.46,389,True
RUM,2026-08-25,9.42,10.595,10.23,8931593,9.36,391,True
RUN,2026-09-02,8.37,9.1392,8.96,9714654,8.37,0,False
RVII,2026-08-27,21.9,23.8978,23.09,638746,21.9,325,True
RVMDW,2026-08-26,11.72,12.8,12.115,184031,11.98,83,False
RVNL,2026-08-21,25.3,28.25,27.9826,93029,24.9628,87,False
RXRX,2026-08-25,3.27,3.59,3.56,22510822,3.25,391,True
RYOJ,2026-08-20,4.12,4.795,4.71,660354,4.62,63,False
RZLT,2026-08-21,4.68,5.635,5.09,6469942,4.66,380,True
SA,2026-08-24,30.07,33.2599,33.03,1297694,30.16,0,False
SAIH,2026-08-19,20.0,23.4,22.14,88304,20.28,120,True
SAIH,2026-09-02,23.9,28.41,25.4,70725,22.95,57,False
SANA,2026-08-19,3.71,4.12,4.1,5910579,3.63,378,True
SBET,2026-08-19,6.35,7.21,7.08,18843275,6.29,391,True
SBMT,2026-08-24,8.42,9.48,9.16,276462,8.25,120,True
SCTX,2026-08-18,21.82,27.75,27.11,507570,21.19,305,True
SCTX,2026-08-19,26.87,33.0,31.05,411614,27.11,0,False
SCTX,2026-08-20,31.3,39.6,33.0125,410765,31.05,0,False
SCTX,2026-08-28,28.78,34.6399,28.44,201838,28.84,168,True
SCTX,2026-08-31,28.39,31.6074,30.54,151158,28.44,0,False
SCZM,2026-08-19,8.72,9.5772,9.54,963418,8.37,319,True
SCZM,2026-09-02,9.38,10.269,10.18,630657,9.2,0,False
SDGR,2026-08-19,18.12,19.92,19.85,1895224,17.67,362,True
SDGR,2026-09-01,19.25,20.99,20.84,1503425,19.5,0,False
SDOT,2026-08-21,8.24,19.9,13.18,19616052,8.44,370,True
SECZ,2026-08-18,5.29,6.09,5.89,3272571,5.39,373,True
SECZ,2026-08-19,5.83,6.44,6.03,2733543,5.89,377,True
SECZ,2026-09-03,6.53,7.22,7.1,1642062,6.51,386,True
SECZ,2026-09-04,6.9,7.57,7.42,1473117,7.1,0,False
SENS,2026-08-18,7.93,8.88,8.69,1197201,8.03,337,True
SERV,2026-08-21,4.8,5.27,4.98,6151098,4.735,390,True
SG,2026-08-19,5.95,6.65,6.42,8353453,5.82,391,True
SGHT,2026-09-02,8.02,8.79,8.42,268894,8.19,164,True
SGLY,2026-08-24,2.58,2.96,2.53,1874601,2.57,275,True
SGRX,2026-09-03,2.23,2.44,2.21,1927456,2.32,0,False
SHMD,2026-08-27,3.16,3.58,3.4,833322,3.17,315,True
SI,2026-08-19,21.21,23.32,23.26,228929,21.13,90,False
SIEB,2026-08-28,1.98,2.29,2.19,1270697,1.97,74,False
SIF,2026-08-17,20.0,22.655,22.05,236123,20.0,155,True
SILC,2026-08-31,41.33,45.6499,43.05,178356,42.2,0,False
SILO,2026-08-18,3.01,3.3,3.07,1701917,3.07,43,False
SIMO,2026-08-26,241.68,263.69,263.11,785673,241.83,0,False
SIND,2026-08-25,17.31,18.95,17.92,151991,17.35,175,True
SION,2026-08-25,5.6,6.3,6.25,1974068,5.59,362,True
SION,2026-09-02,6.63,7.35,7.31,1590609,6.46,357,True
SLE,2026-08-20,4.07,5.1498,4.28,1694270,4.12,316,True
SLE,2026-08-24,3.97,4.8,4.32,476140,4.03,231,True
SLE,2026-09-04,3.53,4.035,3.92,663377,3.52,232,True
SLI,2026-08-21,2.31,2.53,2.48,2425881,2.27,355,True
SLN,2026-09-01,13.49,14.89,14.74,1130765,13.53,299,True
SLON,2026-08-19,19.86,22.08,21.76,96842,19.1453,100,True
SLS,2026-08-21,13.69,15.67,15.46,15230835,13.405,391,True
SLS,2026-08-27,14.078,15.56,15.21,12100145,13.73,391,True
SMCL,2026-08-20,16.715,18.29,16.31,1167810,16.42,311,True
SMCL,2026-09-03,15.99,17.43,17.1686,870729,16.4001,243,True
SMCL,2026-09-04,17.505,19.865,18.7011,634527,17.1686,309,True
SMCX,2026-08-20,12.01,13.155,11.71,8799858,11.78,391,True
SMCX,2026-08-25,11.415,12.91,12.84,7268348,10.82,433,True
SMCX,2026-09-04,12.53,14.25,13.4,6294146,12.3,390,True
SMCZ,2026-08-24,3.46,3.9,3.71,3856278,3.35,347,True
SMCZ,2026-09-02,3.085,3.448,3.2,5215241,3.28,0,False
SMST,2026-08-20,36.55,40.298,36.8615,627870,43.61,0,False
SMST,2026-08-28,24.03,26.67,26.3,1556274,22.96,358,True
SMTC,2026-08-26,130.9,146.8659,140.8,10151484,127.52,0,False
SMTK,2026-08-25,3.73,5.4899,3.7,1516464,3.72,201,True
SMU,2026-08-19,5.5,6.36,6.3,1165798,5.48,375,True
SMU,2026-08-21,6.15,6.75,6.43,1231957,5.985,378,True
SMU,2026-08-25,6.195,7.13,6.915,2422686,5.935,376,True
SMU,2026-09-02,5.88,6.59,6.475,2166550,6.05,358,True
SNDK,2026-09-04,1586.0,1740.0,1740.0,16232766,1554.99,0,False
SNDU,2026-08-28,18.93,20.8465,19.94,4488442,19.92,383,True
SNDU,2026-08-31,20.0,22.3299,22.14,5853711,19.94,0,False
SNDU,2026-09-01,21.0,23.345,21.26,5317754,22.14,0,False
SNDU,2026-09-04,22.6,26.95,26.95,8619817,21.8,0,False
SNPS,2026-08-27,419.66,464.98,464.89,4076613,410.0,0,False
SNXX,2026-08-28,12.22,13.44,12.87,51904730,12.87,391,True
SNXX,2026-08-31,12.9,14.38,14.38,66103724,12.87,0,False
SNXX,2026-09-01,13.55,15.06,13.71,66809001,14.38,0,False
SNXX,2026-09-04,14.6,17.36,17.36,94799991,14.07,0,False
SOC,2026-08-19,4.06,5.155,4.78,28881825,3.99,390,True
SOFX,2026-08-19,9.41,10.33,10.05,1179433,9.25,367,True
SOFX,2026-08-21,9.73,10.77,10.51,1309871,9.45,336,True
SOFX,2026-09-02,8.42,9.265,9.18,1417499,8.4016,354,True
SOLT,2026-08-19,35.67,39.79,39.22,919681,34.54,0,False
SONO,2026-09-02,15.15,16.55,15.975,2151560,15.14,0,False
SOXS,2026-08-19,42.83,48.34,47.05,69241798,44.19,0,False
SPAI,2026-08-31,4.65,5.35,5.28,437924,4.63,137,True
SPRB,2026-08-24,53.04,58.92,58.65,138845,51.58,0,False
SPRB,2026-08-25,58.82,64.15,63.4,147324,58.65,0,False
SPRY,2026-08-17,5.62,6.285,6.24,2213065,5.65,382,True
SPTX,2026-08-19,24.0,26.3213,24.42,240876,23.97,157,True
SPTX,2026-08-26,25.11,28.365,27.84,135649,24.83,169,True
SPTX,2026-08-31,24.14,26.465,23.68,117853,24.04,114,True
SRPT,2026-08-27,19.35,22.59,21.59,7900486,19.46,384,True
SRPT,2026-09-02,21.33,23.62,23.21,4791005,21.33,0,False
SSM,2026-09-02,4.45,5.4,4.8,2301403,4.755,342,True
SSMR,2026-08-21,17.53,19.37,18.64,541449,17.45,284,True
SST,2026-08-31,1.96,2.63,2.24,9174228,1.89,321,True
SST,2026-09-02,2.73,3.3,3.01,1773894,2.84,346,True
SSTK,2026-08-28,5.49,5.995,5.97,1190261,5.49,0,False
STDN,2026-08-25,12.05,14.8988,13.94,1467887,11.94,374,True
STDN,2026-08-31,14.35,16.2225,16.11,1863934,14.1,0,False
STIM,2026-09-04,2.72,2.965,2.88,994086,2.72,272,True
STKH,2026-08-17,3.47,4.0699,3.96,645303,3.6,223,True
STRO,2026-08-17,20.54,22.43,22.28,372962,20.48,177,True
SUGP,2026-08-19,2.4,2.88,2.73,827946,2.4,228,True
SUGP,2026-08-20,2.64,3.1499,2.78,8228679,2.73,223,True
SUJA,2026-08-19,6.74,7.5,7.39,1259319,6.71,352,True
SUJA,2026-08-24,7.73,9.3,9.05,1187673,7.68,337,True
SUPX,2026-08-21,6.73,8.58,8.52,578165,6.89,228,True
SUPX,2026-09-03,8.195,9.32,8.97,1409368,8.36,262,True
SVCO,2026-08-27,6.83,7.45,7.24,306242,6.73,211,True
SWKS,2026-09-02,66.39,73.26,71.67,7515636,67.41,0,False
SWMR,2026-08-17,42.94,47.95,47.08,895094,41.6,0,False
SWVL,2026-08-26,2.19,2.53,2.31,1293653,2.21,270,True
SWVL,2026-08-28,2.29,3.15,3.12,4834426,2.21,386,True
SWVL,2026-09-01,2.82,3.95,3.83,1014788,2.91,244,True
SWVL,2026-09-02,3.71,5.4999,5.08,1431719,3.83,311,True
SWVL,2026-09-03,5.08,5.6,5.52,529627,5.08,217,True
SXTC,2026-08-17,3.78,4.24,3.75,490909,4.33,218,True
TARS,2026-09-02,74.63,82.97,82.76,1899757,74.05,0,False
TARS,2026-09-04,82.7,91.53,90.78,1595205,83.205,0,False
TASK,2026-08-19,7.38,8.13,8.08,746596,7.38,318,True
TAYD,2026-08-21,56.09,61.21,58.52,65474,55.79,0,False
TCGX,2026-08-21,13.0,15.05,13.9,137052,14.0968,45,False
TEAM,2026-08-27,169.0,185.73,185.62,6074946,168.47,0,False
TECX,2026-08-18,33.79,37.195,36.61,453350,33.85,0,False
TEM,2026-08-20,61.83,68.96,66.63,19518114,61.25,0,False
TEM,2026-08-21,65.6,72.96,72.69,15972335,66.63,0,False
TEMT,2026-08-20,24.81,30.26,28.41,930428,24.1501,311,True
TEMT,2026-08-21,27.28,33.8,33.65,598668,28.41,0,False
TEMT,2026-08-25,28.0,31.3,29.68,447550,27.55,222,True
TEMT,2026-08-27,29.37,32.23,31.43,167200,29.47,149,True
TEMT,2026-09-02,24.51,27.65,23.76,228368,23.97,193,True
TETH,2026-08-19,9.66,10.57,10.49,2098209,9.54,333,True
TGT,2026-08-19,147.8,161.9799,159.0,9468369,152.48,0,False
TGTX,2026-08-21,51.1,56.87,54.27,5557874,50.56,0,False
TH,2026-08-27,17.3,19.06,18.96,2579489,16.78,388,True
THYP,2026-08-19,34.42,41.81,40.78,363063,34.12,0,False
TII,2026-08-21,2.54,2.84,2.82,958500,2.46,305,True
TII,2026-08-28,2.91,3.2262,3.06,928107,2.86,311,True
TITN,2026-08-21,18.33,20.21,20.18,363924,18.09,153,True
TITN,2026-08-27,17.1,18.873,18.42,443269,18.81,215,True
TITN,2026-09-02,20.63,23.6,23.39,684089,20.54,298,True
TITN,2026-09-04,22.89,26.9,26.22,870591,22.83,294,True
TJGC,2026-08-18,3.9,5.1499,4.45,882809,4.01,174,True
TJGC,2026-08-24,4.62,6.3899,6.1,4928747,4.66,339,True
TJGC,2026-08-27,6.13,8.0,7.94,349543,6.29,150,True
TJGC,2026-08-28,7.93,10.19,9.9,576708,7.94,207,True
TLS,2026-08-27,4.53,4.95,4.82,1241606,4.44,368,True
TMC,2026-08-18,3.72,4.065,3.92,6549369,3.77,0,False
TMC,2026-08-21,4.1,5.0,4.79,20783729,3.975,391,True
TNGX,2026-08-26,24.65,27.0,25.47,3171280,24.77,376,True
TNON,2026-08-18,5.09,5.99,5.45,11428207,4.92,93,False
TNON,2026-08-20,7.5,8.1899,7.0074,1879660,11.41,287,True
TNXP,2026-08-25,12.56,13.95,13.66,1139488,12.45,320,True
TONX,2026-08-27,3.04,3.4925,3.42,638942,2.98,266,True
TOP,2026-08-21,13.28,14.73,14.13,140028,13.28,93,False
TOP,2026-08-24,14.25,16.345,16.24,165536,14.13,109,True
TOP,2026-08-28,15.58,17.4189,16.73,247325,15.42,123,True
TP,2026-08-31,8.0,12.14,10.25,551485,7.83,190,True
TRBG,2026-09-03,10.79,33.99,11.84,867268,,0,False
TREO,2026-09-02,5.1,5.5999,4.75,705062,5.03,151,True
TSLG,2026-08-21,4.53,4.959,4.86,54495012,4.42,379,True
TSLG,2026-08-31,4.43,4.98,4.97,73215838,4.47,0,False
TSLG,2026-09-03,4.89,5.36,5.16,72808531,4.65,409,True
TSLL,2026-08-21,9.12,9.97,9.77,135073972,8.88,391,True
TSLL,2026-08-31,8.905,10.02,9.97,113739091,8.98,0,False
TSLL,2026-09-03,9.84,10.79,10.38,152030697,9.37,451,True
TSLR,2026-08-21,15.71,17.17,16.85,1825617,15.29,375,True
TSLR,2026-08-31,15.375,17.3,17.21,1905519,15.51,373,True
TSLR,2026-09-03,17.0,18.62,17.91,2430378,16.17,375,True
TSLT,2026-08-21,12.7,13.9,13.65,3516689,12.38,386,True
TSLT,2026-08-31,12.44,13.98,13.9,3674241,12.55,378,True
TSLT,2026-09-03,13.68,15.04,14.48,5411085,13.07,0,False
TTDU,2026-09-02,13.25,14.855,14.79,327113,13.34,141,True
TWI,2026-09-04,7.61,8.33,8.33,871148,7.64,0,False
TYRA,2026-09-04,24.51,29.56,28.65,1864243,24.86,354,True
UAMY,2026-09-02,4.78,5.3265,5.29,9658249,4.68,0,False
UBRL,2026-08-19,15.61,17.42,16.94,202715,15.55,177,True
UEC,2026-08-21,11.54,12.82,12.76,16620687,11.15,391,True
UFI,2026-08-21,7.37,8.15,8.03,271126,7.58,125,True
UGI,2026-08-18,35.43,40.0,38.39,13240188,35.09,0,False
UMAC,2026-08-18,28.59,33.3899,30.58,7052379,30.15,0,False
UMAC,2026-08-27,24.4,26.83,26.3,3064537,23.89,390,True
USAR,2026-08-21,17.62,19.54,19.26,21480315,17.115,391,True
USAX,2026-08-26,13.72,14.959,12.7,213893,13.46,129,True
USDE,2026-08-17,2.88,3.43,3.02,603273,2.93,236,True
USDE,2026-08-20,3.23,4.13,4.0,6979481,3.09,361,True
USDE,2026-08-25,5.47,6.49,6.06,4312567,6.27,368,True
USDE,2026-08-28,7.24,8.4599,6.76,5593577,8.07,378,True
USDE,2026-08-31,6.76,9.25,8.87,10422698,6.76,386,True
USDE,2026-09-01,8.15,9.09,8.36,4910958,8.87,386,True
USGG,2026-08-18,7.41,8.38,7.54,246895,8.2407,178,True
USGG,2026-08-21,6.79,8.21,8.05,634680,6.44,260,True
USGG,2026-08-25,7.32,8.11,8.09,501679,7.22,221,True
USGG,2026-08-26,8.2,9.0,7.64,796628,8.09,216,True
UUUG,2026-08-25,5.04,5.85,5.72,443322,4.98,233,True
UXRP,2026-08-19,9.16,10.085,9.94,248351,8.8064,161,True
VBNK,2026-09-03,18.91,20.64,20.59,424346,19.28,211,True
VCX,2026-08-17,33.53,41.0,41.0,2401603,34.4,0,False
VCX,2026-08-18,37.86,42.95,41.25,1271015,41.0,0,False
VCX,2026-08-24,41.34,46.93,44.62,1244774,42.11,0,False
VHC,2026-09-02,11.38,12.59,11.3,562189,11.28,160,True
VIR,2026-08-25,10.03,11.2846,10.71,2959490,9.91,370,True
VIRT,2026-08-21,60.66,68.68,67.93,3021714,61.19,0,False
VITL,2026-08-24,10.64,12.04,11.08,2278989,10.57,376,True
VOGX,2026-08-19,19.75,25.68,23.16,577170,19.75,151,True
VOGX,2026-08-21,23.9,29.64,29.52,428770,23.65,143,True
VOGX,2026-08-24,29.34,34.9999,30.73,410263,29.52,0,False
VOGX,2026-08-25,31.04,35.5,31.53,136350,30.73,0,False
VOGX,2026-08-26,31.88,35.0,32.88,266570,31.53,0,False
VOR,2026-09-02,22.765,24.88,24.76,818137,22.64,0,False
VRCA,2026-08-27,5.01,5.65,5.07,533720,4.91,161,True
VRCA,2026-08-28,5.12,5.86,5.69,351941,5.07,173,True
VRM,2026-09-03,9.21,10.42,10.18,202206,9.1,65,False
VRM,2026-09-04,10.5,12.0,10.83,549092,10.18,157,True
VRNS,2026-09-02,42.34,48.21,46.76,5690321,42.35,0,False
VRTL,2026-08-26,26.52,29.06,28.7686,71857,27.02,0,False
VSTM,2026-08-17,6.52,7.195,7.18,2279090,6.58,348,True
VYX,2026-08-26,8.03,8.96,8.88,3186072,8.13,380,True
WATR,2026-08-17,3.16,3.75,2.51,973894,3.95,263,True
WBTN,2026-08-24,8.77,9.845,9.59,979963,8.8,314,True
WBTN,2026-08-26,9.45,11.1,10.47,1081613,9.45,278,True
WBTN,2026-08-28,10.04,11.05,10.24,598677,9.96,222,True
WDCX,2026-08-18,21.58,23.81,21.56,1897589,25.44,377,True
WDCX,2026-08-26,17.49,19.08,18.97,1109642,17.56,0,False
WETO,2026-08-19,21.5,24.4999,20.76,980442,33.0,318,True
WETO,2026-08-21,25.09,27.53,26.01,391263,27.525,251,True
WETO,2026-08-24,22.92,31.26,27.59,383683,26.01,200,True
WETO,2026-08-25,27.93,30.9999,28.31,141614,27.59,140,True
WFF,2026-08-19,2.06,2.3095,2.2,1957772,2.22,361,True
WFF,2026-08-20,1.99,2.27,2.2,1137938,2.2,312,True
WIX,2026-09-01,86.44,96.8,88.375,2204909,88.25,0,False
WK,2026-08-19,69.04,76.13,75.71,1218078,70.1,0,False
WLDS,2026-08-25,2.3,2.6,2.5,1732832,2.27,298,True
WLY,2026-09-03,48.84,54.8,50.66,1137525,51.05,0,False
WNC,2026-09-02,12.85,14.26,14.22,1035236,12.77,241,True
WOOF,2026-09-04,2.51,2.7491,2.7,6305118,2.52,0,False
WRBY,2026-08-19,25.97,28.7,28.5,2629764,25.61,385,True
WSHP,2026-08-26,4.8477,7.9467,6.185,13248531,4.69,296,True
WULF,2026-09-03,14.74,16.24,16.23,37154005,14.82,0,False
WULX,2026-08-20,15.53,17.14,17.14,260109,15.19,170,True
WULX,2026-09-03,13.525,16.16,16.16,291557,13.56,191,True
WVVIP,2026-08-28,3.27,3.65,3.65,763139,3.43,154,True
WW,2026-08-25,16.15,17.875,17.65,365249,15.99,209,True
WW,2026-09-03,16.83,18.53,17.71,205673,17.09,230,True
WXET,2026-08-26,23.54,25.7399,25.73,129321,22.78,94,False
WXM,2026-08-19,4.76,5.36,4.5,619139,4.55,121,True
WYHG,2026-08-20,4.37,6.89,5.71,3773715,4.61,250,True
XAIR,2026-08-27,4.94,5.7,5.7,1122989,4.97,50,False
XE,2026-08-31,17.32,19.14,18.45,8318961,17.22,0,False
XGN,2026-08-19,6.7,7.45,7.43,468605,6.59,254,True
XHLD,2026-08-17,5.99,7.7,7.36,1584958,5.88,300,True
XHLD,2026-08-19,6.46,8.3,7.64,779526,6.59,273,True
XHLD,2026-08-25,7.65,8.76,8.51,1306013,7.65,238,True
XHLD,2026-08-27,8.6,9.5499,8.28,6125692,8.55,319,True
XHLD,2026-08-28,8.245,10.4799,9.3,5765336,8.28,316,True
XMTR,2026-08-27,89.4,98.71,96.26,643055,88.08,0,False
XNCR,2026-08-18,22.81,25.53,25.41,1604754,23.12,309,True
XOS,2026-08-20,2.96,4.031,3.72,15010243,2.9,391,True
XOS,2026-08-26,3.49,3.98,3.6,3098963,3.52,309,True
XPOF,2026-08-26,5.29,5.78,5.68,517114,5.24,229,True
XRPT,2026-08-19,20.085,22.14,21.89,336139,19.37,211,True
XTND,2026-09-02,4.86,5.39,4.74,1258359,4.84,0,False
XXI,2026-08-19,4.92,5.595,5.55,1862169,4.84,380,True
XXRP,2026-08-19,18.99,20.85,20.85,659715,18.25,282,True
YALA,2026-08-18,5.2,5.74,5.56,741127,5.34,268,True
YARW,2026-08-24,38.275,41.81,39.5,207353,36.425,0,False
YDES,2026-09-03,3.64,4.05,3.67,672084,3.76,144,True
YEXT,2026-09-02,6.65,7.36,6.55,2235134,6.53,0,False
YJ,2026-08-20,3.85,4.48,3.98,7369435,4.25,361,True
YQ,2026-09-03,2.34,2.79,2.77,2789541,2.28,271,True
YSS,2026-08-17,10.36,11.73,10.66,4386675,10.93,391,True
ZIP,2026-08-24,4.21,4.64,4.54,1659007,4.21,352,True
ZJK,2026-08-24,2.21,2.71,2.55,838803,2.25,202,True
ZKH,2026-08-24,2.6,3.035,3.03,700042,2.9,205,True
ZSL,2026-08-28,20.505,23.47,23.24,11041443,21.33,391,True
ZSTK,2026-08-20,4.17,5.94,5.83,1551357,4.96,318,True
ZSTK,2026-08-21,5.74,6.74,4.71,463975,5.83,222,True
ZSTK,2026-08-24,4.74,5.34,5.06,669350,4.71,224,True
ZSTK,2026-08-25,4.97,6.9,6.47,392309,5.06,220,True
ZURA,2026-08-24,5.85,7.06,6.3,8326437,5.85,363,True
ZYME,2026-08-26,27.56,30.62,29.305,1208652,27.47,350,True
