date,symbol,pnl,filled,veto
2025-03-03,ETHE,0.0,0,pdr
2025-03-03,ETH,0.0,0,pdr
2025-03-03,FETH,0.0,0,pdr
2025-03-04,CAPR,0.0,0,g1
2025-03-04,GENI,0.0,0,pdr
2025-03-04,UVXY,0.0,0,g1
2025-03-05,STLA,0.0,0,pdr
2025-03-05,XNET,0.0,0,catalyst
2025-03-05,MRNY,0.0,0,pdr
2025-03-06,FNGD,0.0,0,pdr
2025-03-06,NVDS,0.0,0,pdr
2025-03-06,TRMD,0.0,0,pdr
2025-03-07,ATYR,0.0,0,pdr
2025-03-07,KOLD,0.0,0,pdr
2025-03-07,HE,0.0,0,pdr
2025-03-10,BTCZ,0.0,0,pdr
2025-03-10,KAZR,0.0,0,catalyst
2025-03-10,SKBL,0.0,0,catalyst
2025-03-11,FVRR,0.0,0,pdr
2025-03-11,CONL,0.0,0,catalyst
2025-03-11,RERE,0.0,0,pdr
2025-03-12,SEI,0.0,0,pdr
2025-03-12,TSLY,0.0,0,pdr
2025-03-12,LUNR,0.0,0,
2025-03-13,GIII,0.0,0,pdr
2025-03-13,SRTA,0.0,0,pdr
2025-03-13,SHLS,0.0,0,pdr
2025-03-14,SMCL,0.0,0,catalyst
2025-03-14,NCMI,0.0,0,pdr
2025-03-14,MSTX,275.8316639999997,1,
2025-03-18,TSLZ,0.0,0,pdr
2025-03-18,DRD,0.0,0,pdr
2025-03-18,ABVX,0.0,0,pdr
2025-03-19,TSLT,0.0,0,pdr
2025-03-19,SPIR,0.0,0,pdr
2025-03-19,BTDR,0.0,0,
2025-03-21,SCHL,0.0,0,pdr
2025-03-21,SOXS,0.0,0,pdr
2025-03-24,ANAB,0.0,0,pdr
2025-03-24,ETH,0.0,0,pdr
2025-03-24,VSTM,0.0,0,pdr
2025-03-25,DJT,0.0,0,pdr
2025-03-26,PRM,0.0,0,pdr
2025-03-26,IMNM,0.0,0,g1
2025-03-26,PLTK,0.0,0,pdr
2025-03-27,HMR,81.50797653592022,1,
2025-03-27,LBRT,0.0,0,pdr
2025-03-27,QNTM,0.0,0,catalyst
2025-03-28,BIYA,0.0,0,catalyst
2025-03-28,HERE,0.0,0,g1
2025-03-28,GFI,0.0,0,pdr
2025-03-31,LABD,0.0,0,pdr
2025-03-31,PLTD,0.0,0,pdr
2025-03-31,EBS,0.0,0,pdr
2025-04-01,ETHT,0.0,0,pdr
2025-04-02,NVDQ,0.0,0,pdr
2025-04-02,WOOF,0.0,0,pdr
2025-04-03,SCO,0.0,0,pdr
2025-04-03,NVDD,0.0,0,pdr
2025-04-03,BTCZ,0.0,0,pdr
2025-04-04,EDZ,0.0,0,pdr
2025-04-04,ERY,0.0,0,pdr
2025-04-04,JDST,0.0,0,g1
2025-04-07,CRSH,0.0,0,pdr
2025-04-07,BITI,0.0,0,pdr
2025-04-07,BTCZ,0.0,0,pdr
2025-04-08,HSAI,0.0,0,g1
2025-04-08,EOSE,0.0,0,g1
2025-04-08,NXE,0.0,0,g1
2025-04-09,YINN,0.0,0,catalyst
2025-04-09,VIVO,0.0,0,
2025-04-09,VVPR,0.0,0,
2025-04-10,NVD,-101.18391759999967,1,
2025-04-10,FIAT,0.0,0,g1
2025-04-10,SCO,0.0,0,g1
2025-04-11,MSTU,375.5280285140008,1,
2025-04-11,BTG,0.0,0,pdr
2025-04-11,GNK,0.0,0,pdr
2025-04-14,ETH,0.0,0,pdr
2025-04-14,CRSR,0.0,0,pdr
2025-04-14,EH,0.0,0,pdr
2025-04-15,ERIC,0.0,0,pdr
2025-04-15,IE,0.0,0,pdr
2025-04-16,HMY,0.0,0,pdr
2025-04-16,NVDD,0.0,0,pdr
2025-04-16,USAR,0.0,0,catalyst
2025-04-17,LBRT,0.0,0,pdr
2025-04-17,BABX,0.0,0,pdr
2025-04-17,CAPR,0.0,0,pdr
2025-04-21,ETHU,0.0,0,pdr
2025-04-21,KOLD,0.0,0,pdr
2025-04-21,EXK,0.0,0,pdr
2025-04-22,BHC,0.0,0,g1
2025-04-22,ROBN,0.0,0,rs
2025-04-22,MSTX,179.17681407999982,1,
2025-04-23,URTY,0.0,0,pdr
2025-04-23,RETL,0.0,0,pdr
2025-04-23,CWH,0.0,0,pdr
2025-04-24,MUU,0.0,0,pdr
2025-04-24,STM,0.0,0,pdr
2025-04-24,PTEN,0.0,0,pdr
2025-04-25,JDST,0.0,0,pdr
2025-04-25,GDXD,0.0,0,pdr
2025-04-25,METU,0.0,0,pdr
2025-04-28,PONY,0.0,0,catalyst
2025-04-28,ADMA,0.0,0,pdr
2025-04-28,TMC,0.0,0,catalyst
2025-04-29,SEI,0.0,0,pdr
2025-04-29,SOFX,0.0,0,pdr
2025-04-29,TMC,0.0,0,
2025-04-30,FNGD,0.0,0,pdr
2025-04-30,TSLQ,0.0,0,pdr
2025-04-30,KC,0.0,0,pdr
2025-05-01,GDS,0.0,0,pdr
2025-05-01,JDST,0.0,0,pdr
2025-05-01,GDXD,0.0,0,pdr
2025-05-02,ASTS,0.0,0,pdr
2025-05-02,GDS,0.0,0,pdr
2025-05-02,MSTU,0.0,0,catalyst
2025-05-05,GFI,0.0,0,pdr
2025-05-05,HMY,0.0,0,pdr
2025-05-05,SBIT,0.0,0,pdr
2025-05-06,UCO,0.0,0,pdr
2025-05-06,PLTD,0.0,0,pdr
2025-05-06,CRMD,0.0,0,pdr
2025-05-07,DNA,0.0,0,pdr
2025-05-07,PRGO,0.0,0,pdr
2025-05-07,SMCZ,0.0,0,
2025-05-08,GDRX,0.0,0,g1
2025-05-08,KVUE,0.0,0,pdr
2025-05-08,VRRM,0.0,0,pdr
2025-05-09,ETHE,0.0,0,pdr
2025-05-09,ETH,0.0,0,pdr
2025-05-09,HNST,0.0,0,g1
2025-05-12,ACH,0.0,0,pdr
2025-05-12,HIMX,0.0,0,pdr
2025-05-12,NWL,0.0,0,pdr
2025-05-13,PERI,0.0,0,pdr
2025-05-13,PBF,0.0,0,pdr
2025-05-13,SOLT,0.0,0,g1
2025-05-14,NVDG,0.0,0,pdr
2025-05-14,VNET,0.0,0,pdr
2025-05-14,SERV,0.0,0,pdr
2025-05-15,CONI,0.0,0,pdr
2025-05-15,BNGO,0.0,0,pdr
2025-05-16,JDST,0.0,0,pdr
2025-05-16,SMCL,0.0,0,catalyst
2025-05-16,AMDL,0.0,0,pdr
2025-05-19,CONI,0.0,0,
2025-05-19,KOLD,0.0,0,pdr
2025-05-19,TSDD,0.0,0,pdr
2025-05-20,SSL,0.0,0,pdr
2025-05-21,FINV,0.0,0,pdr
2025-05-21,XPEV,0.0,0,pdr
2025-05-21,IDN,0.0,0,g1
2025-05-22,ETHE,0.0,0,pdr
2025-05-22,GTX,0.0,0,pdr
2025-05-22,FETH,0.0,0,pdr
2025-05-23,NXE,0.0,0,pdr
2025-05-23,FIP,0.0,0,pdr
2025-05-23,SRTY,0.0,0,pdr
2025-05-27,STLA,0.0,0,pdr
2025-05-27,ETHT,0.0,0,pdr
2025-05-27,SATL,0.0,0,pdr
2025-05-28,ANAB,0.0,0,pdr
2025-05-28,EDBL,328.2965019935993,1,
2025-05-29,NVDX,0.0,0,pdr
2025-05-29,NCNO,0.0,0,pdr
2025-05-29,AGNT,0.0,0,pdr
2025-05-30,U,0.0,0,pdr
2025-06-02,UNG,0.0,0,pdr
2025-06-02,PDYN,0.0,0,g1
2025-06-02,GUSH,0.0,0,pdr
2025-06-03,ALZN,0.0,0,catalyst
2025-06-03,UUUU,0.0,0,pdr
2025-06-03,LI,0.0,0,pdr
2025-06-04,ICL,0.0,0,pdr
2025-06-04,STM,0.0,0,pdr
2025-06-04,YEXT,0.0,0,pdr
2025-06-05,SBSW,0.0,0,pdr
2025-06-05,SXTP,0.0,0,catalyst
2025-06-05,KC,0.0,0,pdr
2025-06-06,SMCL,0.0,0,rs
2025-06-06,SPCE,0.0,0,pdr
2025-06-06,SKYA,0.0,0,catalyst
2025-06-09,EVTL,0.0,0,g1
2025-06-09,CURI,0.0,0,pdr
2025-06-09,CALY,0.0,0,pdr
2025-06-10,QTRX,0.0,0,g1
2025-06-10,HERE,0.0,0,pdr
2025-06-10,ETHE,0.0,0,pdr
2025-06-11,RGTIW,0.0,0,catalyst
2025-06-11,LAES,0.0,0,pdr
2025-06-11,BILI,0.0,0,pdr
2025-06-12,ETHD,0.0,0,pdr
2025-06-12,ARAI,-42.63926399999951,1,
2025-06-12,ZENA,-127.53640901571434,1,
2025-06-13,GLL,0.0,0,pdr
2025-06-13,UMAC,-33.0158736,1,
2025-06-13,SMCZ,0.0,0,pdr
2025-06-16,USAR,0.0,0,
2025-06-16,ARQQ,0.0,0,pdr
2025-06-16,URGN,237.27505000000005,1,
2025-06-17,ETHD,0.0,0,pdr
2025-06-17,BTCZ,0.0,0,pdr
2025-06-17,BEAM,0.0,0,pdr
2025-06-18,TJGC,0.0,0,
2025-06-18,HERE,0.0,0,catalyst
2025-06-20,ZETA,0.0,0,pdr
2025-06-20,SBET,0.0,0,
2025-06-20,CADL,0.0,0,pdr
2025-06-23,ETHD,0.0,0,rs
2025-06-23,ZETA,0.0,0,pdr
2025-06-23,SOC,0.0,0,pdr
2025-06-24,TEMT,0.0,0,catalyst
2025-06-24,DLO,0.0,0,pdr
2025-06-24,BKKT,0.0,0,g1
2025-06-25,KEP,0.0,0,pdr
2025-06-25,SOLT,0.0,0,pdr
2025-06-25,AISP,0.0,0,pdr
2025-06-26,KEP,0.0,0,pdr
2025-06-26,MFI,0.0,0,catalyst
2025-06-26,RDTL,0.0,0,
2025-06-27,JDST,0.0,0,pdr
2025-06-27,DUST,0.0,0,pdr
2025-06-27,GDXD,0.0,0,pdr
2025-06-30,KOLD,0.0,0,pdr
2025-06-30,OKLL,0.0,0,g1
2025-06-30,FCEL,0.0,0,pdr
2025-07-01,TSLS,0.0,0,pdr
2025-07-02,MSTU,0.0,0,g1
2025-07-02,DQ,0.0,0,pdr
2025-07-03,RNW,0.0,0,pdr
2025-07-03,HELP,0.0,0,g1
2025-07-03,PRME,0.0,0,catalyst
2025-07-07,TSLS,0.0,0,pdr
2025-07-07,DAIC,0.0,0,catalyst
2025-07-07,TSDD,0.0,0,pdr
2025-07-08,CC,0.0,0,pdr
2025-07-08,DQ,0.0,0,pdr
2025-07-08,EYE,0.0,0,pdr
2025-07-09,BE,0.0,0,pdr
2025-07-09,BAK,0.0,0,pdr
2025-07-09,DFDV,0.0,0,
2025-07-10,ZTO,0.0,0,pdr
2025-07-10,TMC,0.0,0,pdr
2025-07-10,AMDL,0.0,0,pdr
2025-07-11,TETH,0.0,0,pdr
2025-07-11,ETHW,0.0,0,pdr
2025-07-11,ETHE,0.0,0,pdr
2025-07-14,PROK,0.0,0,
2025-07-14,XRPT,0.0,0,rs
2025-07-14,NB,0.0,0,rs
2025-07-15,ALM,0.0,0,g1
2025-07-15,BTCS,0.0,0,catalyst
2025-07-15,VNET,0.0,0,pdr
2025-07-16,RGC,0.0,0,pdr
2025-07-16,STLN,0.0,0,pdr
2025-07-16,TOI,0.0,0,pdr
2025-07-17,CARS,0.0,0,pdr
2025-07-17,SHOO,0.0,0,pdr
2025-07-18,XRPI,0.0,0,pdr
2025-07-18,VSAT,0.0,0,pdr
2025-07-18,KC,0.0,0,pdr
2025-07-21,SPCE,0.0,0,g1
2025-07-21,TETH,0.0,0,pdr
2025-07-21,KOLD,0.0,0,pdr
2025-07-22,ABVX,0.0,0,pdr
2025-07-22,DYNC,0.0,0,g1
2025-07-22,ETHM,0.0,0,g1
2025-07-23,STOK,0.0,0,pdr
2025-07-23,NVOX,0.0,0,pdr
2025-07-23,KOLD,0.0,0,pdr
2025-07-24,MNSO,0.0,0,pdr
2025-07-24,TSLS,0.0,0,pdr
2025-07-24,TSDD,0.0,0,pdr
2025-07-25,VCYT,0.0,0,pdr
2025-07-25,UDMY,0.0,0,pdr
2025-07-25,ALMS,0.0,0,pdr
2025-07-28,PD,0.0,0,g1
2025-07-28,ETHW,0.0,0,pdr
2025-07-28,ETHA,0.0,0,pdr
2025-07-29,PHG,0.0,0,pdr
2025-07-29,ABSI,0.0,0,pdr
2025-07-29,ALKS,0.0,0,pdr
2025-07-30,RCKT,0.0,0,pdr
2025-07-30,QURE,0.0,0,g1
2025-07-30,OSW,0.0,0,pdr
2025-07-31,APLS,0.0,0,pdr
2025-07-31,YMAT,0.0,0,g1
2025-07-31,BBVA,0.0,0,pdr
2025-08-01,BERZ,0.0,0,pdr
2025-08-01,COHU,0.0,0,pdr
2025-08-01,NVST,0.0,0,pdr
2025-08-04,AMPX,0.0,0,pdr
2025-08-04,UIS,0.0,0,pdr
2025-08-04,UNIT,0.0,0,pdr
2025-08-05,MWA,0.0,0,pdr
2025-08-05,GLDD,0.0,0,pdr
2025-08-05,DAN,0.0,0,pdr
2025-08-06,ATEN,0.0,0,pdr
2025-08-06,MYGN,0.0,0,pdr
2025-08-06,ANGI,0.0,0,pdr
2025-08-07,HP,0.0,0,pdr
2025-08-07,CXW,0.0,0,pdr
2025-08-07,ELAN,0.0,0,pdr
2025-08-08,PCT,0.0,0,pdr
2025-08-08,ABX,0.0,0,pdr
2025-08-08,ACH,0.0,0,pdr
2025-08-11,UAMY,0.0,0,pdr
2025-08-11,KYIV,0.0,0,pdr
2025-08-11,ZIM,0.0,0,pdr
2025-08-12,NCNA,0.0,0,rs
2025-08-12,SBS,0.0,0,pdr
2025-08-12,CWAN,0.0,0,pdr
2025-08-13,LITS,0.0,0,pdr
2025-08-13,TIGR,0.0,0,pdr
2025-08-13,SOLT,0.0,0,rs
2025-08-14,SBIT,0.0,0,pdr
2025-08-14,ETHD,0.0,0,pdr
2025-08-15,KURA,0.0,0,pdr
2025-08-15,MUFG,0.0,0,pdr
2025-08-15,MSOX,0.0,0,
2025-08-18,SY,0.0,0,rs
2025-08-18,YEXT,0.0,0,pdr
2025-08-18,WBTN,0.0,0,pdr
2025-08-19,SSYS,0.0,0,pdr
2025-08-19,PALU,0.0,0,pdr
2025-08-20,ALM,0.0,0,g1
2025-08-20,SOLT,0.0,0,pdr
2025-08-21,AEG,0.0,0,pdr
2025-08-21,BLND,0.0,0,pdr
2025-08-21,NCNA,157.91378444799994,1,
2025-08-22,MNSO,0.0,0,pdr
2025-08-22,HERE,0.0,0,g1
2025-08-22,LPTH,0.0,0,g1
2025-08-25,NTLA,0.0,0,pdr
2025-08-25,DYN,0.0,0,pdr
2025-08-25,BTCZ,0.0,0,g1
2025-08-26,MNKD,0.0,0,pdr
2025-08-26,GOOS,0.0,0,pdr
2025-08-26,AAOI,0.0,0,pdr
2025-08-27,YANG,0.0,0,pdr
2025-08-27,GOOS,0.0,0,pdr
2025-08-27,CRWG,0.0,0,pdr
2025-08-28,DPRO,0.0,0,pdr
2025-08-28,UPXI,0.0,0,
2025-08-28,TONX,0.0,0,catalyst
2025-08-29,CNTN,0.0,0,catalyst
2025-08-29,SMCZ,0.0,0,pdr
2025-08-29,AMPG,0.0,0,g1
2025-09-02,IONZ,0.0,0,pdr
2025-09-02,PMI,0.0,0,g1
2025-09-02,PLTZ,0.0,0,pdr
2025-09-03,HIMZ,0.0,0,pdr
2025-09-03,SBSW,0.0,0,pdr
2025-09-03,QVCGA,0.0,0,
2025-09-04,YDKG,0.0,0,catalyst
2025-09-04,NEXT,0.0,0,pdr
2025-09-05,NAKA,0.0,0,catalyst
2025-09-05,SOLT,0.0,0,pdr
2025-09-05,RERE,0.0,0,pdr
2025-09-08,XRPT,0.0,0,pdr
2025-09-08,SOLT,0.0,0,pdr
2025-09-08,SBSW,0.0,0,pdr
2025-09-09,OPAD,0.0,0,
2025-09-09,TGEN,0.0,0,g1
2025-09-09,CRWU,-11.53323779999985,1,
2025-09-10,KURA,0.0,0,pdr
2025-09-10,CORZW,0.0,0,pdr
2025-09-10,CORZ,0.0,0,pdr
2025-09-11,VNET,0.0,0,pdr
2025-09-11,OPAD,64.01571864733417,1,
2025-09-11,PACS,0.0,0,pdr
2025-09-12,ZONE,-27.91848000000021,1,
2025-09-12,CNTN,0.0,0,pdr
2025-09-12,BGSF,0.0,0,pdr
2025-09-15,TSL,0.0,0,pdr
2025-09-15,ETHD,0.0,0,pdr
2025-09-15,CCUP,-26.422377279999605,1,
2025-09-16,HERE,0.0,0,
2025-09-16,NVOX,0.0,0,pdr
2025-09-16,BORR,0.0,0,pdr
2025-09-17,KC,0.0,0,pdr
2025-09-17,VTEX,0.0,0,pdr
2025-09-17,LPTH,0.0,0,
2025-09-18,MVLL,0.0,0,pdr
2025-09-18,SLDE,0.0,0,g1
2025-09-18,CYRX,0.0,0,pdr
2025-09-19,SMU,0.0,0,catalyst
2025-09-19,NTSK,0.0,0,g1
2025-09-22,IONZ,0.0,0,catalyst
2025-09-22,ANGX,-124.7812000000004,1,
2025-09-22,CEPU,0.0,0,pdr
2025-09-23,IMRX,0.0,0,
2025-09-23,KVUE,0.0,0,pdr
2025-09-23,BKKT,0.0,0,catalyst
2025-09-24,BBAR,0.0,0,pdr
2025-09-24,CRCA,-104.53622666666642,1,
2025-09-24,SUPV,0.0,0,pdr
2025-09-25,SOXS,0.0,0,pdr
2025-09-25,BOIL,0.0,0,pdr
2025-09-25,IONZ,0.0,0,catalyst
2025-09-26,MBC,0.0,0,pdr
2025-09-26,LPTH,0.0,0,pdr
2025-09-26,HYPD,0.0,0,catalyst
2025-09-29,SOLT,0.0,0,pdr
2025-09-29,KDK,0.0,0,g1
2025-09-29,HITI,0.0,0,pdr
2025-09-30,TONX,0.0,0,pdr
2025-09-30,CRWG,0.0,0,pdr
2025-09-30,ZURA,868.0533074173466,1,
2025-10-01,MSTX,0.0,0,pdr
2025-10-01,BBNX,0.0,0,pdr
2025-10-01,XRPT,0.0,0,pdr
2025-10-02,POET,0.0,0,pdr
2025-10-02,MSTX,0.0,0,pdr
2025-10-02,CCUP,555.7370314343206,1,
2025-10-03,QMCO,0.0,0,pdr
2025-10-03,BTQ,-14.534010186666675,1,
2025-10-03,KULR,0.0,0,g1
2025-10-06,SRFM,0.0,0,pdr
2025-10-06,NTLA,0.0,0,pdr
2025-10-06,CIFR,0.0,0,pdr
2025-10-07,SLI,0.0,0,pdr
2025-10-07,JHX,0.0,0,pdr
2025-10-07,ALM,0.0,0,g1
2025-10-08,GMEX,0.0,0,catalyst
2025-10-08,HIT,0.0,0,pdr
2025-10-08,NMG,0.0,0,pdr
2025-10-09,INFQ,0.0,0,g1
2025-10-09,OMEX,0.0,0,pdr
2025-10-09,TE,0.0,0,pdr
2025-10-10,SLI,0.0,0,pdr
2025-10-10,CATX,0.0,0,pdr
2025-10-10,MVLL,0.0,0,pdr
2025-10-13,HBM,0.0,0,pdr
2025-10-13,ERO,0.0,0,pdr
2025-10-13,DPRO,0.0,0,catalyst
2025-10-14,SETH,0.0,0,pdr
2025-10-14,UVXY,0.0,0,pdr
2025-10-14,UVIX,0.0,0,pdr
2025-10-15,SMCL,0.0,0,pdr
2025-10-15,NVDX,0.0,0,pdr
2025-10-15,ARMG,0.0,0,
2025-10-16,ARCX,0.0,0,catalyst
2025-10-16,RGTZ,546.4235567980004,1,
2025-10-16,MUX,0.0,0,pdr
2025-10-17,OLOX,0.0,0,pdr
2025-10-17,DUST,0.0,0,pdr
2025-10-17,JDST,0.0,0,pdr
2025-10-20,HYMC,0.0,0,g1
2025-10-20,SOLZ,0.0,0,pdr
2025-10-20,MSTX,0.0,0,pdr
2025-10-21,IMSRW,0.0,0,rs
2025-10-21,TSLQ,0.0,0,pdr
2025-10-21,ZSL,0.0,0,pdr
2025-10-22,MSTZ,0.0,0,pdr
2025-10-22,BCS,0.0,0,pdr
2025-10-22,BTCZ,0.0,0,pdr
2025-10-23,AVTX,0.0,0,g1
2025-10-23,SM,0.0,0,pdr
2025-10-23,IRE,0.0,0,g1
2025-10-24,MNTN,0.0,0,pdr
2025-10-24,AXG,0.0,0,pdr
2025-10-24,FLNC,0.0,0,pdr
2025-10-27,QUBX,0.0,0,catalyst
2025-10-27,HIMZ,0.0,0,pdr
2025-10-27,XXRP,0.0,0,pdr
2025-10-28,FRMM,0.0,0,catalyst
2025-10-28,NEUP,33.55503699600044,1,
2025-10-28,UPWK,0.0,0,pdr
2025-10-29,SOLT,0.0,0,pdr
2025-10-29,SMCL,0.0,0,pdr
2025-10-29,NVDG,0.0,0,pdr
2025-10-30,QBTZ,0.0,0,catalyst
2025-10-30,ING,0.0,0,pdr
2025-10-30,RGTZ,0.0,0,catalyst
2025-10-31,ASPN,0.0,0,pdr
2025-10-31,LABX,0.0,0,pdr
2025-10-31,MRAL,0.0,0,pdr
2025-11-03,FRMI,0.0,0,catalyst
2025-11-03,CHAC,0.0,0,pdr
2025-11-03,XNDU,0.0,0,pdr
2025-11-04,BTCZ,0.0,0,pdr
2025-11-04,DEC,0.0,0,pdr
2025-11-04,MSTZ,0.0,0,pdr
2025-11-05,ZETA,0.0,0,pdr
2025-11-05,HIMZ,0.0,0,catalyst
2025-11-05,KW,0.0,0,pdr
2025-11-06,GPRK,0.0,0,pdr
2025-11-06,BW,-74.93836046514248,1,
2025-11-06,XPEV,0.0,0,pdr
2025-11-07,NWS,0.0,0,pdr
2025-11-07,UVIX,0.0,0,pdr
2025-11-07,ALVO,0.0,0,pdr
2025-11-10,MVLL,0.0,0,g1
2025-11-10,BLZE,0.0,0,pdr
2025-11-10,FNKO,0.0,0,g1
2025-11-11,SIBN,0.0,0,pdr
2025-11-11,ZENA,0.0,0,pdr
2025-11-11,CYCU,0.0,0,pdr
2025-11-12,VZLA,0.0,0,pdr
2025-11-12,BMNU,0.0,0,pdr
2025-11-12,AMDL,0.0,0,g1
2025-11-13,XRPT,0.0,0,catalyst
2025-11-13,XXRP,0.0,0,catalyst
2025-11-13,ENGN,0.0,0,rs
2025-11-14,SSG,0.0,0,pdr
2025-11-14,CTKB,0.0,0,pdr
2025-11-14,POAS,0.0,0,g1
2025-11-17,SMCZ,0.0,0,catalyst
2025-11-17,WPP,0.0,0,pdr
2025-11-17,DGNX,324.34562360000064,1,
2025-11-18,VNDA,0.0,0,pdr
2025-11-18,SOLZ,0.0,0,g1
2025-11-18,SSK,0.0,0,pdr
2025-11-19,ETHD,0.0,0,pdr
2025-11-19,SCO,0.0,0,pdr
2025-11-19,SBSW,0.0,0,pdr
2025-11-20,UXRP,0.0,0,rs
2025-11-20,SMCX,0.0,0,pdr
2025-11-20,AEHR,0.0,0,pdr
2025-11-21,ASTX,0.0,0,catalyst
2025-11-21,QDEL,0.0,0,pdr
2025-11-21,GAP,0.0,0,pdr
2025-11-24,PONY,0.0,0,pdr
2025-11-24,MRAL,0.0,0,catalyst
2025-11-24,MXL,0.0,0,pdr
2025-11-25,SMCZ,0.0,0,pdr
2025-11-25,RGTZ,0.0,0,catalyst
2025-11-25,BMNZ,0.0,0,catalyst
2025-11-26,HLF,0.0,0,pdr
2025-11-26,BMNG,-122.81668695999966,1,
2025-11-26,FLNC,0.0,0,g1
2025-11-28,MSTX,0.0,0,catalyst
2025-11-28,MARA,0.0,0,pdr
2025-11-28,CRSR,0.0,0,pdr
2025-12-01,BERZ,0.0,0,pdr
2025-12-01,OLOX,0.0,0,catalyst
2025-12-01,BTCZ,0.0,0,pdr
2025-12-02,CONL,0.0,0,pdr
2025-12-02,BMNU,-114.2797793866668,1,
2025-12-02,CRCA,-87.50224966666609,1,
2025-12-03,XXI,0.0,0,catalyst
2025-12-03,TARA,0.0,0,pdr
2025-12-03,GENI,0.0,0,pdr
2025-12-04,HRL,0.0,0,pdr
2025-12-04,ANGX,0.0,0,pdr
2025-12-04,GNPX,0.0,0,rs
2025-12-05,XXI,0.0,0,catalyst
2025-12-05,OKLS,0.0,0,catalyst
2025-12-05,LGHL,-148.7970799999996,1,
2025-12-08,MRAL,0.0,0,pdr
2025-12-08,PRME,0.0,0,pdr
2025-12-08,HE,0.0,0,pdr
2025-12-09,STAA,0.0,0,pdr
2025-12-09,PLTZ,0.0,0,pdr
2025-12-09,TROX,0.0,0,pdr
2025-12-10,MVLL,0.0,0,pdr
2025-12-10,CMPS,0.0,0,pdr
2025-12-10,ABSI,0.0,0,pdr
2025-12-11,MICC,0.0,0,pdr
2025-12-11,GLXG,0.0,0,pdr
2025-12-11,BTCZ,0.0,0,pdr
2025-12-12,ACIU,0.0,0,g1
2025-12-12,WHLR,0.0,0,catalyst
2025-12-12,MITK,0.0,0,pdr
2025-12-15,ACIU,0.0,0,g1
2025-12-15,NEWP,0.0,0,pdr
2025-12-15,AIRJ,0.0,0,pdr
2025-12-16,CCUP,267.29847520000044,1,
2025-12-16,SOLT,0.0,0,rs
2025-12-16,CRCA,283.23920320000065,1,
2025-12-17,ULCC,0.0,0,g1
2025-12-17,TWO,0.0,0,pdr
2025-12-17,GOGO,0.0,0,pdr
2025-12-18,BEX,0.0,0,catalyst
2025-12-18,SMU,0.0,0,
2025-12-18,RDW,0.0,0,pdr
2025-12-19,XPEV,0.0,0,pdr
2025-12-19,BMNU,161.00073200000094,1,
2025-12-19,BITU,0.0,0,g1
2025-12-22,NEWP,0.0,0,pdr
2025-12-22,CWAN,0.0,0,pdr
2025-12-22,NGD,0.0,0,pdr
2025-12-23,BMNZ,0.0,0,rs
2025-12-23,ZIM,0.0,0,pdr
2025-12-24,BMNZ,0.0,0,pdr
2025-12-24,ZLAB,0.0,0,pdr
2025-12-24,FJET,0.0,0,g1
2025-12-26,BOIL,0.0,0,pdr
2025-12-26,PLTM,0.0,0,pdr
2025-12-29,GLL,0.0,0,pdr
2025-12-29,YANG,0.0,0,pdr
2025-12-29,SUPX,0.0,0,
2025-12-30,SBSW,0.0,0,pdr
2025-12-30,PLTM,0.0,0,pdr
2025-12-30,BOIL,0.0,0,pdr
2025-12-31,OSS,0.0,0,pdr
2025-12-31,WULF,0.0,0,pdr
2025-12-31,ANGH,0.0,0,pdr
2026-01-02,SOLT,0.0,0,pdr
2026-01-02,NVTS,0.0,0,pdr
2026-01-02,GRRR,0.0,0,pdr
2026-01-05,PLTM,0.0,0,pdr
2026-01-05,XRP,0.0,0,pdr
2026-01-05,SBSW,0.0,0,pdr
2026-01-06,MBLY,0.0,0,pdr
2026-01-06,GNLX,0.0,0,g1
2026-01-06,TRN,0.0,0,pdr
2026-01-07,FRO,0.0,0,pdr
2026-01-07,BEX,0.0,0,catalyst
2026-01-07,GDXD,0.0,0,pdr
2026-01-08,HUYA,0.0,0,pdr
2026-01-08,GDXD,0.0,0,pdr
2026-01-08,DUST,0.0,0,pdr
2026-01-09,NVOX,0.0,0,pdr
2026-01-09,NVA,0.0,0,pdr
2026-01-09,OSCR,0.0,0,pdr
2026-01-12,PSLV,0.0,0,pdr
2026-01-12,KC,0.0,0,pdr
2026-01-12,LFMD,0.0,0,pdr
2026-01-13,BGDE,0.0,0,g1
2026-01-13,MIGI,0.0,0,g1
2026-01-13,DFNS,0.0,0,pdr
2026-01-14,ADNT,0.0,0,pdr
2026-01-14,BMNG,0.0,0,pdr
2026-01-14,BMNU,0.0,0,pdr
2026-01-15,ARMG,0.0,0,pdr
2026-01-15,LABX,0.0,0,pdr
2026-01-15,AEHR,0.0,0,g1
2026-01-16,RIOT,0.0,0,pdr
2026-01-16,RIOX,0.0,0,pdr
2026-01-16,NVOX,0.0,0,pdr
2026-01-20,BMNZ,0.0,0,catalyst
2026-01-20,SKM,0.0,0,pdr
2026-01-20,PLTM,0.0,0,pdr
2026-01-21,SGHC,0.0,0,pdr
2026-01-21,KEP,0.0,0,pdr
2026-01-21,IMSR,0.0,0,pdr
2026-01-22,VELO,0.0,0,
2026-01-22,RGTU,-32.90490499999983,1,
2026-01-22,OPRT,0.0,0,pdr
2026-01-23,SPIR,0.0,0,pdr
2026-01-23,UNG,0.0,0,pdr
2026-01-23,BOIL,0.0,0,
2026-01-26,MICC,0.0,0,pdr
2026-01-26,NBIG,-131.22809794630305,1,
2026-01-26,KC,0.0,0,pdr
2026-01-27,QBTX,0.0,0,catalyst
2026-01-27,CRWU,-59.305539999999006,1,
2026-01-27,KOLD,0.0,0,catalyst
2026-01-28,LZ,0.0,0,pdr
2026-01-28,KRRO,0.0,0,g1
2026-01-28,EXTR,0.0,0,pdr
2026-01-29,TAL,0.0,0,pdr
2026-01-29,MSFD,0.0,0,pdr
2026-01-29,BMNZ,0.0,0,pdr
2026-01-30,GMEU,0.0,0,pdr
2026-01-30,YANG,0.0,0,pdr
2026-01-30,GLL,0.0,0,g1
2026-02-02,DPRO,0.0,0,g1
2026-02-02,BITI,0.0,0,pdr
2026-02-02,OPRA,0.0,0,pdr
2026-02-03,TII,0.0,0,catalyst
2026-02-03,POET,0.0,0,pdr
2026-02-03,SGML,0.0,0,pdr
2026-02-04,PSLV,0.0,0,pdr
2026-02-04,IREZ,0.0,0,catalyst
2026-02-04,SMCY,0.0,0,pdr
2026-02-05,DUST,0.0,0,rs
2026-02-05,GDXD,0.0,0,catalyst
2026-02-05,QBTZ,0.0,0,catalyst
2026-02-06,DPRO,0.0,0,pdr
2026-02-06,HOOX,0.0,0,g1
2026-02-06,QUBT,0.0,0,g1
2026-02-09,FEED,0.0,0,catalyst
2026-02-09,BOBS,0.0,0,g1
2026-02-09,MSTZ,0.0,0,catalyst
2026-02-10,INFQ,0.0,0,g1
2026-02-10,YEXT,0.0,0,pdr
2026-02-10,GCMG,0.0,0,pdr
2026-02-11,INFQ,0.0,0,rs
2026-02-11,BETA,0.0,0,pdr
2026-02-11,SUZ,0.0,0,pdr
2026-02-12,RWT,0.0,0,pdr
2026-02-12,BOIL,0.0,0,pdr
2026-02-12,MH,0.0,0,pdr
2026-02-13,MSTU,-117.90907899999983,1,
2026-02-13,BKKT,0.0,0,pdr
2026-02-13,MST,-100.1521313333335,1,
2026-02-17,KW,0.0,0,pdr
2026-02-17,GBTG,0.0,0,pdr
2026-02-17,KOLD,0.0,0,pdr
2026-02-18,UCO,0.0,0,pdr
2026-02-18,MCW,0.0,0,pdr
2026-02-18,JFB,0.0,0,catalyst
2026-02-19,XRAY,0.0,0,pdr
2026-02-19,SSL,0.0,0,pdr
2026-02-19,JFB,0.0,0,
2026-02-20,YANG,0.0,0,pdr
2026-02-20,CORD,0.0,0,pdr
2026-02-20,RMNI,0.0,0,pdr
2026-02-23,VRE,0.0,0,pdr
2026-02-23,BMNZ,0.0,0,pdr
2026-02-23,VNDA,0.0,0,pdr
2026-02-24,BNAI,743.3404914580007,1,
2026-02-24,DUST,0.0,0,pdr
2026-02-24,SPAI,0.0,0,
2026-02-25,SHLS,0.0,0,
2026-02-25,LUMN,0.0,0,pdr
2026-02-25,MST,181.33917346666715,1,
2026-02-26,YANG,0.0,0,pdr
2026-02-26,PENN,0.0,0,pdr
2026-02-26,STLA,0.0,0,pdr
2026-02-27,BMNZ,0.0,0,rs
2026-02-27,VIXY,0.0,0,pdr
2026-02-27,CRCD,0.0,0,catalyst
2026-03-02,ASTH,0.0,0,pdr
2026-03-02,BOIL,0.0,0,pdr
2026-03-02,ICL,0.0,0,pdr
2026-03-03,GDXD,0.0,0,catalyst
2026-03-03,TOPS,0.0,0,g1
2026-03-03,CORD,0.0,0,catalyst
2026-03-04,HODL,0.0,0,pdr
2026-03-04,ETHU,0.0,0,pdr
2026-03-04,ARKB,0.0,0,pdr
2026-03-05,IREZ,0.0,0,catalyst
2026-03-05,DUOG,0.0,0,catalyst
2026-03-05,CORD,0.0,0,catalyst
2026-03-06,BMNZ,0.0,0,catalyst
2026-03-06,BOIL,0.0,0,pdr
2026-03-06,SWBI,0.0,0,pdr
2026-03-09,TALK,0.0,0,pdr
2026-03-09,ICL,0.0,0,pdr
2026-03-09,AMPY,0.0,0,pdr
2026-03-10,KPTI,0.0,0,pdr
2026-03-10,ARVN,0.0,0,pdr
2026-03-10,MYGN,0.0,0,pdr
2026-03-11,ORCU,0.0,0,pdr
2026-03-11,SSP,0.0,0,pdr
2026-03-11,ORCX,0.0,0,pdr
2026-03-12,UVIX,0.0,0,pdr
2026-03-12,IREZ,0.0,0,catalyst
2026-03-12,AGH,0.0,0,g1
2026-03-13,XXRP,0.0,0,pdr
2026-03-13,INMD,0.0,0,pdr
2026-03-13,SOLZ,0.0,0,pdr
2026-03-16,DFDV,0.0,0,pdr
2026-03-16,UPST,0.0,0,pdr
2026-03-16,HOOG,0.0,0,catalyst
2026-03-17,NBIZ,0.0,0,catalyst
2026-03-17,TNDM,0.0,0,pdr
2026-03-17,GDOT,0.0,0,pdr
2026-03-18,GLL,0.0,0,pdr
2026-03-18,UVIX,0.0,0,pdr
2026-03-18,BMNZ,0.0,0,pdr
2026-03-19,CCRN,0.0,0,pdr
2026-03-19,IREZ,0.0,0,pdr
2026-03-19,CRCD,0.0,0,catalyst
2026-03-20,NSP,0.0,0,pdr
2026-03-20,ANNA,1883.048340673333,1,
2026-03-23,TDUP,0.0,0,pdr
2026-03-23,NCLH,0.0,0,pdr
2026-03-23,CABA,0.0,0,pdr
2026-03-24,VWAV,0.0,0,g1
2026-03-24,VG,0.0,0,pdr
2026-03-24,SFD,0.0,0,pdr
2026-03-25,LODE,0.0,0,pdr
2026-03-25,ARMG,0.0,0,pdr
2026-03-25,SHNY,0.0,0,pdr
2026-03-26,ZSL,0.0,0,pdr
2026-03-26,BMNZ,0.0,0,rs
2026-03-26,ASTN,0.0,0,catalyst
2026-03-27,SGML,0.0,0,pdr
2026-03-27,BTCZ,0.0,0,pdr
2026-03-27,BOIL,0.0,0,pdr
2026-03-30,ETHU,0.0,0,pdr
2026-03-30,WRD,0.0,0,pdr
2026-03-30,TSSI,0.0,0,pdr
2026-03-31,IAG,0.0,0,pdr
2026-03-31,IREX,-123.5194999999996,1,
2026-03-31,GO,0.0,0,pdr
2026-04-01,ZLAB,0.0,0,pdr
2026-04-01,PDYN,0.0,0,pdr
2026-04-01,BAK,0.0,0,pdr
2026-04-02,SOC,0.0,0,g1
2026-04-02,BTCZ,0.0,0,pdr
2026-04-02,NEXT,0.0,0,pdr
2026-04-06,MSTU,0.0,0,pdr
2026-04-06,FLZH,0.0,0,
2026-04-06,UGRO,0.0,0,
2026-04-07,SSL,0.0,0,pdr
2026-04-07,ALHC,0.0,0,pdr
2026-04-08,DCH,0.0,0,pdr
2026-04-08,ARRY,0.0,0,pdr
2026-04-08,XRAY,0.0,0,pdr
2026-04-09,ALOY,0.0,0,
2026-04-09,STAA,0.0,0,pdr
2026-04-09,BB,0.0,0,pdr
2026-04-10,SPIR,0.0,0,pdr
2026-04-10,FLZH,0.0,0,catalyst
2026-04-10,UGRO,-16.27717119999903,1,
2026-04-13,ZSL,0.0,0,pdr
2026-04-13,BTCZ,0.0,0,pdr
2026-04-13,USOY,0.0,0,pdr
2026-04-14,KC,0.0,0,pdr
2026-04-14,ETHU,0.0,0,pdr
2026-04-14,XNDU,0.0,0,catalyst
2026-04-15,XNDU,0.0,0,
2026-04-15,ALMU,0.0,0,catalyst
2026-04-15,SMR,0.0,0,g1
2026-04-16,ROLR,497.9156127733337,1,
2026-04-16,HMY,0.0,0,pdr
2026-04-16,ORCU,0.0,0,pdr
2026-04-17,HOOG,-71.02934471285717,1,
2026-04-17,OKLL,0.0,0,catalyst
2026-04-17,CRVS,0.0,0,pdr
2026-04-20,ANNA,0.0,0,catalyst
2026-04-20,BATL,0.0,0,pdr
2026-04-20,BTCZ,0.0,0,pdr
2026-04-21,LZM,0.0,0,catalyst
2026-04-21,ALMU,0.0,0,pdr
2026-04-21,EFOI,-117.71174701000038,1,
2026-04-22,OKLL,0.0,0,catalyst
2026-04-22,CRWG,0.0,0,catalyst
2026-04-22,MSTW,0.0,0,pdr
2026-04-23,BMNZ,0.0,0,pdr
2026-04-23,RDY,0.0,0,pdr
2026-04-23,CRCD,0.0,0,catalyst
2026-04-24,ATOM,0.0,0,g1
2026-04-24,SMCX,0.0,0,rs
2026-04-24,INDI,0.0,0,pdr
2026-04-27,LION,0.0,0,pdr
2026-04-27,BOIL,0.0,0,pdr
2026-04-27,EFOR,0.0,0,pdr
2026-04-28,TECS,0.0,0,pdr
2026-04-28,RKLZ,0.0,0,
2026-04-28,CTOS,0.0,0,pdr
2026-04-29,AGIO,0.0,0,pdr
2026-04-29,KALV,0.0,0,pdr
2026-04-29,CRWU,0.0,0,catalyst
2026-04-30,NVA,0.0,0,pdr
2026-04-30,QURE,0.0,0,pdr
2026-04-30,EXK,0.0,0,pdr
2026-05-01,ORCU,0.0,0,pdr
2026-05-01,BITX,0.0,0,pdr
2026-05-01,NVOX,0.0,0,pdr
2026-05-04,CONL,0.0,0,pdr
2026-05-04,INSG,0.0,0,g1
2026-05-04,CRML,0.0,0,pdr
2026-05-05,ERO,0.0,0,pdr
2026-05-05,ABEV,0.0,0,pdr
2026-05-05,ALMU,0.0,0,catalyst
2026-05-06,GLWG,0.0,0,g1
2026-05-06,CDE,0.0,0,pdr
2026-05-06,USAS,0.0,0,pdr
2026-05-07,NOWL,0.0,0,pdr
2026-05-07,OKLS,0.0,0,catalyst
2026-05-07,CORD,0.0,0,
2026-05-08,DBX,0.0,0,pdr
2026-05-08,PAYP,0.0,0,g1
2026-05-08,GLWG,0.0,0,pdr
2026-05-11,APT,0.0,0,catalyst
2026-05-11,MLTX,0.0,0,pdr
2026-05-11,SONY,0.0,0,pdr
2026-05-12,ATEC,0.0,0,pdr
2026-05-12,VG,0.0,0,pdr
2026-05-12,MGNX,0.0,0,pdr
2026-05-13,LPL,0.0,0,pdr
2026-05-13,ARRY,0.0,0,pdr
2026-05-13,BRUN,0.0,0,g1
2026-05-14,ACVA,0.0,0,pdr
2026-05-14,YANG,0.0,0,pdr
2026-05-14,ZSL,0.0,0,pdr
2026-05-15,OKLS,0.0,0,pdr
2026-05-15,NVD,0.0,0,pdr
2026-05-15,QBTZ,0.0,0,catalyst
2026-05-18,YSS,-132.8992012198807,1,
2026-05-18,FRMM,0.0,0,rs
2026-05-18,CBRG,0.0,0,g1
2026-05-19,LMRI,0.0,0,g1
2026-05-19,WAY,0.0,0,pdr
2026-05-19,CORD,0.0,0,catalyst
2026-05-20,ARCO,0.0,0,pdr
2026-05-20,QUIK,0.0,0,pdr
2026-05-20,GLWG,0.0,0,catalyst
2026-05-21,BTQ,0.0,0,pdr
2026-05-21,QUBX,0.0,0,pdr
2026-05-21,YANG,0.0,0,pdr
2026-05-22,FLO,0.0,0,pdr
2026-05-22,MGNX,0.0,0,pdr
2026-05-22,SMWB,0.0,0,pdr
2026-05-26,GILT,0.0,0,pdr
2026-05-26,PURR,0.0,0,g1
2026-05-26,IHRT,0.0,0,g1
2026-05-27,ZSL,0.0,0,pdr
2026-05-27,HIMZ,0.0,0,catalyst
2026-05-28,TDOC,0.0,0,pdr
2026-05-28,BOIL,0.0,0,pdr
2026-05-28,HRL,0.0,0,pdr
2026-05-29,ASTN,0.0,0,catalyst
2026-05-29,SMCY,0.0,0,g1
2026-05-29,HPQ,0.0,0,pdr
2026-06-01,CRCD,0.0,0,
2026-06-01,ATPC,0.0,0,catalyst
2026-06-01,CURI,0.0,0,pdr
2026-06-02,MSTZ,0.0,0,pdr
2026-06-02,PLTZ,0.0,0,pdr
2026-06-02,LI,0.0,0,pdr
2026-06-03,AVAH,0.0,0,g1
2026-06-03,FABC,0.0,0,catalyst
2026-06-03,ATPC,41.93939203999977,1,
2026-06-04,OSCR,0.0,0,pdr
2026-06-04,DQ,0.0,0,pdr
2026-06-04,RPGL,217.7006121766668,1,
2026-06-05,SSG,0.0,0,pdr
2026-06-05,BMNZ,0.0,0,catalyst
2026-06-05,IREZ,0.0,0,pdr
2026-06-08,BITU,0.0,0,g1
2026-06-08,BTC,0.0,0,pdr
2026-06-08,GSOL,0.0,0,pdr
2026-06-09,KC,0.0,0,pdr
2026-06-09,ADUR,0.0,0,pdr
2026-06-09,EIDO,0.0,0,pdr
2026-06-10,SSG,0.0,0,g1
2026-06-10,OSCR,0.0,0,pdr
2026-06-10,GLL,0.0,0,pdr
2026-06-11,FABC,0.0,0,catalyst
2026-06-11,ORCS,0.0,0,pdr
2026-06-11,UMC,0.0,0,pdr
2026-06-12,FA,0.0,0,pdr
2026-06-12,TENX,0.0,0,pdr
2026-06-12,ENHA,0.0,0,
2026-06-15,BMNR,0.0,0,pdr
2026-06-15,ASST,0.0,0,pdr
2026-06-15,OSS,0.0,0,pdr
2026-06-16,RGTZ,0.0,0,catalyst
2026-06-16,PURR,0.0,0,pdr
2026-06-16,LODE,0.0,0,pdr
2026-06-17,TRLV,0.0,0,pdr
2026-06-17,KOLD,0.0,0,pdr
2026-06-17,BTGO,0.0,0,pdr
2026-06-18,HIMX,0.0,0,pdr
2026-06-18,UMC,0.0,0,pdr
2026-06-18,QCML,0.0,0,pdr
2026-06-22,BSOL,0.0,0,pdr
2026-06-22,SSPC,0.0,0,g1
2026-06-22,MSTX,-8.633063999999598,1,
2026-06-23,TSLZ,0.0,0,pdr
2026-06-23,SRTY,0.0,0,pdr
2026-06-23,TSDD,0.0,0,pdr
2026-06-24,AIBZ,0.0,0,
2026-06-24,STAK,0.0,0,catalyst
2026-06-24,RUN,0.0,0,pdr
2026-06-25,SNDG,-128.97240966904752,1,
2026-06-25,QBTX,0.0,0,catalyst
2026-06-25,AIBZ,0.0,0,catalyst
2026-06-26,TECS,0.0,0,
2026-06-26,MUD,0.0,0,
2026-06-26,SOLT,0.0,0,rs
2026-06-29,IONL,0.0,0,catalyst
2026-06-29,RCAT,0.0,0,pdr
2026-06-29,KOLD,0.0,0,pdr
2026-06-30,GMAB,0.0,0,pdr
2026-06-30,MSTZ,0.0,0,catalyst
2026-06-30,CAST,161.92733753333266,1,
2026-07-01,MQ,0.0,0,pdr
2026-07-01,TALO,0.0,0,pdr
2026-07-01,SSG,0.0,0,pdr
2026-07-02,INFQ,0.0,0,pdr
2026-07-02,NEXA,0.0,0,pdr
2026-07-02,ETHT,0.0,0,pdr
2026-07-06,ELTX,0.0,0,catalyst
2026-07-06,NUAI,-137.25786454521443,1,
2026-07-06,KMEM,0.0,0,g1
2026-07-07,TECS,0.0,0,pdr
2026-07-07,SSG,0.0,0,pdr
2026-07-07,MUD,0.0,0,pdr
2026-07-08,PLTZ,0.0,0,catalyst
2026-07-08,YINN,0.0,0,pdr
2026-07-08,BTCZ,0.0,0,pdr
2026-07-09,AAOG,1.1728800000006103,1,
2026-07-09,PLTZ,0.0,0,pdr
2026-07-09,IQMX,0.0,0,g1
2026-07-10,EQPT,0.0,0,pdr
2026-07-10,ETHU,0.0,0,pdr
2026-07-10,BMNG,0.0,0,pdr
2026-07-13,CODI,0.0,0,pdr
2026-07-13,TTDU,0.0,0,pdr
2026-07-13,SKYQ,115.53391527866626,1,
2026-07-14,PLTD,0.0,0,pdr
2026-07-14,ASPI,0.0,0,pdr
2026-07-14,IONL,-148.7614936999998,1,
2026-07-15,LTRX,0.0,0,pdr
2026-07-15,BABX,0.0,0,pdr
2026-07-15,LPTH,0.0,0,pdr
2026-07-16,BEZ,0.0,0,catalyst
2026-07-16,CRCD,0.0,0,catalyst
2026-07-16,HELP,0.0,0,pdr
2026-07-17,SSG,0.0,0,pdr
2026-07-17,CORD,0.0,0,pdr
2026-07-17,SPCQ,0.0,0,pdr
2026-07-20,KORU,0.0,0,catalyst
2026-07-20,MULL,-23.522587999998905,1,
2026-07-20,RAM,-15.83089399999957,1,
2026-07-21,DLLL,0.0,0,catalyst
2026-07-21,AIBZ,0.0,0,g1
2026-07-21,CRWU,164.13232783999968,1,
2026-07-22,CRCD,0.0,0,
2026-07-22,SKHZ,0.0,0,pdr
2026-07-22,SKDD,0.0,0,
2026-07-23,HYNX,0.0,0,pdr
2026-07-23,SKHX,0.0,0,pdr
2026-07-23,SKHU,0.0,0,pdr
2026-07-24,BYRN,0.0,0,pdr
2026-07-24,NOWL,0.0,0,catalyst
2026-07-27,BMNG,282.04377266666705,1,
2026-07-27,KORU,0.0,0,
2026-07-27,IONL,0.0,0,pdr
2026-07-28,SSG,0.0,0,pdr
2026-07-28,RKLZ,0.0,0,catalyst
2026-07-28,SMCZ,0.0,0,catalyst
2026-07-29,ALMU,0.0,0,pdr
2026-07-29,PTEN,0.0,0,pdr
2026-07-29,VG,0.0,0,pdr
2026-07-30,IONL,397.4138101119996,1,
2026-07-30,IONX,392.50762687942,1,
2026-07-30,NEBX,447.2150869333335,1,
2026-07-31,ATOM,0.0,0,pdr
2026-07-31,EUV,0.0,0,pdr
2026-07-31,ARMG,0.0,0,
2026-08-03,NWL,0.0,0,g1
2026-08-03,CRCD,0.0,0,catalyst
2026-08-03,LITZ,-27.57497866666603,1,
2026-08-04,PPLT,0.0,0,pdr
2026-08-04,SBSW,0.0,0,pdr
2026-08-04,WOLF,0.0,0,catalyst
2026-08-05,SPCQ,0.0,0,
2026-08-05,SKDD,-38.41920133333325,1,
2026-08-05,PPTA,0.0,0,pdr
2026-08-06,FSK,0.0,0,pdr
2026-08-06,RGNX,0.0,0,pdr
2026-08-06,CION,0.0,0,pdr
2026-08-07,NB,0.0,0,pdr
2026-08-07,CWVX,0.0,0,pdr
2026-08-07,USAR,0.0,0,pdr
2026-08-10,AQST,0.0,0,pdr
2026-08-10,LXU,0.0,0,pdr
2026-08-10,BOIL,0.0,0,pdr
2026-08-11,APLX,0.0,0,catalyst
2026-08-11,ACVA,0.0,0,pdr
2026-08-11,SK,0.0,0,pdr
2026-08-12,UMAC,-48.328587999999804,1,
2026-08-12,HELP,0.0,0,pdr
2026-08-12,WVE,0.0,0,g1
2026-08-13,COLL,0.0,0,pdr
2026-08-13,AMBP,0.0,0,pdr
2026-08-13,GDXD,0.0,0,pdr
2026-08-14,IMXI,0.0,0,pdr
2026-08-14,LPL,0.0,0,pdr
2026-08-14,ABX,0.0,0,pdr
2026-08-17,PUSA,0.0,0,pdr
2026-08-17,XPON,0.0,0,pdr
2026-08-17,KORU,0.0,0,pdr
2026-08-18,SSPC,0.0,0,
2026-08-18,CRCD,0.0,0,
2026-08-18,SPCG,0.0,0,
2026-08-19,HL,0.0,0,pdr
2026-08-19,ASM,0.0,0,pdr
2026-08-19,DNA,0.0,0,pdr
2026-08-20,SKHU,0.0,0,pdr
2026-08-20,HYNX,0.0,0,pdr
2026-08-20,SKUU,0.0,0,pdr
2026-08-21,ABUS,0.0,0,pdr
2026-08-21,DFDV,0.0,0,pdr
2026-08-21,XRPZ,0.0,0,g1
2026-08-24,UXRP,0.0,0,pdr
2026-08-24,RAMZ,0.0,0,pdr
2026-08-24,UMC,0.0,0,pdr
2026-08-25,SMCX,140.00499000000022,1,
2026-08-25,NVTS,0.0,0,pdr
2026-08-25,CRWG,0.0,0,pdr
2026-08-26,QBTZ,0.0,0,pdr
2026-08-26,KEP,0.0,0,pdr
2026-08-26,PSNYW,0.0,0,catalyst
2026-08-27,SKHX,0.0,0,pdr
2026-08-27,IREG,-78.54195209333278,1,
2026-08-27,S,0.0,0,pdr
2026-08-28,PALL,0.0,0,pdr
2026-08-28,KLAR,0.0,0,pdr
2026-08-28,NABL,0.0,0,pdr
2026-08-31,WTI,0.0,0,pdr
2026-08-31,BW,0.0,0,pdr
2026-08-31,PFSA,154.75853025000117,1,
2026-09-01,ASTN,0.0,0,pdr
2026-09-01,QBTZ,0.0,0,pdr
2026-09-01,SMST,-107.24834999999976,1,
2026-09-02,BRNX,0.0,0,rs
2026-09-02,SIRI,0.0,0,pdr
2026-09-02,SBSW,0.0,0,pdr
2026-09-03,BMNU,0.0,0,pdr
2026-09-03,CONL,0.0,0,pdr
2026-09-03,MSTX,0.0,0,pdr
2026-09-04,USAR,0.0,0,pdr
2026-09-04,METC,0.0,0,g1
2026-09-04,BTCZ,0.0,0,pdr
