filter,trades_kept,trades_removed,pct_removed,holiday_removed,holiday_total,nonholiday_removed,nonholiday_total,pnl_kept,pnl_removed,maxdd_kept,sharpe_kept,wr_kept,selectivity
BASELINE,636,0,0.0,0,39,0,597,247126.3,0.0,19080.359999999986,4.569079824437184,40.56603773584906,0.0
H1: SPY_vol_ratio >= 0.65,602,34,5.345911949685535,7,39,27,597,255597.31,-8471.009999999998,16753.28,4.673538202513598,41.36212624584717,3.3574660633484164
H1: SPY_vol_ratio >= 0.70,587,49,7.70440251572327,7,39,42,597,251425.43,-4299.129999999998,16753.28,4.7130102535808405,41.396933560477,2.32967032967033
H1: SPY_vol_ratio >= 0.75,552,84,13.20754716981132,7,39,77,597,247193.46000000002,-67.15999999999894,16753.28,4.60451997829721,41.84782608695652,1.358974358974359
H1: SPY_vol_ratio >= 0.80,524,112,17.61006289308176,7,39,105,597,222966.28999999998,24160.010000000006,16753.28,4.195335444040925,41.79389312977099,1.0192307692307692
H1: SPY_vol_ratio >= 0.85,463,173,27.20125786163522,10,39,163,597,209974.39,37151.909999999996,15925.779999999999,4.603603233926755,42.33261339092873,0.9426411738550466
H2: breakout_vol_ratio >= 1.5,247,389,61.16352201257862,27,39,362,597,139424.48,107701.82,7341.0,4.184536913773987,46.963562753036435,1.1318963812537077
H2: breakout_vol_ratio >= 2.0,193,443,69.65408805031447,31,39,412,597,114378.07,132748.22999999998,6973.0,3.557481862072632,47.66839378238342,1.1411703420732766
H2: breakout_vol_ratio >= 2.5,165,471,74.05660377358491,34,39,437,597,111860.48,135265.81999999998,4929.690000000002,3.484788461367631,49.696969696969695,1.1772007186019924
H2: breakout_vol_ratio >= 3.0,128,508,79.87421383647799,36,39,472,597,92444.80000000002,154681.5,4794.980000000003,3.0987304824346062,50.78125,1.155663234403392
H2: breakout_vol_ratio >= 3.5,104,532,83.64779874213836,36,39,496,597,69840.82,177285.47999999998,4794.98,2.831082263895507,50.0,1.103528050896472
H3: avg_pole_volume >= 500,635,1,0.15723270440251574,0,39,1,597,244996.3,2130.0,19080.359999999986,4.516110026266134,40.47244094488189,0.0
H3: avg_pole_volume >= 1000,613,23,3.6163522012578615,1,39,22,597,223855.47,23270.83,18244.969999999972,4.106689863074328,39.9673735725938,0.7090301003344481
H3: avg_pole_volume >= 2000,505,131,20.59748427672956,5,39,126,597,168109.89,79016.41,16195.73,3.0425865845505933,38.613861386138616,0.6224310041103933
H3: avg_pole_volume >= 3000,432,204,32.075471698113205,12,39,192,597,144981.24,102145.06,19105.089999999967,2.7753143878376427,38.657407407407405,0.9592760180995477
H3: avg_pole_volume >= 5000,321,315,49.528301886792455,20,39,295,597,87458.93,159667.37,15599.090000000011,2.3108181159426193,36.7601246105919,1.0354090354090353
H5: SPY>=0.70 OR bv>=2.0,599,37,5.817610062893082,5,39,32,597,255754.06,-8627.76,12753.649999999994,4.873381272435161,41.56928213689483,2.2037422037422036
H5: SPY>=0.70 OR bv>=2.5,596,40,6.289308176100629,6,39,34,597,252854.43,-5728.129999999998,17753.28,4.792638288845269,41.61073825503356,2.446153846153846
H5: SPY>=0.70 OR bv>=3.0,594,42,6.60377358490566,7,39,35,597,254454.43,-7328.129999999999,16753.28,4.812390466006834,41.75084175084175,2.717948717948718
H5: SPY>=0.75 OR bv>=2.0,573,63,9.90566037735849,5,39,58,597,255940.22000000003,-8813.92,12753.649999999994,4.966818251452878,42.23385689354276,1.294261294261294
H5: SPY>=0.75 OR bv>=2.5,569,67,10.534591194968554,6,39,61,597,252040.59,-4914.29,17753.28,4.809159469132101,42.1792618629174,1.460390355912744
H5: SPY>=0.75 OR bv>=3.0,566,70,11.0062893081761,7,39,63,597,249635.59000000003,-2509.29,16753.28,4.683651805253529,42.226148409893995,1.6307692307692307
H5: SPY>=0.80 OR bv>=2.0,557,79,12.421383647798741,5,39,74,597,256919.53,-9793.23,12753.649999999994,4.762297470694806,42.72890484739677,1.0321324245374879
H5: SPY>=0.80 OR bv>=2.5,551,85,13.364779874213836,6,39,79,597,252139.9,-5013.600000000001,17753.28,4.617485941789831,42.6497277676951,1.1511312217194571
H5: SPY>=0.80 OR bv>=3.0,546,90,14.150943396226415,7,39,83,597,246697.4,428.90000000000146,16753.28,4.502672189342396,42.49084249084249,1.2683760683760683
H5: SPY>=0.70 AND bv>=2.0,181,455,71.54088050314465,33,39,422,597,110049.44,137076.86,8881.440000000002,3.3030598772974624,47.51381215469613,1.182755705832629
H5: SPY>=0.70 AND bv>=2.5,156,480,75.47169811320755,35,39,445,597,110431.48,136694.82,4794.980000000003,3.384782670886125,49.358974358974365,1.189102564102564
H5: SPY>=0.70 AND bv>=3.0,121,515,80.9748427672956,36,39,479,597,89415.8,157710.5,4794.980000000003,2.93172909306584,49.586776859504134,1.1399551904406273
H5: SPY>=0.75 AND bv>=2.0,172,464,72.95597484276729,33,39,431,597,105631.31,141494.99,8881.440000000002,3.1055611370000222,47.093023255813954,1.1598143236074272
H5: SPY>=0.75 AND bv>=2.5,148,488,76.72955974842768,35,39,453,597,107013.35,140112.94999999998,4794.980000000003,3.1940111634820982,49.32432432432432,1.169609079445145
H5: SPY>=0.75 AND bv>=3.0,114,522,82.0754716981132,36,39,486,597,90002.67,157123.63,4794.980000000003,2.9109573583417614,50.0,1.1246684350132625
H5: SPY>=0.80 AND bv>=2.0,160,476,74.84276729559748,33,39,443,597,80424.83,166701.47,8881.440000000002,2.5250843854261746,45.625,1.1305753070458953
H5: SPY>=0.80 AND bv>=2.5,138,498,78.30188679245283,35,39,463,597,82686.87000000001,164439.43,5331.82,2.6429706784301645,47.82608695652174,1.146122953351869
H5: SPY>=0.80 AND bv>=3.0,106,530,83.33333333333334,36,39,494,597,68713.69,178412.61,4794.980000000003,2.6181258825371683,49.056603773584904,1.1076923076923075
